date,rate
1995-07-11,81.5
1995-07-12,82.0
1995-07-13,81.5
1995-07-14,82.5
1995-07-17,83.5
1995-07-18,83.5
1995-07-19,82.0
1995-07-20,82.0
1995-07-21,82.5
1995-07-25,83.0
1995-07-26,83.0
1995-07-27,84.3
1995-07-28,84.5
1995-07-31,83.5
1995-08-01,83.8
1995-08-02,83.8
1995-08-03,83.8
1995-08-04,83.8
1995-08-07,84.0
1995-08-08,84.0
1995-08-09,83.5
1995-08-10,83.0
1995-08-14,84.1
1995-08-15,84.1
1995-08-16,83.0
1995-08-17,84.2
1995-08-18,84.6
1995-08-21,84.3
1995-08-22,84.8
1995-08-23,84.4
1995-08-24,84.5
1995-08-25,85.0
1995-08-29,84.5
1995-08-30,84.6
1995-08-31,84.8
1995-09-01,84.8
1995-09-04,84.5
1995-09-05,85.5
1995-09-06,85.5
1995-09-07,85.0
1995-09-08,85.0
1995-09-11,84.8
1995-09-12,84.6
1995-09-13,84.6
1995-09-14,84.5
1995-09-15,84.4
1995-09-18,84.6
1995-09-19,84.0
1995-09-20,85.0
1995-09-21,83.5
1995-09-22,83.5
1995-09-25,83.0
1995-09-26,83.0
1995-09-27,83.5
1995-09-28,83.5
1995-09-29,83.2
1995-10-03,83.5
1995-10-04,84.4
1995-10-05,83.0
1995-10-06,84.0
1995-10-09,82.5
1995-10-10,82.5
1995-10-11,84.0
1995-10-12,84.0
1995-10-13,84.1
1995-10-16,84.0
1995-10-18,84.7
1995-10-19,84.8
1995-10-20,84.7
1995-10-23,84.8
1995-10-24,84.7
1995-10-25,84.7
1995-10-26,84.7
1995-10-27,85.5
1995-10-30,85.5
1995-10-31,86.0
1995-11-01,85.0
1995-11-02,87.0
1995-11-03,85.5
1995-11-06,87.0
1995-11-07,87.0
1995-11-08,87.0
1995-11-09,87.0
1995-11-10,86.0
1995-11-13,87.5
1995-11-15,88.5
1995-11-16,88.5
1995-11-17,88.0
1995-11-20,88.0
1995-11-21,86.5
1995-11-24,86.0
1995-11-27,85.0
1995-11-28,87.0
1995-11-29,85.5
1995-11-30,86.0
1995-12-01,84.0
1995-12-04,84.15
1995-12-05,84.0
1995-12-06,84.0
1995-12-07,83.0
1995-12-08,83.0
1995-12-11,83.0
1995-12-12,83.0
1995-12-13,83.0
1995-12-14,82.0
1995-12-15,82.0
1995-12-18,82.0
1995-12-19,83.0
1995-12-20,83.0
1995-12-21,83.0
1995-12-27,83.0
1995-12-28,83.5
1996-01-03,84.0
1996-01-04,82.0
1996-01-05,82.0
1996-01-08,82.0
1996-01-09,83.5
1996-01-10,83.5
1996-01-11,83.5
1996-01-12,83.5
1996-01-15,83.8
1996-01-16,83.0
1996-01-17,84.0
1996-01-18,83.0
1996-01-19,84.0
1996-01-22,83.8
1996-01-23,83.0
1996-01-24,84.0
1996-01-25,84.5
1996-01-26,84.5
1996-01-29,84.5
1996-01-30,84.0
1996-01-31,83.5
1996-02-01,83.5
1996-02-02,83.0
1996-02-06,84.0
1996-02-07,83.5
1996-02-08,83.5
1996-02-09,84.0
1996-02-12,84.0
1996-02-13,84.0
1996-02-14,84.0
1996-02-15,83.75
1996-02-16,82.5
1996-02-20,82.5
1996-02-21,83.0
1996-02-22,84.0
1996-02-23,82.0
1996-02-26,83.0
1996-02-27,81.0
1996-02-28,81.5
1996-02-29,82.0
1996-03-01,83.0
1996-03-04,83.5
1996-03-05,83.3
1996-03-06,82.8
1996-03-07,82.84
1996-03-08,82.0
1996-03-11,82.86
1996-03-12,83.21
1996-03-13,83.41
1996-03-14,83.39
1996-03-15,83.8
1996-03-18,83.31
1996-03-19,83.19
1996-03-20,83.19
1996-03-21,83.05
1996-03-22,83.25
1996-03-25,83.09
1996-03-26,83.091
1996-03-27,83.091
1996-03-28,82.85
1996-03-29,82.85
1996-04-01,82.89
1996-04-02,83.0
1996-04-03,83.15
1996-04-04,83.15
1996-04-10,83.14
1996-04-11,83.14
1996-04-12,83.25
1996-04-15,82.5
1996-04-16,83.37
1996-04-17,83.36
1996-04-18,83.36
1996-04-19,83.36
1996-04-22,83.36
1996-04-23,83.36
1996-04-24,82.91
1996-04-25,82.91
1996-04-26,82.75
1996-04-29,82.75
1996-04-30,82.7
1996-05-01,82.7
1996-05-02,82.55
1996-05-03,82.7
1996-05-06,82.7
1996-05-07,82.5
1996-05-08,82.336
1996-05-09,82.39
1996-05-10,82.22
1996-05-13,82.36
1996-05-14,83.0
1996-05-15,82.2
1996-05-16,82.0
1996-05-17,82.35
1996-05-20,82.24
1996-05-21,82.1
1996-05-22,81.98
1996-05-23,82.1
1996-05-24,81.98
1996-05-27,82.5
1996-05-28,81.95
1996-05-29,81.87
1996-05-30,81.87
1996-05-31,81.76
1996-06-03,81.66
1996-06-04,81.66
1996-06-05,81.38
1996-06-06,81.34
1996-06-07,81.4
1996-06-10,81.4
1996-06-11,81.36
1996-06-12,81.36
1996-06-13,81.38
1996-06-14,81.62
1996-06-17,81.62
1996-06-18,80.34
1996-06-19,80.14
1996-06-20,80.24
1996-06-21,80.5
1996-06-24,80.5
1996-06-25,80.34
1996-06-26,80.26
1996-06-27,80.26
1996-06-28,80.1
1996-07-01,80.24
1996-07-02,80.26
1996-07-03,80.14
1996-07-04,80.26
1996-07-05,80.36
1996-07-08,80.26
1996-07-09,80.24
1996-07-10,80.2
1996-07-11,80.28
1996-07-12,80.158
1996-07-15,80.078
1996-07-16,80.2
1996-07-17,80.118
1996-07-18,80.238
1996-07-19,80.22
1996-07-22,80.158
1996-07-23,80.158
1996-07-24,80.138
1996-07-25,80.178
1996-07-26,80.118
1996-07-29,80.118
1996-07-30,80.258
1996-07-31,80.19
1996-08-01,80.3
1996-08-02,80.595
1996-08-05,80.595
1996-08-06,80.238
1996-08-07,79.5
1996-08-08,79.54
1996-08-09,79.5
1996-08-12,79.44
1996-08-13,79.36
1996-08-14,79.46
1996-08-15,79.5
1996-08-16,79.3
1996-08-19,79.3
1996-08-20,79.3
1996-08-21,79.38
1996-08-22,79.26
1996-08-23,79.202
1996-08-26,79.182
1996-08-27,79.222
1996-08-28,79.222
1996-08-29,79.222
1996-08-30,79.222
1996-09-02,79.222
1996-09-03,79.222
1996-09-04,79.8
1996-09-05,79.6
1996-09-06,79.25
1996-09-09,79.25
1996-09-10,79.25
1996-09-11,79.8
1996-09-12,79.9
1996-09-13,79.95
1996-09-16,79.282
1996-09-17,79.482
1996-09-18,79.222
1996-09-19,79.482
1996-09-20,79.502
1996-09-23,79.582
1996-09-24,79.472
1996-09-25,79.462
1996-09-26,79.482
1996-09-27,79.582
1996-09-30,79.542
1996-10-01,79.542
1996-10-02,79.402
1996-10-03,79.442
1996-10-04,79.442
1996-10-07,79.442
1996-10-08,79.442
1996-10-09,79.422
1996-10-10,79.482
1996-10-11,79.262
1996-10-14,79.502
1996-10-15,79.522
1996-10-16,79.462
1996-10-17,79.442
1996-10-18,79.492
1996-10-21,79.522
1996-10-22,79.522
1996-10-23,79.4
1996-10-24,79.7
1996-10-25,79.15
1996-10-28,79.9
1996-10-29,79.522
1996-10-30,79.362
1996-10-31,79.562
1996-11-01,79.25
1996-11-04,79.4
1996-11-05,79.532
1996-11-06,79.532
1996-11-07,79.8
1996-11-08,79.6
1996-11-11,79.522
1996-11-12,79.462
1996-11-13,79.522
1996-11-14,79.502
1996-11-15,79.8
1996-11-18,79.482
1996-11-19,79.8
1996-11-20,79.402
1996-11-21,79.482
1996-11-22,79.422
1996-11-25,79.5
1996-11-26,79.382
1996-11-27,79.382
1996-11-28,79.382
1996-11-29,79.442
1996-12-02,79.242
1996-12-03,79.422
1996-12-04,79.322
1996-12-05,79.402
1996-12-06,79.362
1996-12-09,79.282
1996-12-10,79.322
1996-12-11,79.342
1996-12-12,79.422
1996-12-13,79.422
1996-12-16,79.242
1996-12-17,79.302
1996-12-18,79.322
1996-12-19,79.242
1996-12-20,79.22
1996-12-23,78.52
1996-12-24,78.22
1996-12-25,78.22
1996-12-26,78.22
1996-12-27,78.0
1996-12-30,77.76
1996-12-31,74.36
1997-01-02,75.5
1997-01-03,73.1
1997-01-06,75.76
1997-01-07,74.3
1997-01-08,75.16
1997-01-09,75.0
1997-01-10,76.24
1997-01-13,76.6
1997-01-14,76.94
1997-01-15,77.14
1997-01-16,77.2
1997-01-17,77.5
1997-01-20,77.7
1997-01-21,78.5
1997-01-22,79.28
1997-01-23,79.0
1997-01-24,79.08
1997-01-27,79.34
1997-01-28,79.7
1997-01-29,79.74
1997-01-30,79.54
1997-01-31,79.6
1997-02-03,79.54
1997-02-04,79.54
1997-02-05,79.54
1997-02-06,79.8
1997-02-07,79.8
1997-02-10,79.8
1997-02-11,79.68
1997-02-12,79.8
1997-02-13,79.62
1997-02-14,79.62
1997-02-17,79.64
1997-02-18,79.68
1997-02-19,80.0
1997-02-20,79.44
1997-02-21,79.44
1997-02-24,79.44
1997-02-25,79.34
1997-02-26,79.34
1997-02-27,79.34
1997-02-28,79.3
1997-03-03,79.34
1997-03-04,79.5
1997-03-05,79.24
1997-03-06,79.24
1997-03-07,79.8
1997-03-10,79.24
1997-03-11,79.24
1997-03-12,79.36
1997-03-13,84.1
1997-03-14,85.0
1997-03-17,84.092
1997-03-18,84.092
1997-03-19,84.092
1997-03-20,84.092
1997-03-21,84.2
1997-03-24,84.24
1997-03-25,84.8
1997-03-26,84.24
1997-03-27,85.15
1997-03-28,85.15
1997-03-31,84.95
1997-04-01,84.95
1997-04-02,84.95
1997-04-03,84.95
1997-04-04,84.95
1997-04-07,84.95
1997-04-08,84.95
1997-04-09,84.95
1997-04-10,84.95
1997-04-11,84.66
1997-04-14,84.66
1997-04-15,84.66
1997-04-16,84.66
1997-04-17,84.66
1997-04-18,84.66
1997-04-21,84.66
1997-04-22,84.72
1997-04-23,84.72
1997-04-24,84.72
1997-04-25,84.72
1997-04-28,84.72
1997-04-29,84.5
1997-04-30,84.8
1997-05-01,84.8
1997-05-02,85.05
1997-05-05,84.44
1997-05-06,84.48
1997-05-07,84.48
1997-05-08,84.8
1997-05-09,84.48
1997-05-12,84.48
1997-05-13,84.46
1997-05-14,84.46
1997-05-15,84.46
1997-05-16,84.48
1997-05-19,85.2
1997-05-20,84.55
1997-05-21,85.0
1997-05-22,84.55
1997-05-23,84.96
1997-05-26,84.8
1997-05-27,84.48
1997-05-28,84.56
1997-05-29,84.54
1997-05-30,84.52
1997-06-02,84.34
1997-06-03,85.0
1997-06-04,84.42
1997-06-05,84.48
1997-06-06,84.52
1997-06-09,84.52
1997-06-10,84.56
1997-06-11,84.9
1997-06-12,84.38
1997-06-13,84.44
1997-06-16,84.42
1997-06-17,84.38
1997-06-18,84.38
1997-06-19,84.4
1997-06-20,84.4
1997-06-23,84.38
1997-06-24,84.38
1997-06-25,84.38
1997-06-26,84.38
1997-06-27,84.32
1997-06-30,84.34
1997-07-01,84.38
1997-07-02,84.2
1997-07-03,83.88
1997-07-04,83.8
1997-07-07,83.8
1997-07-08,83.9
1997-07-09,83.9
1997-07-10,83.5
1997-07-11,83.3
1997-07-14,83.2
1997-07-15,83.06
1997-07-16,83.06
1997-07-17,83.0
1997-07-18,82.76
1997-07-21,82.74
1997-07-22,82.54
1997-07-23,82.56
1997-07-24,82.56
1997-07-25,82.48
1997-07-28,82.48
1997-07-29,82.46
1997-07-30,82.34
1997-07-31,82.3
1997-08-01,82.48
1997-08-04,82.26
1997-08-05,82.4
1997-08-06,82.4
1997-08-07,82.8
1997-08-08,82.26
1997-08-11,82.2
1997-08-12,82.12
1997-08-13,81.56
1997-08-14,81.44
1997-08-15,81.85
1997-08-18,81.36
1997-08-19,81.34
1997-08-20,81.32
1997-08-21,81.36
1997-08-22,81.38
1997-08-25,81.42
1997-08-26,81.38
1997-08-27,81.4
1997-08-28,81.38
1997-08-29,80.15
1997-09-01,81.5
1997-09-02,81.5
1997-09-03,81.574
1997-09-04,81.57
1997-09-05,81.79
1997-09-08,81.24
1997-09-09,81.49
1997-09-10,81.25
1997-09-11,81.2
1997-09-12,81.2
1997-09-15,81.1
1997-09-16,81.16
1997-09-17,81.3
1997-09-18,81.35
1997-09-19,81.2
1997-09-22,81.2
1997-09-23,81.2
1997-09-24,81.4
1997-09-25,81.48
1997-09-26,81.68
1997-09-29,81.59
1997-09-30,81.53
1997-10-01,81.53
1997-10-02,81.6
1997-10-03,82.0
1997-10-06,81.52
1997-10-07,81.5
1997-10-08,81.48
1997-10-09,81.46
1997-10-10,81.49
1997-10-13,81.5
1997-10-14,81.48
1997-10-15,81.55
1997-10-16,81.53
1997-10-17,81.57
1997-10-20,81.57
1997-10-21,81.6
1997-10-22,81.63
1997-10-23,81.61
1997-10-24,81.93
1997-10-27,81.54
1997-10-28,81.63
1997-10-29,81.61
1997-10-30,81.61
1997-10-31,81.61
1997-11-03,81.71
1997-11-04,81.71
1997-11-05,79.64
1997-11-06,79.64
1997-11-07,80.02
1997-11-10,79.54
1997-11-11,79.53
1997-11-12,79.55
1997-11-13,79.55
1997-11-14,79.53
1997-11-17,79.56
1997-11-18,79.26
1997-11-19,78.22
1997-11-20,78.4
1997-11-21,78.32
1997-11-24,78.04
1997-11-25,77.1
1997-11-26,77.88
1997-11-27,78.16
1997-11-28,77.9
1997-12-01,78.0
1997-12-02,77.7
1997-12-03,77.14
1997-12-04,77.2
1997-12-05,77.12
1997-12-08,77.0
1997-12-09,76.78
1997-12-10,76.0
1997-12-11,75.85
1997-12-12,75.72
1997-12-15,75.88
1997-12-16,75.7
1997-12-17,75.44
1997-12-18,75.37
1997-12-19,75.5
1997-12-22,75.02
1997-12-23,74.71
1997-12-24,74.8
1997-12-25,74.8
1997-12-26,74.425
1997-12-29,74.499
1997-12-30,74.785
1997-12-31,75.205
1998-01-02,75.67
1998-01-05,75.5
1998-01-06,75.385
1998-01-07,74.75
1998-01-08,74.77
1998-01-09,75.5
1998-01-12,75.12
1998-01-13,75.18
1998-01-14,75.22
1998-01-15,75.0
1998-01-16,75.58
1998-01-19,75.61
1998-01-20,75.61
1998-01-21,80.46
1998-01-22,80.266
1998-01-23,81.05
1998-01-26,80.5
1998-01-27,80.74
1998-01-28,80.74
1998-01-29,80.74
1998-01-30,80.76
1998-02-02,84.0
1998-02-03,81.48
1998-02-04,81.88
1998-02-05,82.04
1998-02-06,82.3
1998-02-09,82.3
1998-02-10,82.9
1998-02-11,83.4
1998-02-12,83.5
1998-02-13,83.68
1998-02-16,83.4
1998-02-17,83.5
1998-02-18,83.78
1998-02-19,83.73
1998-02-20,83.84
1998-02-23,83.84
1998-02-24,83.94
1998-02-25,83.867
1998-02-26,83.96
1998-02-27,84.4
1998-03-02,84.4
1998-03-03,84.4
1998-03-04,84.2
1998-03-05,84.16
1998-03-06,84.16
1998-03-09,84.14
1998-03-10,84.0
1998-03-11,84.1
1998-03-12,84.1
1998-03-13,84.5
1998-03-16,84.6
1998-03-17,84.14
1998-03-18,84.0
1998-03-19,84.3
1998-03-20,84.3
1998-03-23,84.5
1998-03-24,84.0
1998-03-25,84.45
1998-03-26,85.0
1998-03-27,84.7
1998-03-30,84.58
1998-03-31,85.4
1998-04-01,84.46
1998-04-02,84.7
1998-04-03,85.5
1998-04-06,84.66
1998-04-07,84.66
1998-04-08,84.66
1998-04-09,84.44
1998-04-10,84.44
1998-04-13,84.44
1998-04-14,84.6
1998-04-15,84.56
1998-04-16,84.54
1998-04-17,84.44
1998-04-20,84.58
1998-04-21,84.58
1998-04-22,84.68
1998-04-23,84.6
1998-04-24,84.64
1998-04-27,84.66
1998-04-28,84.88
1998-04-29,84.9
1998-04-30,84.76
1998-05-04,85.06
1998-05-05,85.0
1998-05-06,85.18
1998-05-07,85.72
1998-05-08,85.8
1998-05-11,85.42
1998-05-12,85.58
1998-05-13,85.58
1998-05-14,85.64
1998-05-15,87.3
1998-05-18,86.8
1998-05-19,86.58
1998-05-20,86.42
1998-05-21,87.5
1998-05-22,87.12
1998-05-25,87.46
1998-05-26,87.56
1998-05-27,88.34
1998-05-28,88.68
1998-05-29,88.96
1998-06-01,92.0
1998-06-02,89.82
1998-06-03,89.82
1998-06-04,89.82
1998-06-05,90.4
1998-06-08,90.7
1998-06-09,90.5
1998-06-10,89.4
1998-06-11,88.32
1998-06-12,87.42
1998-06-15,86.0
1998-06-16,85.56
1998-06-17,85.56
1998-06-18,85.94
1998-06-19,86.0
1998-06-22,85.98
1998-06-23,85.86
1998-06-24,85.88
1998-06-25,86.14
1998-06-26,86.16
1998-06-29,85.94
1998-06-30,85.94
1998-07-01,85.34
1998-07-02,85.34
1998-07-03,85.4
1998-07-06,85.4
1998-07-07,85.2
1998-07-08,85.32
1998-07-09,85.22
1998-07-10,85.76
1998-07-13,85.8
1998-07-14,85.98
1998-07-15,85.48
1998-07-16,85.66
1998-07-17,85.22
1998-07-20,85.38
1998-07-21,85.5
1998-07-22,85.48
1998-07-23,85.48
1998-07-24,85.7
1998-07-27,85.64
1998-07-28,85.58
1998-07-29,85.64
1998-07-30,85.74
1998-07-31,85.7
1998-08-03,85.4
1998-08-04,85.68
1998-08-05,85.4
1998-08-06,86.1
1998-08-07,86.6
1998-08-10,86.23
1998-08-11,86.23
1998-08-12,86.19
1998-08-13,86.32
1998-08-14,86.18
1998-08-17,86.08
1998-08-18,86.24
1998-08-19,86.34
1998-08-20,86.3
1998-08-21,86.62
1998-08-24,87.24
1998-08-25,87.6
1998-08-26,88.54
1998-08-27,88.68
1998-08-28,88.94
1998-08-31,89.26
1998-09-01,89.3
1998-09-02,89.5
1998-09-03,90.12
1998-09-04,91.0
1998-09-07,92.8
1998-09-08,93.3
1998-09-09,91.5
1998-09-10,91.3
1998-09-11,88.0
1998-09-14,88.0
1998-09-15,94.0
1998-09-16,87.5
1998-09-17,88.0
1998-09-18,88.0
1998-09-21,90.0
1998-09-22,90.0
1998-09-23,86.0
1998-09-24,90.0
1998-09-25,90.0
1998-09-28,90.0
1998-09-29,85.9
1998-09-30,89.5
1998-10-01,89.5
1998-10-02,86.0
1998-10-05,89.0
1998-10-06,86.0
1998-10-07,90.0
1998-10-08,90.5
1998-10-09,90.8
1998-10-12,90.7
1998-10-13,91.0
1998-10-14,91.0
1998-10-15,91.5
1998-10-16,91.8
1998-10-19,91.5
1998-10-20,91.6
1998-10-21,91.8
1998-10-22,91.8
1998-10-23,91.5
1998-10-26,91.0
1998-10-27,86.5
1998-10-28,91.0
1998-10-29,90.0
1998-10-30,89.0
1998-11-02,89.0
1998-11-03,89.0
1998-11-04,89.0
1998-11-05,89.0
1998-11-06,89.0
1998-11-09,86.0
1998-11-10,89.0
1998-11-11,90.0
1998-11-12,85.8
1998-11-13,89.0
1998-11-16,89.0
1998-11-17,89.0
1998-11-18,90.0
1998-11-19,90.0
1998-11-20,90.0
1998-11-23,90.0
1998-11-24,90.0
1998-11-25,89.0
1998-11-26,89.0
1998-11-27,90.0
1998-11-30,90.2
1998-12-01,89.5
1998-12-02,89.0
1998-12-03,88.5
1998-12-04,85.7
1998-12-07,85.4
1998-12-08,85.4
1998-12-09,88.5
1998-12-10,85.6
1998-12-11,85.9
1998-12-14,88.0
1998-12-15,88.5
1998-12-16,88.0
1998-12-17,85.0
1998-12-18,87.0
1998-12-21,88.0
1998-12-22,89.5
1998-12-23,91.0
1998-12-24,91.5
1998-12-25,91.5
1998-12-28,88.6
1998-12-29,88.0
1998-12-30,92.5
1998-12-31,91.5
1999-01-04,90.0
1999-01-05,90.8
1999-01-06,92.0
1999-01-07,91.0
1999-01-08,96.75
1999-01-11,92.0
1999-01-12,94.5
1999-01-13,92.0
1999-01-14,94.5
1999-01-15,90.9
1999-01-18,95.0
1999-01-19,95.0
1999-01-20,90.5
1999-01-21,95.0
1999-01-22,94.0
1999-01-25,85.5
1999-01-26,94.5
1999-01-27,86.5
1999-01-28,94.5
1999-01-29,87.3
1999-02-01,94.3
1999-02-02,86.5
1999-02-03,90.0
1999-02-04,86.7
1999-02-05,86.6
1999-02-08,91.0
1999-02-09,86.9
1999-02-10,91.0
1999-02-11,92.0
1999-02-12,86.7
1999-02-15,87.7
1999-02-16,87.8
1999-02-17,92.0
1999-02-18,87.0
1999-02-19,87.5
1999-02-22,87.2
1999-02-23,87.2
1999-02-24,87.2
1999-02-25,92.0
1999-02-26,86.5
1999-03-01,86.8
1999-03-02,87.3
1999-03-03,86.6
1999-03-04,87.5
1999-03-05,87.8
1999-03-08,87.6
1999-03-09,87.3
1999-03-10,87.3
1999-03-11,87.5
1999-03-12,87.5
1999-03-15,86.81
1999-03-16,86.76
1999-03-17,86.74
1999-03-18,87.53
1999-03-19,88.64
1999-03-22,88.34
1999-03-23,88.34
1999-03-24,88.34
1999-03-25,91.14
1999-03-26,91.14
1999-03-29,92.5
1999-03-30,93.17
1999-03-31,93.17
1999-04-01,92.48
1999-04-02,91.2
1999-04-05,91.2
1999-04-06,92.3
1999-04-07,92.3
1999-04-08,92.3
1999-04-09,91.5
1999-04-12,92.12
1999-04-13,92.22
1999-04-14,92.5
1999-04-15,92.4
1999-04-16,92.88
1999-04-19,92.92
1999-04-20,93.41
1999-04-21,93.08
1999-04-22,93.34
1999-04-23,93.8
1999-04-26,93.78
1999-04-27,94.09
1999-04-28,94.06
1999-04-29,93.2
1999-04-30,94.02
1999-05-03,94.08
1999-05-04,93.7
1999-05-05,95.72
1999-05-06,96.53
1999-05-07,98.5
1999-05-10,99.47
1999-05-11,100.17
1999-05-12,101.92
1999-05-13,101.92
1999-05-14,105.88
1999-05-17,105.3
1999-05-18,105.82
1999-05-19,106.8
1999-05-20,106.7
1999-05-21,105.32
1999-05-24,105.82
1999-05-25,100.5
1999-05-26,98.69
1999-05-27,98.69
1999-05-28,99.19
1999-05-31,96.39
1999-06-01,98.43
1999-06-02,97.46
1999-06-03,98.0
1999-06-04,97.62
1999-06-07,98.5
1999-06-08,98.13
1999-06-09,98.33
1999-06-10,97.57
1999-06-11,97.35
1999-06-14,97.2
1999-06-15,96.29
1999-06-16,98.09
1999-06-17,98.28
1999-06-18,98.45
1999-06-21,98.53
1999-06-22,98.81
1999-06-23,100.5
1999-06-24,100.5
1999-06-25,101.21
1999-06-28,100.68
1999-06-29,100.04
1999-06-30,99.53
1999-07-01,101.01
1999-07-02,101.44
1999-07-05,101.61
1999-07-06,101.22
1999-07-07,101.3
1999-07-08,101.3
1999-07-09,101.55
1999-07-12,101.33
1999-07-13,101.2
1999-07-14,101.23
1999-07-15,101.35
1999-07-16,101.35
1999-07-19,101.2
1999-07-20,101.11
1999-07-22,100.7
1999-07-23,101.44
1999-07-26,100.66
1999-07-27,100.34
1999-07-28,99.82
1999-07-29,99.6
1999-07-30,99.4
1999-08-02,99.7
1999-08-03,100.18
1999-08-04,100.0
1999-08-05,99.68
1999-08-06,100.16
1999-08-09,99.07
1999-08-10,99.3
1999-08-11,98.6
1999-08-12,98.5
1999-08-13,97.94
1999-08-16,98.0
1999-08-17,98.5
1999-08-18,97.38
1999-08-19,97.46
1999-08-20,97.83
1999-08-23,96.38
1999-08-24,97.77
1999-08-25,97.98
1999-08-26,97.96
1999-08-27,98.39
1999-08-30,98.2
1999-08-31,97.99
1999-09-01,97.97
1999-09-02,97.89
1999-09-03,97.5
1999-09-06,97.0
1999-09-07,97.0
1999-09-08,96.54
1999-09-09,96.52
1999-09-10,95.62
1999-09-13,95.82
1999-09-14,95.5
1999-09-15,95.0
1999-09-16,94.77
1999-09-17,94.77
1999-09-20,94.35
1999-09-21,93.5
1999-09-22,93.78
1999-09-23,94.12
1999-09-24,94.0
1999-09-27,95.0
1999-09-28,94.77
1999-09-29,94.82
1999-09-30,94.8
1999-10-01,94.8
1999-10-04,94.9
1999-10-05,94.93
1999-10-06,95.0
1999-10-07,94.94
1999-10-08,94.54
1999-10-11,94.69
1999-10-12,94.5
1999-10-13,94.67
1999-10-14,95.17
1999-10-15,95.51
1999-10-18,96.0
1999-10-19,95.43
1999-10-20,95.49
1999-10-21,95.4
1999-10-22,95.0
1999-10-25,95.01
1999-10-26,94.66
1999-10-27,94.5
1999-10-28,94.82
1999-10-29,95.25
1999-11-01,95.1
1999-11-02,94.9
1999-11-03,95.06
1999-11-04,95.09
1999-11-05,95.7
1999-11-08,95.5
1999-11-09,95.7
1999-11-10,95.71
1999-11-11,96.8
1999-11-12,96.7
1999-11-15,96.2
1999-11-16,96.1
1999-11-17,96.2
1999-11-18,96.2
1999-11-19,96.7
1999-11-22,96.2
1999-11-23,96.5
1999-11-24,97.1
1999-11-25,97.2
1999-11-26,97.4
1999-11-29,97.0
1999-11-30,96.8
1999-12-01,96.9
1999-12-02,96.9
1999-12-03,97.2
1999-12-06,97.0
1999-12-07,97.2
1999-12-08,97.15
1999-12-09,96.85
1999-12-10,97.1
1999-12-13,97.4
1999-12-14,97.2
1999-12-15,97.3
1999-12-16,97.7
1999-12-17,97.83
1999-12-20,97.45
1999-12-21,97.45
1999-12-22,97.5
1999-12-23,97.5
1999-12-24,97.7
1999-12-27,97.8
1999-12-28,97.8
1999-12-29,98.8
1999-12-30,99.3
1999-12-31,99.4
2000-01-03,99.5
2000-01-04,99.5
2000-01-05,99.8
2000-01-06,99.8
2000-01-07,99.8
2000-01-10,99.8
2000-01-11,98.7
2000-01-12,98.8
2000-01-13,98.2
2000-01-14,98.4
2000-01-17,98.0
2000-01-18,98.2
2000-01-19,98.6
2000-01-20,98.5
2000-01-21,98.6
2000-01-24,98.6
2000-01-25,98.5
2000-01-26,99.0
2000-01-27,98.9
2000-01-28,99.1
2000-01-31,99.1
2000-02-01,99.0
2000-02-02,100.1
2000-02-03,99.7
2000-02-04,100.0
2000-02-07,100.0
2000-02-08,100.8
2000-02-09,100.95
2000-02-10,101.5
2000-02-11,101.5
2000-02-14,101.5
2000-02-15,99.7
2000-02-16,99.7
2000-02-17,101.7
2000-02-18,101.5
2000-02-21,99.7
2000-02-22,99.7
2000-02-23,99.9
2000-02-24,101.7
2000-02-25,99.9
2000-02-28,100.0
2000-02-29,101.6
2000-03-01,102.0
2000-03-02,101.7
2000-03-03,101.2
2000-03-06,100.5
2000-03-07,101.2
2000-03-08,100.6
2000-03-09,101.0
2000-03-10,101.0
2000-03-13,100.8
2000-03-14,101.0
2000-03-15,101.0
2000-03-16,101.0
2000-03-17,100.85
2000-03-20,101.2
2000-03-21,101.2
2000-03-22,102.0
2000-03-23,101.8
2000-03-24,101.3
2000-03-27,101.5
2000-03-28,101.5
2000-03-29,101.2
2000-03-30,101.1
2000-03-31,101.3
2000-04-03,101.0
2000-04-04,100.3
2000-04-05,100.2
2000-04-06,101.0
2000-04-07,100.9
2000-04-10,100.8
2000-04-11,100.5
2000-04-12,100.8
2000-04-13,100.7
2000-04-14,100.93
2000-04-17,100.93
2000-04-18,100.9
2000-04-19,100.1
2000-04-20,100.8
2000-04-21,100.8
2000-04-24,100.8
2000-04-25,100.1
2000-04-26,100.8
2000-04-27,100.1
2000-04-28,100.5
2000-05-01,100.5
2000-05-02,100.1
2000-05-03,100.5
2000-05-04,100.6
2000-05-05,100.1
2000-05-08,100.4
2000-05-09,100.6
2000-05-10,100.1
2000-05-11,100.8
2000-05-12,101.5
2000-05-15,100.9
2000-05-16,100.5
2000-05-17,100.5
2000-05-18,100.5
2000-05-19,100.5
2000-05-22,102.0
2000-05-23,102.4
2000-05-24,102.3
2000-05-25,102.3
2000-05-26,102.25
2000-05-29,102.4
2000-05-30,102.0
2000-05-31,101.75
2000-06-01,101.75
2000-06-02,102.25
2000-06-05,102.15
2000-06-06,102.4
2000-06-07,102.8
2000-06-08,102.8
2000-06-09,102.8
2000-06-12,102.8
2000-06-13,102.9
2000-06-14,102.9
2000-06-15,103.0
2000-06-16,103.2
2000-06-19,103.3
2000-06-20,103.3
2000-06-21,103.0
2000-06-22,103.45
2000-06-23,103.45
2000-06-26,104.35
2000-06-27,102.3
2000-06-28,104.5
2000-06-29,104.9
2000-06-30,104.75
2000-07-03,104.7
2000-07-04,104.75
2000-07-05,104.6
2000-07-06,104.5
2000-07-07,104.6
2000-07-10,105.7
2000-07-11,107.1
2000-07-12,113.0
2000-07-13,114.6
2000-07-14,113.0
2000-07-17,111.5
2000-07-18,106.5
2000-07-19,106.5
2000-07-20,106.8
2000-07-21,106.35
2000-07-24,106.0
2000-07-25,104.6
2000-07-26,103.9
2000-07-27,105.0
2000-07-28,105.5
2000-07-31,105.0
2000-08-01,104.7
2000-08-02,103.3
2000-08-03,102.85
2000-08-04,103.1
2000-08-07,103.3
2000-08-08,103.0
2000-08-09,103.9
2000-08-10,103.5
2000-08-11,104.5
2000-08-14,105.0
2000-08-15,105.8
2000-08-16,105.9
2000-08-17,103.8
2000-08-18,103.6
2000-08-21,103.0
2000-08-22,103.0
2000-08-23,103.1
2000-08-24,103.0
2000-08-25,103.35
2000-08-28,103.4
2000-08-29,103.6
2000-08-30,103.3
2000-08-31,103.1
2000-09-01,103.4
2000-09-04,103.4
2000-09-05,104.3
2000-09-06,104.4
2000-09-07,103.9
2000-09-08,104.0
2000-09-11,103.0
2000-09-12,104.2
2000-09-13,104.6
2000-09-14,104.5
2000-09-15,105.5
2000-09-18,105.45
2000-09-19,107.7
2000-09-20,105.5
2000-09-21,107.8
2000-09-22,107.7
2000-09-25,108.0
2000-09-26,107.7
2000-09-27,108.2
2000-09-28,108.2
2000-09-29,108.2
2000-10-02,106.0
2000-10-03,106.0
2000-10-04,106.0
2000-10-05,108.0
2000-10-06,108.0
2000-10-09,107.6
2000-10-10,108.0
2000-10-11,108.0
2000-10-12,108.0
2000-10-13,108.0
2000-10-16,108.0
2000-10-17,108.0
2000-10-18,108.0
2000-10-19,108.0
2000-10-20,106.5
2000-10-23,107.2
2000-10-24,107.0
2000-10-25,107.0
2000-10-26,110.2
2000-10-27,110.0
2000-10-30,109.2
2000-10-31,109.1
2000-11-01,108.5
2000-11-02,108.5
2000-11-03,110.0
2000-11-06,110.0
2000-11-07,110.0
2000-11-08,110.3
2000-11-09,110.1
2000-11-10,110.2
2000-11-13,110.4
2000-11-14,110.4
2000-11-15,110.4
2000-11-16,111.0
2000-11-17,111.8
2000-11-20,111.9
2000-11-21,112.25
2000-11-22,112.25
2000-11-23,113.4
2000-11-24,115.1
2000-11-27,117.0
2000-11-28,117.35
2000-11-29,116.45
2000-11-30,115.75
2000-12-01,115.75
2000-12-04,115.75
2000-12-05,117.8
2000-12-06,116.5
2000-12-07,116.75
2000-12-08,114.35
2000-12-11,107.0
2000-12-12,103.0
2000-12-13,103.5
2000-12-14,103.5
2000-12-15,106.0
2000-12-18,108.0
2000-12-19,108.0
2000-12-20,110.05
2000-12-21,108.63
2000-12-22,110.1
2000-12-25,110.1
2000-12-26,110.1
2000-12-27,110.1
2000-12-28,110.05
2000-12-29,109.5
2001-01-02,108.88
2001-01-03,108.94
2001-01-04,108.43
2001-01-05,108.73
2001-01-08,108.73
2001-01-09,108.88
2001-01-10,110.5
2001-01-11,108.7
2001-01-12,109.2
2001-01-15,110.6
2001-01-16,109.45
2001-01-17,109.5
2001-01-18,109.35
2001-01-19,110.6
2001-01-22,110.75
2001-01-23,109.45
2001-01-24,110.6
2001-01-25,110.7
2001-01-26,110.75
2001-01-29,109.55
2001-01-30,109.6
2001-01-31,108.85
2001-02-01,110.5
2001-02-02,110.5
2001-02-05,110.5
2001-02-06,110.0
2001-02-07,110.0
2001-02-08,110.0
2001-02-09,110.0
2001-02-12,110.0
2001-02-13,109.5
2001-02-14,109.5
2001-02-15,113.0
2001-02-16,114.0
2001-02-19,116.0
2001-02-20,114.0
2001-02-21,114.0
2001-02-22,113.0
2001-02-23,113.0
2001-02-26,113.95
2001-02-27,113.0
2001-02-28,113.0
2001-03-01,114.0
2001-03-02,113.5
2001-03-05,113.5
2001-03-06,113.5
2001-03-07,113.5
2001-03-08,114.5
2001-03-09,115.0
2001-03-12,116.0
2001-03-13,116.0
2001-03-14,116.5
2001-03-15,117.5
2001-03-16,117.5
2001-03-19,117.5
2001-03-20,122.05
2001-03-21,122.45
2001-03-22,122.0
2001-03-23,122.45
2001-03-26,120.0
2001-03-27,122.25
2001-03-28,122.25
2001-03-29,119.0
2001-03-30,122.0
2001-04-02,124.5
2001-04-03,124.5
2001-04-04,124.5
2001-04-05,124.0
2001-04-06,124.5
2001-04-09,126.8
2001-04-10,113.5
2001-04-11,115.7
2001-04-12,116.5
2001-04-13,134.0
2001-04-16,134.0
2001-04-17,134.0
2001-04-18,114.0
2001-04-19,127.2
2001-04-20,126.0
2001-04-23,114.2
2001-04-24,114.2
2001-04-25,114.2
2001-04-26,114.2
2001-04-27,114.2
2001-04-30,114.2
2001-05-01,114.2
2001-05-02,119.0
2001-05-03,119.5
2001-05-04,119.5
2001-05-07,116.65
2001-05-08,115.9
2001-05-09,113.7
2001-05-10,113.7
2001-05-11,113.4
2001-05-14,113.4
2001-05-15,113.4
2001-05-16,113.4
2001-05-17,113.4
2001-05-18,110.75
2001-05-21,115.5
2001-05-22,115.2
2001-05-23,113.0
2001-05-24,111.9
2001-05-25,114.2
2001-05-28,114.5
2001-05-29,112.5
2001-05-30,114.0
2001-05-31,112.8
2001-06-01,112.1
2001-06-04,112.1
2001-06-05,112.8
2001-06-06,112.9
2001-06-07,112.6
2001-06-08,112.6
2001-06-11,112.15
2001-06-12,112.8
2001-06-13,112.1
2001-06-14,111.0
2001-06-15,111.1
2001-06-18,112.5
2001-06-19,112.3
2001-06-20,112.5
2001-06-21,112.5
2001-06-22,112.5
2001-06-25,112.5
2001-06-26,112.5
2001-06-27,112.5
2001-06-28,112.15
2001-06-29,112.3
2001-07-02,111.5
2001-07-03,112.05
2001-07-04,112.05
2001-07-05,112.4
2001-07-06,111.5
2001-07-09,111.6
2001-07-10,112.4
2001-07-11,112.4
2001-07-12,112.4
2001-07-13,112.4
2001-07-16,112.4
2001-07-17,112.4
2001-07-18,112.4
2001-07-19,112.4
2001-07-20,111.8
2001-07-23,111.8
2001-07-24,111.85
2001-07-25,111.85
2001-07-26,112.2
2001-07-27,112.2
2001-07-30,112.2
2001-07-31,112.2
2001-08-01,112.2
2001-08-02,112.2
2001-08-03,112.2
2001-08-06,111.22
2001-08-07,112.2
2001-08-08,112.2
2001-08-09,112.2
2001-08-10,112.2
2001-08-13,112.2
2001-08-14,112.2
2001-08-15,110.0
2001-08-16,112.2
2001-08-17,111.0
2001-08-20,112.26
2001-08-21,111.75
2001-08-22,112.26
2001-08-23,112.26
2001-08-24,112.26
2001-08-27,112.26
2001-08-28,112.26
2001-08-29,112.26
2001-08-30,112.0
2001-08-31,112.26
2001-09-03,112.16
2001-09-04,112.16
2001-09-05,112.16
2001-09-06,111.9
2001-09-07,112.16
2001-09-10,111.6
2001-09-11,112.16
2001-09-12,112.16
2001-09-13,112.16
2001-09-14,112.16
2001-09-17,112.16
2001-09-18,112.16
2001-09-19,112.16
2001-09-20,112.16
2001-09-21,112.16
2001-09-24,112.16
2001-09-25,112.16
2001-09-26,112.16
2001-09-27,112.16
2001-09-28,112.16
2001-10-01,112.16
2001-10-02,112.16
2001-10-03,112.16
2001-10-04,112.16
2001-10-05,111.0
2001-10-08,112.16
2001-10-09,111.0
2001-10-10,111.05
2001-10-11,112.16
2001-10-12,112.16
2001-10-15,111.05
2001-10-16,112.16
2001-10-17,112.16
2001-10-18,112.16
2001-10-19,112.16
2001-10-22,111.6
2001-10-23,112.16
2001-10-24,112.16
2001-10-25,112.16
2001-10-26,111.0
2001-10-29,112.16
2001-10-30,112.16
2001-10-31,112.16
2001-11-01,112.16
2001-11-02,111.25
2001-11-05,112.16
2001-11-06,114.0
2001-11-07,114.0
2001-11-08,113.75
2001-11-09,114.2
2001-11-12,115.7
2001-11-13,116.7
2001-11-14,118.0
2001-11-15,117.25
2001-11-16,118.0
2001-11-19,118.0
2001-11-20,118.0
2001-11-21,119.0
2001-11-22,119.0
2001-11-23,119.0
2001-11-26,119.0
2001-11-27,120.0
2001-11-28,120.0
2001-11-29,120.0
2001-11-30,120.0
2001-12-03,119.8
2001-12-04,119.8
2001-12-05,119.8
2001-12-06,119.2
2001-12-07,119.5
2001-12-10,119.5
2001-12-11,119.0
2001-12-12,120.0
2001-12-13,119.0
2001-12-14,119.0
2001-12-17,119.0
2001-12-18,119.0
2001-12-19,119.0
2001-12-20,119.1
2001-12-21,119.0
2001-12-24,119.0
2001-12-25,119.0
2001-12-26,119.0
2001-12-27,117.5
2001-12-28,118.0
2001-12-31,119.0
2002-01-02,114.6
2002-01-03,114.6
2002-01-04,115.0
2002-01-07,114.6
2002-01-08,114.8
2002-01-09,114.8
2002-01-10,114.5
2002-01-11,114.4
2002-01-14,114.5
2002-01-15,114.25
2002-01-16,114.25
2002-01-17,114.25
2002-01-18,114.25
2002-01-21,114.25
2002-01-22,113.75
2002-01-23,113.75
2002-01-24,113.75
2002-01-25,113.75
2002-01-28,114.2
2002-01-29,114.25
2002-01-30,114.5
2002-01-31,114.25
2002-02-01,114.25
2002-02-04,114.0
2002-02-05,114.7
2002-02-06,114.2
2002-02-07,115.3
2002-02-08,115.4
2002-02-11,115.0
2002-02-12,115.5
2002-02-13,117.0
2002-02-14,120.15
2002-02-15,119.8
2002-02-18,117.0
2002-02-19,117.5
2002-02-20,119.0
2002-02-21,119.4
2002-02-22,117.9
2002-02-25,119.45
2002-02-26,118.35
2002-02-27,118.5
2002-02-28,117.3
2002-03-01,117.9
2002-03-04,117.75
2002-03-05,117.75
2002-03-06,117.9
2002-03-07,117.6
2002-03-08,117.6
2002-03-11,117.5
2002-03-12,116.7
2002-03-13,117.0
2002-03-14,117.2
2002-03-15,117.0
2002-03-18,116.95
2002-03-19,116.85
2002-03-20,117.5
2002-03-21,116.3
2002-03-22,114.2
2002-03-25,114.2
2002-03-26,116.5
2002-03-27,116.0
2002-03-28,116.0
2002-03-29,116.1
2002-04-01,116.1
2002-04-02,114.2
2002-04-03,116.05
2002-04-04,114.2
2002-04-05,116.0
2002-04-08,114.2
2002-04-09,114.2
2002-04-10,114.2
2002-04-11,114.2
2002-04-12,114.2
2002-04-15,114.2
2002-04-16,114.2
2002-04-17,116.15
2002-04-18,114.2
2002-04-19,114.2
2002-04-22,116.1
2002-04-23,114.2
2002-04-24,114.2
2002-04-25,114.2
2002-04-26,114.2
2002-04-29,114.2
2002-04-30,114.2
2002-05-01,114.2
2002-05-02,114.2
2002-05-03,114.2
2002-05-06,114.2
2002-05-07,114.2
2002-05-08,114.2
2002-05-09,114.2
2002-05-10,114.2
2002-05-13,114.2
2002-05-14,114.2
2002-05-15,114.2
2002-05-16,114.2
2002-05-17,116.8
2002-05-20,115.75
2002-05-21,114.2
2002-05-22,114.2
2002-05-23,114.2
2002-05-24,114.6
2002-05-27,114.2
2002-05-28,114.2
2002-05-29,114.8
2002-05-30,114.2
2002-05-31,114.2
2002-06-03,114.2
2002-06-04,116.4
2002-06-05,115.85
2002-06-06,114.2
2002-06-07,114.2
2002-06-10,114.2
2002-06-11,117.1
2002-06-12,114.2
2002-06-13,114.2
2002-06-14,115.5
2002-06-17,120.0
2002-06-18,119.06
2002-06-19,120.0
2002-06-20,119.8
2002-06-21,119.7
2002-06-24,119.7
2002-06-25,119.6
2002-06-26,119.5
2002-06-27,119.7
2002-06-28,119.6
2002-07-01,120.0
2002-07-02,120.0
2002-07-03,120.0
2002-07-04,119.95
2002-07-05,120.0
2002-07-08,120.6
2002-07-09,120.6
2002-07-10,120.6
2002-07-11,120.6
2002-07-12,120.2
2002-07-15,121.0
2002-07-16,123.0
2002-07-17,123.25
2002-07-18,124.6
2002-07-19,124.7
2002-07-23,132.3
2002-07-24,127.0
2002-07-25,127.0
2002-07-26,129.0
2002-07-29,132.5
2002-07-30,133.0
2002-07-31,133.0
2002-08-01,134.5
2002-08-02,131.4
2002-08-05,131.4
2002-08-06,130.0
2002-08-07,130.75
2002-08-08,130.75
2002-08-09,130.75
2002-08-12,129.85
2002-08-13,128.0
2002-08-14,128.0
2002-08-15,128.8
2002-08-16,129.3
2002-08-19,129.3
2002-08-20,127.85
2002-08-21,128.0
2002-08-22,127.8
2002-08-23,127.5
2002-08-26,127.25
2002-08-27,127.0
2002-08-28,127.0
2002-08-29,126.0
2002-08-30,127.0
2002-09-02,126.5
2002-09-03,127.0
2002-09-04,126.5
2002-09-05,126.0
2002-09-06,127.0
2002-09-09,128.2
2002-09-10,126.95
2002-09-11,128.9
2002-09-12,129.3
2002-09-13,129.4
2002-09-16,129.2
2002-09-17,129.2
2002-09-18,128.9
2002-09-19,128.4
2002-09-20,127.75
2002-09-23,127.7
2002-09-24,127.5
2002-09-25,128.1
2002-09-26,126.95
2002-09-27,126.6
2002-09-30,126.0
2002-10-01,126.0
2002-10-02,126.0
2002-10-03,126.5
2002-10-04,126.5
2002-10-07,126.8
2002-10-08,126.4
2002-10-09,127.75
2002-10-10,127.5
2002-10-11,127.2
2002-10-14,127.1
2002-10-15,127.0
2002-10-16,126.0
2002-10-17,127.1
2002-10-18,127.0
2002-10-21,127.15
2002-10-22,127.1
2002-10-23,127.0
2002-10-24,127.2
2002-10-25,127.2
2002-10-28,127.1
2002-10-29,127.1
2002-10-30,127.1
2002-10-31,127.1
2002-11-01,126.9
2002-11-04,126.8
2002-11-05,127.6
2002-11-06,127.4
2002-11-07,127.3
2002-11-08,127.0
2002-11-11,127.9
2002-11-12,127.1
2002-11-13,126.8
2002-11-14,127.6
2002-11-15,127.6
2002-11-18,127.55
2002-11-19,127.8
2002-11-20,127.8
2002-11-21,127.7
2002-11-22,127.95
2002-11-25,128.1
2002-11-26,128.4
2002-11-27,128.1
2002-11-28,127.7
2002-11-29,127.8
2002-12-02,127.7
2002-12-03,127.8
2002-12-04,127.5
2002-12-05,127.4
2002-12-06,128.3
2002-12-09,127.0
2002-12-10,128.5
2002-12-11,128.8
2002-12-12,127.8
2002-12-13,128.5
2002-12-16,130.6
2002-12-17,130.6
2002-12-18,132.7
2002-12-19,131.7
2002-12-20,130.2
2002-12-23,124.9
2002-12-24,124.9
2002-12-25,124.9
2002-12-26,124.9
2002-12-27,124.8
2002-12-30,124.85
2002-12-31,124.85
2003-01-01,124.85
2003-01-02,129.85
2003-01-03,130.15
2003-01-06,128.8
2003-01-07,128.25
2003-01-08,128.25
2003-01-09,128.6
2003-01-10,128.55
2003-01-13,128.7
2003-01-14,129.1
2003-01-15,126.0
2003-01-16,129.2
2003-01-17,129.2
2003-01-20,128.7
2003-01-21,128.8
2003-01-22,129.1
2003-01-23,129.0
2003-01-24,128.0
2003-01-27,129.0
2003-01-28,128.85
2003-01-29,128.0
2003-01-30,128.0
2003-01-31,127.7
2003-02-03,127.9
2003-02-04,128.05
2003-02-05,128.0
2003-02-06,128.25
2003-02-07,128.0
2003-02-10,128.6
2003-02-11,128.0
2003-02-12,128.0
2003-02-13,128.7
2003-02-14,128.7
2003-02-17,128.6
2003-02-18,127.6
2003-02-19,128.5
2003-02-20,128.5
2003-02-21,128.4
2003-02-24,128.45
2003-02-25,128.3
2003-02-26,128.3
2003-02-27,128.3
2003-02-28,127.8
2003-03-03,128.35
2003-03-04,128.35
2003-03-05,128.4
2003-03-06,128.5
2003-03-07,128.5
2003-03-10,129.1
2003-03-11,128.7
2003-03-12,129.8
2003-03-13,129.4
2003-03-14,129.35
2003-03-17,129.35
2003-03-18,129.5
2003-03-19,129.25
2003-03-20,129.45
2003-03-21,129.4
2003-03-24,129.5
2003-03-25,129.5
2003-03-26,129.3
2003-03-27,129.2
2003-03-28,129.2
2003-03-31,129.55
2003-04-01,129.55
2003-04-02,129.45
2003-04-03,129.4
2003-04-04,130.1
2003-04-07,130.2
2003-04-08,130.5
2003-04-09,131.0
2003-04-10,130.6
2003-04-11,130.5
2003-04-14,130.6
2003-04-15,131.0
2003-04-16,130.7
2003-04-17,130.3
2003-04-18,130.3
2003-04-21,130.3
2003-04-22,130.5
2003-04-23,130.5
2003-04-24,130.1
2003-04-25,130.1
2003-04-28,129.2
2003-04-29,130.5
2003-04-30,130.5
2003-05-01,130.5
2003-05-02,130.5
2003-05-05,130.5
2003-05-06,129.5
2003-05-07,129.9
2003-05-08,129.8
2003-05-09,129.8
2003-05-12,129.7
2003-05-13,129.6
2003-05-14,129.7
2003-05-15,129.7
2003-05-16,129.7
2003-05-19,129.6
2003-05-20,129.3
2003-05-21,128.8
2003-05-22,129.45
2003-05-23,129.0
2003-05-26,129.0
2003-05-27,129.15
2003-05-28,129.2
2003-05-29,129.0
2003-05-30,129.5
2003-06-02,129.85
2003-06-03,130.0
2003-06-04,130.2
2003-06-05,130.2
2003-06-06,131.35
2003-06-09,130.6
2003-06-10,130.25
2003-06-11,130.5
2003-06-12,131.7
2003-06-13,131.0
2003-06-16,131.3
2003-06-17,131.25
2003-06-18,131.0
2003-06-19,131.05
2003-06-20,130.65
2003-06-23,131.1
2003-06-24,129.85
2003-06-25,129.85
2003-06-26,129.45
2003-06-27,129.7
2003-06-30,129.55
2003-07-01,129.85
2003-07-02,129.6
2003-07-03,129.8
2003-07-04,129.6
2003-07-07,129.5
2003-07-08,129.75
2003-07-09,129.7
2003-07-10,129.0
2003-07-11,129.5
2003-07-14,129.65
2003-07-15,129.5
2003-07-16,129.55
2003-07-17,129.6
2003-07-18,129.5
2003-07-21,129.5
2003-07-22,128.9
2003-07-23,128.3
2003-07-24,127.5
2003-07-25,128.15
2003-07-28,128.0
2003-07-29,127.9
2003-07-30,127.95
2003-07-31,127.9
2003-08-01,127.9
2003-08-04,127.85
2003-08-05,127.55
2003-08-06,128.9
2003-08-07,129.7
2003-08-08,130.0
2003-08-11,130.05
2003-08-12,130.1
2003-08-13,130.4
2003-08-14,130.3
2003-08-15,129.0
2003-08-18,130.4
2003-08-19,130.0
2003-08-20,130.35
2003-08-21,131.6
2003-08-22,129.0
2003-08-25,131.05
2003-08-26,130.95
2003-08-27,129.5
2003-08-28,130.5
2003-08-29,131.85
2003-09-01,132.0
2003-09-02,130.0
2003-09-03,129.0
2003-09-04,127.0
2003-09-05,131.85
2003-09-08,130.8
2003-09-09,130.8
2003-09-10,130.7
2003-09-11,130.9
2003-09-12,131.15
2003-09-15,130.7
2003-09-16,131.15
2003-09-17,130.7
2003-09-18,130.85
2003-09-19,130.0
2003-09-22,130.9
2003-09-23,130.9
2003-09-24,131.15
2003-09-25,130.975
2003-09-26,130.05
2003-09-29,130.9
2003-09-30,131.0
2003-10-01,131.0
2003-10-02,130.9
2003-10-03,130.95
2003-10-06,131.0
2003-10-07,131.0
2003-10-08,131.65
2003-10-09,131.7
2003-10-10,132.65
2003-10-13,132.35
2003-10-14,132.6
2003-10-15,133.35
2003-10-16,134.35
2003-10-17,135.8
2003-10-20,138.0
2003-10-21,138.15
2003-10-22,136.1
2003-10-23,135.7
2003-10-24,135.5
2003-10-27,135.0
2003-10-28,135.9
2003-10-29,138.3
2003-10-30,138.45
2003-10-31,132.6
2003-11-03,136.0
2003-11-04,149.4
2003-11-05,149.0
2003-11-06,149.0
2003-11-07,138.65
2003-11-10,139.0
2003-11-11,136.8
2003-11-12,132.6
2003-11-13,132.6
2003-11-14,132.4
2003-11-17,140.1
2003-11-18,142.55
2003-11-19,141.0
2003-11-20,144.1
2003-11-21,143.9
2003-11-24,143.0
2003-11-25,142.0
2003-11-26,142.0
2003-11-27,144.0
2003-11-28,141.5
2003-12-01,141.5
2003-12-02,141.8
2003-12-03,139.0
2003-12-04,138.5
2003-12-05,138.9
2003-12-08,138.5
2003-12-09,138.55
2003-12-10,138.2
2003-12-11,137.06
2003-12-12,137.2
2003-12-15,137.0
2003-12-16,137.1
2003-12-17,137.085
2003-12-18,136.7
2003-12-19,136.07
2003-12-22,137.02
2003-12-23,137.3
2003-12-24,138.7
2003-12-25,138.7
2003-12-26,138.7
2003-12-29,139.07
2003-12-30,139.95
2003-12-31,139.085
2004-01-02,138.9
2004-01-05,139.2
2004-01-06,138.4
2004-01-07,138.3
2004-01-08,138.25
2004-01-09,138.3
2004-01-12,138.15
2004-01-13,138.0
2004-01-14,138.1
2004-01-15,138.0
2004-01-16,137.3
2004-01-19,137.0
2004-01-20,137.2
2004-01-21,137.1
2004-01-22,136.65
2004-01-23,136.5
2004-01-26,135.0
2004-01-27,135.0
2004-01-28,135.5
2004-01-29,135.5
2004-01-30,135.0
2004-02-02,134.0
2004-02-03,134.0
2004-02-04,136.0
2004-02-05,134.0
2004-02-06,134.0
2004-02-09,135.0
2004-02-10,135.2
2004-02-11,134.0
2004-02-12,135.0
2004-02-13,136.155
2004-02-16,136.15
2004-02-17,136.3
2004-02-18,136.45
2004-02-19,136.45
2004-02-20,136.35
2004-02-23,136.15
2004-02-24,136.15
2004-02-25,136.1
2004-02-26,135.8
2004-02-27,135.4
2004-03-01,133.0
2004-03-02,135.2
2004-03-03,133.0
2004-03-04,133.0
2004-03-05,133.0
2004-03-08,133.0
2004-03-09,133.0
2004-03-10,132.0
2004-03-11,132.0
2004-03-12,132.0
2004-03-15,132.0
2004-03-16,132.0
2004-03-17,132.0
2004-03-18,132.0
2004-03-19,132.0
2004-03-22,132.0
2004-03-23,132.0
2004-03-24,132.5
2004-03-25,132.5
2004-03-26,131.0
2004-03-29,130.0
2004-03-30,130.0
2004-03-31,130.0
2004-04-01,130.0
2004-04-02,130.0
2004-04-05,130.0
2004-04-06,131.0
2004-04-07,130.0
2004-04-08,131.1
2004-04-09,131.1
2004-04-12,131.1
2004-04-13,132.5
2004-04-14,132.5
2004-04-15,132.5
2004-04-16,135.5
2004-04-19,131.5
2004-04-20,131.5
2004-04-21,131.5
2004-04-22,131.5
2004-04-23,131.25
2004-04-26,131.25
2004-04-27,131.25
2004-04-28,131.25
2004-04-29,131.5
2004-04-30,131.5
2004-05-03,134.5
2004-05-04,131.5
2004-05-05,131.5
2004-05-06,134.0
2004-05-07,131.4
2004-05-10,132.0
2004-05-11,131.5
2004-05-12,132.5
2004-05-13,131.5
2004-05-14,131.5
2004-05-17,131.5
2004-05-18,131.5
2004-05-19,131.5
2004-05-20,131.5
2004-05-21,131.5
2004-05-24,131.5
2004-05-25,132.75
2004-05-26,130.5
2004-05-27,133.2
2004-05-28,130.5
2004-05-31,133.15
2004-06-01,133.3
2004-06-02,130.5
2004-06-03,130.5
2004-06-04,131.25
2004-06-07,130.5
2004-06-08,130.5
2004-06-09,131.2
2004-06-10,130.5
2004-06-11,131.2
2004-06-14,130.5
2004-06-15,130.5
2004-06-16,133.15
2004-06-17,130.5
2004-06-18,130.5
2004-06-21,130.5
2004-06-22,130.5
2004-06-23,133.15
2004-06-24,130.5
2004-06-25,133.25
2004-06-28,131.5
2004-06-29,131.5
2004-06-30,131.0
2004-07-01,131.5
2004-07-02,133.15
2004-07-05,133.3
2004-07-06,134.6
2004-07-07,135.8
2004-07-08,135.6
2004-07-09,134.4
2004-07-12,133.25
2004-07-13,133.25
2004-07-14,133.25
2004-07-15,133.25
2004-07-16,133.0
2004-07-19,132.25
2004-07-20,132.25
2004-07-21,131.25
2004-07-22,133.1
2004-07-23,131.5
2004-07-26,133.25
2004-07-27,131.5
2004-07-28,131.5
2004-07-29,131.5
2004-07-30,131.5
2004-08-02,131.5
2004-08-03,131.5
2004-08-04,133.2
2004-08-05,131.25
2004-08-06,131.25
2004-08-09,131.25
2004-08-10,131.5
2004-08-11,131.5
2004-08-12,131.5
2004-08-13,130.5
2004-08-16,131.5
2004-08-17,131.75
2004-08-18,131.8
2004-08-19,130.25
2004-08-20,131.25
2004-08-23,131.25
2004-08-24,131.75
2004-08-25,132.9
2004-08-26,130.25
2004-08-27,131.25
2004-08-30,133.05
2004-08-31,131.25
2004-09-01,131.5
2004-09-02,130.25
2004-09-03,131.25
2004-09-06,133.5
2004-09-07,132.5
2004-09-08,132.75
2004-09-09,132.5
2004-09-10,132.5
2004-09-13,131.5
2004-09-14,132.5
2004-09-15,131.95
2004-09-16,131.5
2004-09-17,131.5
2004-09-20,131.5
2004-09-21,132.95
2004-09-22,130.5
2004-09-23,133.1
2004-09-24,132.25
2004-09-27,132.1
2004-09-28,131.25
2004-09-29,130.25
2004-09-30,130.25
2004-10-01,130.25
2004-10-04,131.25
2004-10-05,133.75
2004-10-06,131.25
2004-10-07,131.25
2004-10-08,130.25
2004-10-11,132.75
2004-10-12,130.25
2004-10-13,131.25
2004-10-14,130.25
2004-10-15,130.25
2004-10-18,130.25
2004-10-19,131.25
2004-10-20,132.97
2004-10-21,131.25
2004-10-22,131.25
2004-10-25,132.75
2004-10-26,131.25
2004-10-27,132.98
2004-10-28,132.9
2004-10-29,130.25
2004-11-01,130.75
2004-11-02,132.95
2004-11-03,131.75
2004-11-04,130.75
2004-11-05,131.75
2004-11-08,131.75
2004-11-09,130.75
2004-11-10,130.75
2004-11-11,132.7
2004-11-12,131.6
2004-11-15,131.75
2004-11-16,130.75
2004-11-17,130.75
2004-11-18,130.75
2004-11-19,130.25
2004-11-22,132.5
2004-11-23,132.5
2004-11-24,132.7
2004-11-25,132.75
2004-11-26,131.6
2004-11-29,132.15
2004-11-30,132.05
2004-12-01,132.0
2004-12-02,132.05
2004-12-03,132.0
2004-12-06,132.2
2004-12-07,130.2
2004-12-08,130.0
2004-12-09,131.0
2004-12-10,132.5
2004-12-13,131.5
2004-12-14,130.5
2004-12-15,130.25
2004-12-16,131.25
2004-12-17,130.25
2004-12-20,130.25
2004-12-21,130.5
2004-12-22,130.25
2004-12-23,130.25
2004-12-24,133.2
2004-12-27,133.1
2004-12-28,133.0
2004-12-29,130.25
2004-12-30,130.6
2004-12-31,130.5
2005-01-03,130.6
2005-01-04,130.25
2005-01-05,131.25
2005-01-06,130.25
2005-01-07,131.25
2005-01-10,130.25
2005-01-11,130.5
2005-01-12,130.2
2005-01-13,130.25
2005-01-14,130.25
2005-01-17,130.25
2005-01-18,130.25
2005-01-19,132.07
2005-01-20,130.25
2005-01-21,130.5
2005-01-24,130.5
2005-01-25,132.1
2005-01-26,132.2
2005-01-27,130.0
2005-01-28,130.5
2005-01-31,131.25
2005-02-01,132.25
2005-02-02,131.35
2005-02-03,131.4
2005-02-04,131.5
2005-02-07,132.85
2005-02-08,131.5
2005-02-09,132.7
2005-02-10,132.0
2005-02-11,132.0
2005-02-14,130.0
2005-02-15,130.0
2005-02-16,132.35
2005-02-17,132.4
2005-02-18,130.5
2005-02-21,132.5
2005-02-22,132.6
2005-02-23,132.0
2005-02-24,131.0
2005-02-25,130.0
2005-02-28,130.5
2005-03-01,130.5
2005-03-02,130.0
2005-03-03,132.75
2005-03-04,130.25
2005-03-07,131.25
2005-03-08,130.5
2005-03-09,131.05
2005-03-10,130.5
2005-03-11,132.77
2005-03-14,130.5
2005-03-15,132.8
2005-03-16,130.25
2005-03-17,130.25
2005-03-18,130.25
2005-03-21,130.25
2005-03-22,130.5
2005-03-23,130.5
2005-03-24,131.1
2005-03-25,131.1
2005-03-28,131.1
2005-03-29,132.75
2005-03-30,130.25
2005-03-31,130.3
2005-04-01,131.25
2005-04-04,130.35
2005-04-05,130.5
2005-04-06,130.25
2005-04-07,130.25
2005-04-08,130.25
2005-04-11,130.25
2005-04-12,130.5
2005-04-13,130.2
2005-04-14,130.5
2005-04-15,130.25
2005-04-18,130.5
2005-04-19,130.25
2005-04-20,130.5
2005-04-21,130.25
2005-04-22,130.25
2005-04-25,130.25
2005-04-26,130.25
2005-04-27,130.25
2005-04-28,132.75
2005-04-29,130.25
2005-05-02,130.25
2005-05-03,130.25
2005-05-04,130.25
2005-05-05,130.25
2005-05-06,130.25
2005-05-09,130.5
2005-05-10,132.75
2005-05-11,132.8
2005-05-12,132.85
2005-05-13,130.25
2005-05-16,130.5
2005-05-17,130.5
2005-05-18,130.25
2005-05-19,132.5
2005-05-20,133.15
2005-05-23,131.9
2005-05-24,130.25
2005-05-25,130.25
2005-05-26,130.25
2005-05-27,130.25
2005-05-30,132.0
2005-05-31,130.25
2005-06-01,130.25
2005-06-02,130.5
2005-06-03,130.25
2005-06-06,133.3
2005-06-07,130.5
2005-06-08,130.5
2005-06-09,130.25
2005-06-10,130.5
2005-06-13,130.25
2005-06-14,134.3
2005-06-15,133.0
2005-06-16,131.0
2005-06-17,134.0
2005-06-20,131.25
2005-06-21,131.0
2005-06-22,132.75
2005-06-23,131.7
2005-06-24,131.5
2005-06-27,131.25
2005-06-28,131.5
2005-06-29,131.25
2005-06-30,131.1
2005-07-01,131.5
2005-07-04,134.8
2005-07-05,131.5
2005-07-06,131.25
2005-07-07,134.0
2005-07-08,131.75
2005-07-11,131.5
2005-07-12,131.75
2005-07-13,131.25
2005-07-14,132.0
2005-07-15,132.0
2005-07-18,132.25
2005-07-19,132.75
2005-07-20,133.25
2005-07-21,133.75
2005-07-22,132.5
2005-07-25,132.75
2005-07-26,132.25
2005-07-27,132.5
2005-07-28,132.5
2005-07-29,136.0
2005-08-01,135.0
2005-08-02,136.0
2005-08-03,136.3
2005-08-04,135.0
2005-08-05,135.0
2005-08-08,135.5
2005-08-09,136.2
2005-08-10,136.0
2005-08-11,135.5
2005-08-12,135.5
2005-08-15,135.0
2005-08-16,135.0
2005-08-17,136.05
2005-08-18,135.8
2005-08-19,135.5
2005-08-22,136.0
2005-08-23,133.7
2005-08-24,131.25
2005-08-25,131.0
2005-08-26,131.05
2005-08-29,131.65
2005-08-30,130.5
2005-08-31,130.25
2005-09-01,130.25
2005-09-02,133.6
2005-09-05,131.5
2005-09-06,129.05
2005-09-07,131.0
2005-09-08,130.0
2005-09-09,130.0
2005-09-12,130.5
2005-09-13,130.05
2005-09-14,131.0
2005-09-15,130.0
2005-09-16,130.3
2005-09-19,130.0
2005-09-20,129.0
2005-09-21,129.0
2005-09-22,131.85
2005-09-23,132.15
2005-09-26,130.35
2005-09-27,130.0
2005-09-28,130.8
2005-09-29,128.5
2005-09-30,128.5
2005-10-03,128.5
2005-10-04,128.5
2005-10-05,129.0
2005-10-06,128.5
2005-10-07,128.5
2005-10-10,128.5
2005-10-11,128.5
2005-10-12,128.5
2005-10-13,128.9
2005-10-14,128.5
2005-10-17,128.5
2005-10-18,129.0
2005-10-19,130.7
2005-10-20,130.7
2005-10-21,130.75
2005-10-24,129.5
2005-10-25,129.5
2005-10-26,129.2
2005-10-27,129.0
2005-10-28,129.5
2005-10-31,129.25
2005-11-01,129.0
2005-11-02,129.0
2005-11-03,128.8
2005-11-04,130.85
2005-11-07,128.5
2005-11-08,128.0
2005-11-09,128.6
2005-11-10,130.5
2005-11-11,129.25
2005-11-14,130.7
2005-11-15,129.25
2005-11-16,130.5
2005-11-17,129.25
2005-11-18,130.55
2005-11-21,129.25
2005-11-22,129.5
2005-11-23,129.5
2005-11-24,130.15
2005-11-25,129.5
2005-11-28,128.5
2005-11-29,129.0
2005-11-30,129.0
2005-12-01,129.0
2005-12-02,128.5
2005-12-05,128.0
2005-12-06,128.0
2005-12-07,128.0
2005-12-08,128.5
2005-12-09,129.15
2005-12-12,129.2
2005-12-13,129.5
2005-12-14,127.25
2005-12-15,127.25
2005-12-16,128.0
2005-12-19,128.0
2005-12-20,128.0
2005-12-21,128.5
2005-12-22,128.5
2005-12-23,128.5
2005-12-26,128.5
2005-12-27,128.5
2005-12-28,130.15
2005-12-29,128.5
2005-12-30,130.2
2006-01-02,130.2
2006-01-03,128.5
2006-01-04,128.0
2006-01-05,128.0
2006-01-06,128.0
2006-01-09,127.0
2006-01-10,128.0
2006-01-11,128.2
2006-01-12,127.0
2006-01-13,127.0
2006-01-16,127.0
2006-01-17,127.0
2006-01-18,127.0
2006-01-19,128.75
2006-01-20,129.5
2006-01-23,129.7
2006-01-24,127.25
2006-01-25,127.5
2006-01-26,127.5
2006-01-27,128.7
2006-01-30,127.5
2006-01-31,127.5
2006-02-01,127.0
2006-02-02,128.3
2006-02-03,127.5
2006-02-06,128.0
2006-02-07,128.5
2006-02-08,128.5
2006-02-09,128.5
2006-02-10,128.75
2006-02-13,128.5
2006-02-14,128.5
2006-02-15,128.5
2006-02-16,129.0
2006-02-17,128.0
2006-02-20,128.0
2006-02-21,128.0
2006-02-22,128.4
2006-02-23,128.0
2006-02-24,127.0
2006-02-27,127.0
2006-02-28,127.5
2006-03-01,127.5
2006-03-02,127.25
2006-03-03,128.0
2006-03-06,128.65
2006-03-07,128.0
2006-03-08,126.5
2006-03-09,128.55
2006-03-10,127.35
2006-03-13,127.3
2006-03-14,128.35
2006-03-15,127.2
2006-03-16,127.0
2006-03-17,127.5
2006-03-20,127.5
2006-03-21,127.2
2006-03-22,127.25
2006-03-23,127.4
2006-03-24,127.5
2006-03-27,127.5
2006-03-28,127.5
2006-03-29,127.0
2006-03-30,127.5
2006-03-31,127.5
2006-04-03,127.25
2006-04-04,127.2
2006-04-05,128.55
2006-04-06,127.25
2006-04-07,127.25
2006-04-10,127.5
2006-04-11,127.25
2006-04-12,128.35
2006-04-13,127.5
2006-04-14,127.5
2006-04-17,127.5
2006-04-18,128.2
2006-04-19,128.1
2006-04-20,127.5
2006-04-21,127.5
2006-04-24,127.25
2006-04-25,127.5
2006-04-26,128.25
2006-04-27,127.5
2006-04-28,127.25
2006-05-01,127.25
2006-05-02,127.5
2006-05-03,127.5
2006-05-04,128.25
2006-05-05,127.7
2006-05-08,127.2
2006-05-09,128.0
2006-05-10,127.5
2006-05-11,128.25
2006-05-12,127.25
2006-05-15,127.5
2006-05-16,127.5
2006-05-17,127.8
2006-05-18,127.5
2006-05-19,127.5
2006-05-22,127.5
2006-05-23,127.5
2006-05-24,127.5
2006-05-25,127.9
2006-05-26,128.1
2006-05-29,128.0
2006-05-30,128.4
2006-05-31,128.0
2006-06-01,128.35
2006-06-02,128.0
2006-06-05,127.5
2006-06-06,128.0
2006-06-07,127.0
2006-06-08,128.2
2006-06-09,127.5
2006-06-12,128.0
2006-06-13,127.5
2006-06-14,127.6
2006-06-15,128.2
2006-06-16,127.5
2006-06-19,128.1
2006-06-20,128.1
2006-06-21,128.15
2006-06-22,127.5
2006-06-23,128.1
2006-06-26,127.5
2006-06-27,128.1
2006-06-28,128.15
2006-06-29,127.5
2006-06-30,127.5
2006-07-03,127.95
2006-07-04,127.8
2006-07-05,127.5
2006-07-06,127.6
2006-07-07,127.5
2006-07-10,127.5
2006-07-11,127.5
2006-07-12,127.8
2006-07-13,127.5
2006-07-14,127.75
2006-07-17,127.5
2006-07-18,127.5
2006-07-19,127.5
2006-07-20,127.5
2006-07-21,128.0
2006-07-24,127.5
2006-07-25,127.75
2006-07-26,127.5
2006-07-27,127.5
2006-07-28,128.2
2006-07-31,127.9
2006-08-01,128.0
2006-08-02,127.5
2006-08-03,127.85
2006-08-04,127.8
2006-08-07,127.75
2006-08-08,127.6
2006-08-09,127.75
2006-08-10,127.85
2006-08-11,127.8
2006-08-14,127.5
2006-08-15,127.5
2006-08-16,127.5
2006-08-17,127.75
2006-08-18,127.8
2006-08-21,128.1
2006-08-22,127.7
2006-08-23,128.1
2006-08-24,127.75
2006-08-25,128.1
2006-08-28,128.15
2006-08-29,128.1
2006-08-30,127.85
2006-08-31,127.9
2006-09-01,127.75
2006-09-04,127.85
2006-09-05,127.9
2006-09-06,127.85
2006-09-07,127.9
2006-09-08,127.85
2006-09-11,127.9
2006-09-12,127.85
2006-09-13,127.9
2006-09-14,127.6
2006-09-15,127.95
2006-09-18,128.15
2006-09-19,127.85
2006-09-20,127.8
2006-09-21,127.7
2006-09-22,127.75
2006-09-25,127.75
2006-09-26,127.8
2006-09-27,128.0
2006-09-28,127.9
2006-09-29,128.0
2006-10-02,127.9
2006-10-03,127.95
2006-10-04,127.9
2006-10-05,127.5
2006-10-06,127.9
2006-10-09,128.1
2006-10-10,127.9
2006-10-11,127.5
2006-10-12,127.9
2006-10-13,127.8
2006-10-16,128.0
2006-10-17,127.9
2006-10-18,128.1
2006-10-19,127.9
2006-10-20,127.75
2006-10-23,127.85
2006-10-24,127.85
2006-10-25,127.9
2006-10-26,127.75
2006-10-27,127.9
2006-10-30,127.95
2006-10-31,127.9
2006-11-01,128.25
2006-11-02,127.75
2006-11-03,128.25
2006-11-06,127.9
2006-11-07,128.15
2006-11-08,128.16
2006-11-09,128.15
2006-11-10,128.2
2006-11-13,128.15
2006-11-14,127.75
2006-11-15,127.8
2006-11-16,127.75
2006-11-17,127.82
2006-11-20,127.5
2006-11-21,127.5
2006-11-22,127.8
2006-11-23,127.75
2006-11-24,127.8
2006-11-27,127.5
2006-11-28,127.5
2006-11-29,128.0
2006-11-30,127.9
2006-12-01,127.9
2006-12-04,127.75
2006-12-05,128.0
2006-12-06,128.0
2006-12-07,128.0
2006-12-08,128.05
2006-12-11,127.9
2006-12-12,128.0
2006-12-13,128.1
2006-12-14,128.0
2006-12-15,128.1
2006-12-18,128.0
2006-12-19,128.0
2006-12-20,127.95
2006-12-21,128.1
2006-12-22,128.0
2006-12-25,128.0
2006-12-26,128.0
2006-12-27,128.1
2006-12-28,128.0
2006-12-29,128.3
2007-01-01,128.3
2007-01-02,128.0
2007-01-03,128.0
2007-01-04,127.9
2007-01-05,128.0
2007-01-08,128.0
2007-01-09,128.05
2007-01-10,127.5
2007-01-11,128.0
2007-01-12,128.02
2007-01-15,127.9
2007-01-16,127.98
2007-01-17,127.95
2007-01-18,127.95
2007-01-19,127.94
2007-01-22,127.95
2007-01-23,127.8
2007-01-24,127.9
2007-01-25,127.8
2007-01-26,127.85
2007-01-29,127.85
2007-01-30,128.05
2007-01-31,128.0
2007-02-01,128.1
2007-02-02,127.95
2007-02-05,128.0
2007-02-06,127.95
2007-02-07,127.9
2007-02-08,128.0
2007-02-09,128.0
2007-02-12,127.95
2007-02-13,128.1
2007-02-14,128.05
2007-02-15,128.03
2007-02-16,127.9
2007-02-19,127.9
2007-02-20,127.95
2007-02-21,128.0
2007-02-22,128.15
2007-02-23,128.14
2007-02-26,128.1
2007-02-27,127.95
2007-02-28,128.1
2007-03-01,128.15
2007-03-02,128.05
2007-03-05,128.03
2007-03-06,128.05
2007-03-07,128.2
2007-03-08,128.1
2007-03-09,128.2
2007-03-12,128.1
2007-03-13,128.1
2007-03-14,128.0
2007-03-15,128.0
2007-03-16,128.0
2007-03-19,128.0
2007-03-20,128.15
2007-03-21,127.95
2007-03-22,128.1
2007-03-23,128.1
2007-03-26,127.8
2007-03-27,128.0
2007-03-28,128.0
2007-03-29,128.0
2007-03-30,127.8
2007-04-02,127.7
2007-04-03,128.0
2007-04-04,128.0
2007-04-05,127.8
2007-04-06,127.8
2007-04-09,127.8
2007-04-10,128.1
2007-04-11,127.95
2007-04-12,128.05
2007-04-13,127.75
2007-04-16,128.05
2007-04-17,127.75
2007-04-18,128.02
2007-04-19,127.85
2007-04-20,127.8
2007-04-23,127.9
2007-04-24,127.7
2007-04-25,127.2
2007-04-26,127.2
2007-04-27,127.15
2007-04-30,127.4
2007-05-01,127.2
2007-05-02,127.05
2007-05-03,127.3
2007-05-04,127.25
2007-05-07,127.5
2007-05-08,127.35
2007-05-09,127.4
2007-05-10,127.45
2007-05-11,127.43
2007-05-14,127.57
2007-05-15,127.42
2007-05-16,127.46
2007-05-17,127.45
2007-05-18,127.58
2007-05-21,127.3
2007-05-22,127.35
2007-05-23,127.4
2007-05-24,127.4
2007-05-25,127.4
2007-05-28,127.45
2007-05-29,127.43
2007-05-30,127.37
2007-05-31,127.5
2007-06-01,127.45
2007-06-04,127.4
2007-06-05,127.38
2007-06-06,127.3
2007-06-07,127.4
2007-06-08,127.4
2007-06-11,127.34
2007-06-12,127.25
2007-06-13,127.4
2007-06-14,127.43
2007-06-15,127.35
2007-06-18,127.4
2007-06-19,127.43
2007-06-20,127.4
2007-06-21,127.35
2007-06-22,127.25
2007-06-25,127.2
2007-06-26,127.25
2007-06-27,127.2
2007-06-28,127.15
2007-06-29,127.1
2007-07-02,127.15
2007-07-03,127.0
2007-07-04,127.1
2007-07-05,127.05
2007-07-06,127.15
2007-07-09,127.1
2007-07-10,127.25
2007-07-11,127.05
2007-07-12,126.8
2007-07-13,126.8
2007-07-16,126.75
2007-07-17,126.65
2007-07-18,126.55
2007-07-19,126.85
2007-07-20,126.75
2007-07-23,126.75
2007-07-24,127.1
2007-07-25,127.05
2007-07-26,127.0
2007-07-27,126.75
2007-07-30,127.11
2007-07-31,126.8
2007-08-01,127.0
2007-08-02,127.06
2007-08-03,127.03
2007-08-06,127.0
2007-08-07,126.8
2007-08-08,126.9
2007-08-09,126.9
2007-08-10,126.93
2007-08-13,126.87
2007-08-14,126.25
2007-08-15,126.29
2007-08-16,126.05
2007-08-17,125.95
2007-08-20,126.28
2007-08-21,126.05
2007-08-22,126.25
2007-08-23,126.32
2007-08-24,126.25
2007-08-27,126.28
2007-08-28,126.12
2007-08-29,126.2
2007-08-30,126.21
2007-08-31,126.15
2007-09-03,126.05
2007-09-04,126.05
2007-09-05,126.02
2007-09-06,126.05
2007-09-07,126.05
2007-09-10,125.95
2007-09-11,126.01
2007-09-12,126.0
2007-09-13,126.0
2007-09-14,125.9
2007-09-17,125.52
2007-09-18,125.68
2007-09-19,125.4
2007-09-20,125.3
2007-09-21,125.2
2007-09-24,125.3
2007-09-25,125.29
2007-09-26,124.9
2007-09-27,125.0
2007-09-28,124.9
2007-10-01,124.8
2007-10-02,124.8
2007-10-03,124.9
2007-10-04,124.45
2007-10-05,124.3
2007-10-08,124.5
2007-10-09,124.5
2007-10-10,124.5
2007-10-11,124.5
2007-10-12,124.35
2007-10-15,124.35
2007-10-16,124.35
2007-10-17,124.1
2007-10-18,123.9
2007-10-19,123.0
2007-10-22,122.35
2007-10-23,121.5
2007-10-24,121.5
2007-10-25,120.9
2007-10-26,121.0
2007-10-29,121.2
2007-10-30,121.0
2007-10-31,121.0
2007-11-01,121.15
2007-11-02,121.15
2007-11-05,121.0
2007-11-06,120.0
2007-11-07,119.0
2007-11-08,119.0
2007-11-09,119.0
2007-11-12,119.0
2007-11-13,118.9
2007-11-14,119.1
2007-11-15,119.3
2007-11-16,119.02
2007-11-19,119.18
2007-11-20,119.12
2007-11-21,119.06
2007-11-22,118.85
2007-11-23,118.85
2007-11-26,118.85
2007-11-27,118.83
2007-11-28,118.84
2007-11-29,118.7
2007-11-30,118.7
2007-12-03,118.0
2007-12-04,118.0
2007-12-05,118.0
2007-12-06,118.08
2007-12-07,117.5
2007-12-10,117.85
2007-12-11,117.95
2007-12-12,117.89
2007-12-13,117.85
2007-12-14,117.8
2007-12-17,117.8
2007-12-18,117.8
2007-12-19,117.8
2007-12-20,117.8
2007-12-21,117.9
2007-12-24,117.6
2007-12-25,117.9
2007-12-26,117.85
2007-12-27,117.85
2007-12-28,118.2
2007-12-31,118.2
2008-01-01,118.2
2008-01-02,118.2
2008-01-03,117.7
2008-01-04,118.1
2008-01-07,118.15
2008-01-08,118.05
2008-01-09,118.0
2008-01-10,117.5
2008-01-11,118.0
2008-01-14,117.5
2008-01-15,117.5
2008-01-16,117.5
2008-01-17,117.5
2008-01-18,116.95
2008-01-21,117.48
2008-01-22,117.47
2008-01-23,117.65
2008-01-24,117.65
2008-01-25,117.65
2008-01-28,117.75
2008-01-29,117.7
2008-01-30,117.7
2008-01-31,117.7
2008-02-01,117.5
2008-02-04,117.5
2008-02-05,117.61
2008-02-06,117.4
2008-02-07,117.56
2008-02-08,117.5
2008-02-11,117.43
2008-02-12,117.3
2008-02-13,117.35
2008-02-14,117.55
2008-02-15,117.51
2008-02-18,117.5
2008-02-19,117.15
2008-02-20,117.15
2008-02-21,117.5
2008-02-22,117.4
2008-02-25,117.27
2008-02-26,117.26
2008-02-27,117.04
2008-02-28,116.95
2008-02-29,117.0
2008-03-03,117.01
2008-03-04,116.98
2008-03-05,117.0
2008-03-06,116.83
2008-03-07,116.91
2008-03-10,116.55
2008-03-11,116.6
2008-03-12,116.5
2008-03-13,116.55
2008-03-14,116.35
2008-03-17,116.48
2008-03-18,116.62
2008-03-19,116.4
2008-03-20,116.59
2008-03-21,116.59
2008-03-24,116.59
2008-03-25,116.7
2008-03-26,116.84
2008-03-27,117.02
2008-03-28,116.99
2008-03-31,117.04
2008-04-01,117.17
2008-04-02,117.45
2008-04-03,117.38
2008-04-04,117.47
2008-04-07,117.38
2008-04-08,117.34
2008-04-09,117.27
2008-04-10,117.28
2008-04-11,117.3
2008-04-14,117.42
2008-04-15,117.44
2008-04-16,117.65
2008-04-17,117.35
2008-04-18,117.65
2008-04-21,117.65
2008-04-22,117.1
2008-04-23,117.69
2008-04-24,117.65
2008-04-25,117.7
2008-04-28,117.74
2008-04-29,117.5
2008-04-30,117.87
2008-05-01,117.87
2008-05-02,117.76
2008-05-05,117.87
2008-05-06,117.87
2008-05-07,117.9
2008-05-08,117.89
2008-05-09,117.85
2008-05-12,117.8
2008-05-13,117.85
2008-05-14,117.81
2008-05-15,117.84
2008-05-16,117.82
2008-05-19,117.82
2008-05-20,117.82
2008-05-21,117.7
2008-05-22,117.81
2008-05-23,117.75
2008-05-26,117.7
2008-05-27,117.7
2008-05-28,117.8
2008-05-29,117.8
2008-05-30,117.8
2008-06-02,117.79
2008-06-03,117.78
2008-06-04,117.79
2008-06-05,117.79
2008-06-06,117.75
2008-06-09,117.79
2008-06-10,117.75
2008-06-11,117.76
2008-06-12,117.79
2008-06-13,117.8
2008-06-16,117.8
2008-06-17,117.78
2008-06-18,116.75
2008-06-19,117.75
2008-06-20,117.74
2008-06-23,117.8
2008-06-24,117.78
2008-06-25,117.8
2008-06-26,117.77
2008-06-27,117.74
2008-06-30,117.75
2008-07-01,117.77
2008-07-02,117.77
2008-07-03,117.72
2008-07-04,117.65
2008-07-07,116.75
2008-07-08,116.8
2008-07-09,116.8
2008-07-10,116.8
2008-07-11,117.71
2008-07-14,117.68
2008-07-15,117.55
2008-07-16,117.71
2008-07-17,117.71
2008-07-18,117.7
2008-07-21,117.72
2008-07-22,117.75
2008-07-23,117.74
2008-07-24,117.76
2008-07-25,117.75
2008-07-28,117.74
2008-07-29,117.74
2008-07-30,117.74
2008-07-31,117.75
2008-08-01,117.74
2008-08-04,117.72
2008-08-05,117.72
2008-08-06,117.68
2008-08-07,117.7
2008-08-08,117.71
2008-08-11,117.73
2008-08-12,117.73
2008-08-13,117.73
2008-08-14,117.72
2008-08-15,117.72
2008-08-18,117.75
2008-08-19,117.75
2008-08-20,117.75
2008-08-21,117.74
2008-08-22,117.7
2008-08-25,117.69
2008-08-26,117.7
2008-08-27,117.65
2008-08-28,117.6
2008-08-29,117.5
2008-09-01,117.59
2008-09-02,117.55
2008-09-03,117.69
2008-09-04,117.63
2008-09-05,117.64
2008-09-08,117.62
2008-09-09,117.6
2008-09-10,117.61
2008-09-11,117.57
2008-09-12,117.57
2008-09-15,117.6
2008-09-16,117.67
2008-09-17,117.67
2008-09-18,117.71
2008-09-19,117.69
2008-09-22,117.66
2008-09-23,117.66
2008-09-24,117.62
2008-09-25,117.62
2008-09-26,117.59
2008-09-29,117.59
2008-09-30,117.5
2008-10-01,117.5
2008-10-02,117.67
2008-10-03,117.51
2008-10-06,117.72
2008-10-07,117.7
2008-10-08,117.7
2008-10-09,117.7
2008-10-10,117.72
2008-10-13,117.72
2008-10-14,117.72
2008-10-15,117.74
2008-10-16,117.8
2008-10-17,117.84
2008-10-20,117.89
2008-10-21,117.8
2008-10-22,117.84
2008-10-23,117.85
2008-10-24,117.9
2008-10-27,117.79
2008-10-28,117.79
2008-10-29,117.75
2008-10-30,117.71
2008-10-31,117.68
2008-11-03,117.66
2008-11-04,117.67
2008-11-05,117.7
2008-11-06,117.73
2008-11-07,117.7
2008-11-10,117.75
2008-11-11,117.75
2008-11-12,117.74
2008-11-13,117.78
2008-11-14,117.82
2008-11-17,117.6
2008-11-18,117.78
2008-11-19,117.82
2008-11-20,117.84
2008-11-21,117.78
2008-11-24,117.7
2008-11-25,117.9
2008-11-26,117.9
2008-11-27,119.45
2008-11-28,119.1
2008-12-01,122.75
2008-12-02,127.0
2008-12-03,127.0
2008-12-04,124.5
2008-12-05,125.0
2008-12-08,130.0
2008-12-09,130.0
2008-12-10,130.0
2008-12-11,135.0
2008-12-12,135.0
2008-12-15,134.0
2008-12-16,135.15
2008-12-17,133.0
2008-12-18,133.75
2008-12-19,132.55
2008-12-22,139.0
2008-12-23,138.0
2008-12-24,137.75
2008-12-25,137.75
2008-12-26,136.25
2008-12-29,138.25
2008-12-30,135.7
2008-12-31,136.0
2009-01-01,136.0
2009-01-02,137.75
2009-01-05,136.25
2009-01-06,137.1
2009-01-07,138.75
2009-01-08,143.9
2009-01-09,146.1
2009-01-12,153.35
2009-01-13,148.7
2009-01-14,152.75
2009-01-15,150.0
2009-01-16,147.75
2009-01-19,145.0
2009-01-20,148.0
2009-01-21,148.0
2009-01-22,150.0
2009-01-23,150.0
2009-01-26,149.65
2009-01-27,149.75
2009-01-28,147.8
2009-01-29,146.1
2009-01-30,148.5
2009-02-02,148.75
2009-02-03,150.1
2009-02-04,150.1
2009-02-05,145.25
2009-02-06,147.65
2009-02-09,147.5
2009-02-10,148.5
2009-02-11,148.5
2009-02-12,148.5
2009-02-13,148.05
2009-02-16,147.9
2009-02-17,148.05
2009-02-18,147.9
2009-02-19,148.0
2009-02-20,146.5
2009-02-23,147.1
2009-02-24,147.0
2009-02-25,147.0
2009-02-26,147.05
2009-02-27,147.0
2009-03-02,147.75
2009-03-03,147.5
2009-03-04,147.8
2009-03-05,147.5
2009-03-06,147.55
2009-03-09,147.55
2009-03-10,147.25
2009-03-11,147.7
2009-03-12,147.6
2009-03-13,147.5
2009-03-16,147.4
2009-03-17,147.55
2009-03-18,147.25
2009-03-19,147.5
2009-03-20,147.5
2009-03-23,148.7
2009-03-24,148.65
2009-03-25,147.5
2009-03-26,147.5
2009-03-27,147.0
2009-03-30,147.0
2009-03-31,147.25
2009-04-01,147.2
2009-04-02,147.0
2009-04-03,147.55
2009-04-06,147.5
2009-04-07,147.5
2009-04-08,147.5
2009-04-09,147.25
2009-04-10,147.25
2009-04-13,147.0
2009-04-14,147.0
2009-04-15,147.25
2009-04-16,147.25
2009-04-17,147.25
2009-04-20,147.25
2009-04-21,147.25
2009-04-22,147.0
2009-04-23,147.25
2009-04-24,147.0
2009-04-27,146.75
2009-04-28,147.0
2009-04-29,147.0
2009-04-30,147.55
2009-05-01,147.5
2009-05-04,147.25
2009-05-05,147.5
2009-05-06,147.0
2009-05-07,147.0
2009-05-08,147.25
2009-05-11,147.0
2009-05-12,147.0
2009-05-13,147.25
2009-05-14,147.15
2009-05-15,147.25
2009-05-18,147.25
2009-05-19,147.0
2009-05-20,147.0
2009-05-21,147.0
2009-05-22,147.0
2009-05-25,147.0
2009-05-26,146.5
2009-05-27,147.5
2009-05-28,147.5
2009-05-29,147.5
2009-06-01,148.99
2009-06-02,147.0
2009-06-03,148.18
2009-06-04,148.67
2009-06-05,147.0
2009-06-08,147.25
2009-06-09,148.11
2009-06-10,147.05
2009-06-11,148.5
2009-06-12,147.0
2009-06-15,147.0
2009-06-16,148.1
2009-06-17,146.5
2009-06-18,148.0
2009-06-19,148.0
2009-06-22,148.85
2009-06-23,146.7
2009-06-24,149.03
2009-06-25,148.3
2009-06-26,146.5
2009-06-29,147.7
2009-06-30,147.7
2009-07-01,147.65
2009-07-02,147.82
2009-07-03,147.84
2009-07-06,147.7
2009-07-07,148.45
2009-07-08,148.35
2009-07-09,147.7
2009-07-10,147.0
2009-07-13,147.8
2009-07-14,147.8
2009-07-15,148.8
2009-07-16,148.3
2009-07-17,148.7
2009-07-20,149.25
2009-07-21,149.15
2009-07-22,149.4
2009-07-23,150.8
2009-07-24,150.69
2009-07-27,148.0
2009-07-28,151.65
2009-07-29,151.8
2009-07-30,156.5
2009-07-31,156.7
2009-08-03,155.0
2009-08-04,155.0
2009-08-05,154.4
2009-08-06,154.25
2009-08-07,153.8
2009-08-10,154.5
2009-08-11,154.5
2009-08-12,153.7
2009-08-13,154.31
2009-08-14,156.0
2009-08-17,158.0
2009-08-18,158.2
2009-08-19,158.4
2009-08-20,155.95
2009-08-21,156.0
2009-08-24,155.65
2009-08-25,154.4
2009-08-26,156.2
2009-08-27,153.5
2009-08-28,154.0
2009-08-31,154.05
2009-09-01,154.0
2009-09-02,152.75
2009-09-03,154.08
2009-09-04,154.0
2009-09-07,154.42
2009-09-08,154.1
2009-09-09,153.95
2009-09-10,154.22
2009-09-11,153.95
2009-09-14,154.02
2009-09-15,153.75
2009-09-16,153.65
2009-09-17,153.5
2009-09-18,153.75
2009-09-21,155.0
2009-09-22,154.5
2009-09-23,152.45
2009-09-24,150.2
2009-09-25,150.4
2009-09-28,151.5
2009-09-29,150.25
2009-09-30,147.0
2009-10-01,147.6
2009-10-02,146.1
2009-10-05,147.6
2009-10-06,146.0
2009-10-07,149.2
2009-10-08,149.4
2009-10-09,149.45
2009-10-12,149.35
2009-10-13,151.65
2009-10-14,152.5
2009-10-15,151.65
2009-10-16,151.65
2009-10-19,149.75
2009-10-20,149.75
2009-10-21,149.65
2009-10-22,149.7
2009-10-23,149.5
2009-10-26,151.15
2009-10-27,151.1
2009-10-28,151.1
2009-10-29,151.1
2009-10-30,150.85
2009-11-02,151.25
2009-11-03,151.0
2009-11-04,151.05
2009-11-05,151.7
2009-11-06,151.15
2009-11-09,151.96
2009-11-10,152.55
2009-11-11,151.5
2009-11-12,151.9
2009-11-13,151.7
2009-11-16,152.1
2009-11-17,151.75
2009-11-18,150.95
2009-11-19,150.6
2009-11-20,149.7
2009-11-23,149.7
2009-11-24,149.0
2009-11-25,150.05
2009-11-26,150.05
2009-11-27,149.9
2009-11-30,148.2
2009-12-01,145.55
2009-12-02,148.0
2009-12-03,148.75
2009-12-04,150.5
2009-12-07,151.55
2009-12-08,151.8
2009-12-09,149.2
2009-12-10,149.9
2009-12-11,149.9
2009-12-14,150.0
2009-12-15,149.6
2009-12-16,150.1
2009-12-17,150.7
2009-12-18,149.25
2009-12-21,149.1
2009-12-22,148.5
2009-12-23,148.75
2009-12-24,148.75
2009-12-25,148.75
2009-12-28,149.8
2009-12-29,150.0
2009-12-30,150.2
2009-12-31,149.45
2010-01-01,149.45
2010-01-04,149.25
2010-01-05,149.1
2010-01-06,149.0
2010-01-07,149.0
2010-01-08,149.9
2010-01-11,150.9
2010-01-12,150.25
2010-01-13,151.0
2010-01-14,151.4
2010-01-15,151.1
2010-01-18,150.1
2010-01-19,149.7
2010-01-20,150.2
2010-01-21,150.0
2010-01-22,150.0
2010-01-25,150.85
2010-01-26,150.5
2010-01-27,150.75
2010-01-28,150.5
2010-01-29,150.88
2010-02-01,150.9
2010-02-02,151.82
2010-02-03,151.35
2010-02-04,151.3
2010-02-05,151.46
2010-02-08,151.05
2010-02-09,151.1
2010-02-10,150.6
2010-02-11,151.19
2010-02-12,151.0
2010-02-15,150.8
2010-02-16,150.5
2010-02-17,150.9
2010-02-18,150.75
2010-02-19,150.6
2010-02-22,150.25
2010-02-23,150.33
2010-02-24,150.25
2010-02-25,150.1
2010-02-26,150.3
2010-03-01,150.3
2010-03-02,149.55
2010-03-03,149.75
2010-03-04,150.21
2010-03-05,150.45
2010-03-08,150.1
2010-03-09,150.25
2010-03-10,150.3
2010-03-11,150.4
2010-03-12,150.3
2010-03-15,150.38
2010-03-16,149.75
2010-03-17,149.9
2010-03-18,149.8
2010-03-19,149.45
2010-03-22,149.82
2010-03-23,149.5
2010-03-24,149.4
2010-03-25,149.8
2010-03-26,149.0
2010-03-29,149.95
2010-03-30,149.95
2010-03-31,149.7
2010-04-01,149.75
2010-04-02,149.7
2010-04-05,149.5
2010-04-06,149.75
2010-04-07,149.75
2010-04-08,150.2
2010-04-09,150.4
2010-04-12,150.42
2010-04-13,150.2
2010-04-14,150.0
2010-04-15,149.9
2010-04-16,150.0
2010-04-19,149.75
2010-04-20,150.25
2010-04-21,150.37
2010-04-22,150.24
2010-04-23,150.0
2010-04-26,150.45
2010-04-27,150.1
2010-04-28,150.2
2010-04-29,150.7
2010-04-30,150.5
2010-05-03,150.95
2010-05-04,150.75
2010-05-05,150.9
2010-05-06,150.1
2010-05-07,150.69
2010-05-10,150.5
2010-05-11,150.5
2010-05-12,150.5
2010-05-13,150.4
2010-05-14,151.12
2010-05-17,151.25
2010-05-18,152.25
2010-05-19,152.0
2010-05-20,151.85
2010-05-21,151.5
2010-05-24,151.7
2010-05-25,151.75
2010-05-26,152.0
2010-05-27,152.05
2010-05-28,151.5
2010-05-31,151.0
2010-06-01,151.4
2010-06-02,151.1
2010-06-03,150.75
2010-06-04,150.75
2010-06-07,151.25
2010-06-08,151.29
2010-06-09,151.22
2010-06-10,151.19
2010-06-11,150.8
2010-06-14,150.95
2010-06-15,151.3
2010-06-16,151.26
2010-06-17,151.2
2010-06-18,151.25
2010-06-21,151.0
2010-06-22,150.75
2010-06-23,151.0
2010-06-24,151.18
2010-06-25,150.82
2010-06-28,150.65
2010-06-29,150.23
2010-06-30,149.9
2010-07-01,149.65
2010-07-02,149.7
2010-07-05,149.8
2010-07-06,149.25
2010-07-07,149.55
2010-07-08,149.55
2010-07-09,150.55
2010-07-12,150.45
2010-07-13,150.2
2010-07-14,150.36
2010-07-15,150.4
2010-07-16,150.1
2010-07-19,150.5
2010-07-20,150.0
2010-07-21,150.25
2010-07-22,149.95
2010-07-23,150.0
2010-07-26,150.2
2010-07-27,150.3
2010-07-28,150.2
2010-07-29,150.1
2010-07-30,150.1
2010-08-02,149.9
2010-08-03,150.0
2010-08-04,150.15
2010-08-05,149.75
2010-08-06,149.75
2010-08-09,150.35
2010-08-10,150.2
2010-08-11,150.0
2010-08-12,150.35
2010-08-13,150.0
2010-08-16,150.55
2010-08-17,150.5
2010-08-18,150.5
2010-08-19,150.45
2010-08-20,150.44
2010-08-23,150.6
2010-08-24,150.72
2010-08-25,150.7
2010-08-26,151.35
2010-08-27,151.25
2010-08-30,151.75
2010-08-31,151.4
2010-09-01,151.0
2010-09-02,151.0
2010-09-03,150.25
2010-09-06,151.4
2010-09-07,151.29
2010-09-08,151.6
2010-09-09,151.4
2010-09-10,151.4
2010-09-13,151.7
2010-09-14,151.5
2010-09-15,151.25
2010-09-16,151.9
2010-09-17,151.9
2010-09-20,152.0
2010-09-21,153.1
2010-09-22,153.2
2010-09-23,153.65
2010-09-24,153.2
2010-09-27,155.0
2010-09-28,154.25
2010-09-29,154.25
2010-09-30,154.2
2010-10-01,154.5
2010-10-04,154.15
2010-10-05,152.15
2010-10-06,151.38
2010-10-07,151.38
2010-10-08,150.75
2010-10-11,152.0
2010-10-12,151.97
2010-10-13,152.1
2010-10-14,152.0
2010-10-15,152.17
2010-10-18,152.6
2010-10-19,152.0
2010-10-20,152.38
2010-10-21,151.95
2010-10-22,151.25
2010-10-25,151.0
2010-10-26,150.35
2010-10-27,150.25
2010-10-28,149.95
2010-10-29,150.75
2010-11-01,150.0
2010-11-02,150.0
2010-11-03,150.27
2010-11-04,150.3
2010-11-05,150.58
2010-11-08,150.5
2010-11-09,150.18
2010-11-10,150.4
2010-11-11,150.5
2010-11-12,150.5
2010-11-15,150.7
2010-11-16,150.7
2010-11-17,150.75
2010-11-18,149.95
2010-11-19,150.29
2010-11-22,150.52
2010-11-23,150.43
2010-11-24,150.75
2010-11-25,150.47
2010-11-26,150.7
2010-11-29,150.7
2010-11-30,150.8
2010-12-01,151.0
2010-12-02,150.9
2010-12-03,151.15
2010-12-06,151.45
2010-12-07,151.15
2010-12-08,151.8
2010-12-09,151.6
2010-12-10,151.78
2010-12-13,152.0
2010-12-14,152.38
2010-12-15,153.5
2010-12-16,154.75
2010-12-17,154.5
2010-12-20,154.9
2010-12-21,154.3
2010-12-22,152.85
2010-12-23,152.45
2010-12-24,153.73
2010-12-27,153.73
2010-12-28,153.73
2010-12-29,153.65
2010-12-30,151.9
2010-12-31,151.95
2011-01-03,152.0
2011-01-04,152.3
2011-01-05,152.0
2011-01-06,152.0
2011-01-07,152.2
2011-01-10,152.6
2011-01-11,152.4
2011-01-12,152.9
2011-01-13,153.9
2011-01-14,153.2
2011-01-17,153.58
2011-01-18,152.25
2011-01-19,152.25
2011-01-20,152.52
2011-01-21,152.25
2011-01-24,152.5
2011-01-25,152.0
2011-01-26,151.75
2011-01-27,151.8
2011-01-28,152.06
2011-01-31,151.9
2011-02-01,152.25
2011-02-02,152.1
2011-02-03,152.5
2011-02-04,152.3
2011-02-07,152.5
2011-02-08,152.55
2011-02-09,151.9
2011-02-10,152.05
2011-02-11,152.4
2011-02-14,152.4
2011-02-15,152.4
2011-02-16,152.5
2011-02-17,153.1
2011-02-18,153.73
2011-02-21,153.97
2011-02-22,153.64
2011-02-23,152.51
2011-02-24,153.02
2011-02-25,153.02
2011-02-28,153.25
2011-03-01,153.38
2011-03-02,153.6
2011-03-03,154.3
2011-03-04,154.2
2011-03-07,154.25
2011-03-08,154.18
2011-03-09,154.05
2011-03-10,154.85
2011-03-11,154.8
2011-03-14,155.1
2011-03-15,155.73
2011-03-16,156.5
2011-03-17,157.05
2011-03-18,155.55
2011-03-21,155.95
2011-03-22,155.0
2011-03-23,155.9
2011-03-24,155.6
2011-03-25,155.35
2011-03-28,155.55
2011-03-29,155.6
2011-03-30,155.25
2011-03-31,155.05
2011-04-01,153.9
2011-04-04,154.0
2011-04-05,153.8
2011-04-06,153.95
2011-04-07,154.25
2011-04-08,154.3
2011-04-11,154.82
2011-04-12,155.3
2011-04-13,155.3
2011-04-14,154.8
2011-04-15,154.75
2011-04-18,154.7
2011-04-19,154.6
2011-04-20,154.4
2011-04-21,154.65
2011-04-22,154.58
2011-04-25,154.65
2011-04-26,154.58
2011-04-27,154.5
2011-04-28,154.1
2011-04-29,154.5
2011-05-02,154.3
2011-05-03,154.65
2011-05-04,154.5
2011-05-05,154.9
2011-05-06,154.95
2011-05-09,155.7
2011-05-10,156.2
2011-05-11,157.1
2011-05-12,156.7
2011-05-13,155.7
2011-05-16,155.55
2011-05-17,155.75
2011-05-18,156.57
2011-05-19,156.4
2011-05-20,156.6
2011-05-23,156.58
2011-05-24,156.9
2011-05-25,157.4
2011-05-26,156.7
2011-05-27,156.6
2011-05-30,156.6
2011-05-31,156.3
2011-06-01,156.15
2011-06-02,155.4
2011-06-03,155.1
2011-06-06,155.0
2011-06-07,155.3
2011-06-08,155.0
2011-06-09,154.7
2011-06-10,155.4
2011-06-13,156.25
2011-06-14,156.7
2011-06-15,156.8
2011-06-16,156.65
2011-06-17,156.5
2011-06-20,156.6
2011-06-21,156.6
2011-06-22,156.48
2011-06-23,156.5
2011-06-24,155.85
2011-06-27,154.15
2011-06-28,154.0
2011-06-29,153.5
2011-06-30,152.45
2011-07-01,151.05
2011-07-04,152.7
2011-07-05,152.4
2011-07-06,152.4
2011-07-07,153.2
2011-07-08,152.42
2011-07-11,153.0
2011-07-12,151.5
2011-07-13,152.1
2011-07-14,152.2
2011-07-15,152.3
2011-07-18,152.11
2011-07-19,152.05
2011-07-20,152.07
2011-07-21,152.15
2011-07-22,152.0
2011-07-25,152.0
2011-07-26,152.0
2011-07-27,152.8
2011-07-28,153.0
2011-07-29,152.7
2011-08-01,152.5
2011-08-02,152.5
2011-08-03,152.49
2011-08-04,152.39
2011-08-05,153.3
2011-08-08,152.2
2011-08-09,152.2
2011-08-10,152.94
2011-08-11,154.0
2011-08-12,153.55
2011-08-15,153.8
2011-08-16,153.74
2011-08-17,153.75
2011-08-18,153.5
2011-08-19,153.5
2011-08-22,155.9
2011-08-23,155.45
2011-08-24,151.09
2011-08-25,154.88
2011-08-26,154.6
2011-08-29,154.78
2011-08-30,154.75
2011-08-31,154.65
2011-09-01,154.4
2011-09-02,154.63
2011-09-05,155.61
2011-09-06,155.5
2011-09-07,155.9
2011-09-08,155.5
2011-09-09,154.6
2011-09-12,154.6
2011-09-13,155.2
2011-09-14,156.0
2011-09-15,156.1
2011-09-16,156.1
2011-09-19,156.68
2011-09-20,157.0
2011-09-21,157.6
2011-09-22,157.82
2011-09-23,156.52
2011-09-26,157.82
2011-09-27,157.9
2011-09-28,158.0
2011-09-29,159.21
2011-09-30,159.85
2011-10-03,159.7
2011-10-04,159.0
2011-10-05,161.5
2011-10-06,163.9
2011-10-07,160.1
2011-10-10,164.2
2011-10-11,158.8
2011-10-12,157.0
2011-10-13,160.2
2011-10-14,160.35
2011-10-17,162.7
2011-10-18,159.0
2011-10-19,157.1
2011-10-20,155.85
2011-10-21,158.9
2011-10-24,162.0
2011-10-25,155.6
2011-10-26,159.3
2011-10-27,160.65
2011-10-28,159.6
2011-10-31,159.2
2011-11-01,159.7
2011-11-02,157.5
2011-11-03,156.45
2011-11-04,157.1
2011-11-07,157.0
2011-11-08,157.4
2011-11-09,158.2
2011-11-10,158.5
2011-11-11,158.5
2011-11-14,158.55
2011-11-15,159.15
2011-11-16,159.15
2011-11-17,158.55
2011-11-18,158.5
2011-11-21,158.5
2011-11-22,159.14
2011-11-23,159.7
2011-11-24,159.45
2011-11-25,159.5
2011-11-28,160.1
2011-11-29,161.0
2011-11-30,161.2
2011-12-01,161.2
2011-12-02,161.4
2011-12-05,161.1
2011-12-06,161.5
2011-12-07,161.5
2011-12-08,162.0
2011-12-09,161.7
2011-12-12,162.0
2011-12-13,162.25
2011-12-14,162.5
2011-12-15,161.9
2011-12-16,161.5
2011-12-19,162.22
2011-12-20,162.2
2011-12-21,163.2
2011-12-22,163.88
2011-12-23,164.88
2011-12-26,162.2
2011-12-27,164.8
2011-12-28,162.9
2011-12-29,163.0
2011-12-30,162.2
2012-01-02,162.2
2012-01-03,160.2
2012-01-04,159.8
2012-01-05,159.7
2012-01-06,160.0
2012-01-09,162.0
2012-01-10,161.9
2012-01-11,161.8
2012-01-12,161.81
2012-01-13,163.0
2012-01-16,161.69
2012-01-17,162.4
2012-01-18,161.2
2012-01-19,161.4
2012-01-20,160.85
2012-01-23,160.9
2012-01-24,160.8
2012-01-25,159.7
2012-01-26,160.25
2012-01-27,160.9
2012-01-30,161.28
2012-01-31,160.9
2012-02-01,161.0
2012-02-02,160.42
2012-02-03,159.95
2012-02-06,160.1
2012-02-07,159.75
2012-02-08,159.1
2012-02-09,158.9
2012-02-10,158.6
2012-02-13,158.9
2012-02-14,158.5
2012-02-15,158.0
2012-02-16,158.1
2012-02-17,158.0
2012-02-20,157.5
2012-02-21,157.55
2012-02-22,157.35
2012-02-23,156.7
2012-02-24,157.25
2012-02-27,157.0
2012-02-28,157.45
2012-02-29,157.2
2012-03-01,157.25
2012-03-02,157.4
2012-03-05,157.5
2012-03-06,157.5
2012-03-07,157.2
2012-03-08,157.5
2012-03-09,157.1
2012-03-12,158.0
2012-03-13,157.75
2012-03-14,157.5
2012-03-15,157.55
2012-03-16,157.6
2012-03-19,157.6
2012-03-20,157.25
2012-03-21,157.8
2012-03-22,157.65
2012-03-23,157.65
2012-03-26,157.6
2012-03-27,157.2
2012-03-28,157.65
2012-03-29,157.65
2012-03-30,157.75
2012-04-02,157.65
2012-04-03,157.5
2012-04-04,157.56
2012-04-05,157.58
2012-04-06,157.55
2012-04-09,157.62
2012-04-10,157.39
2012-04-11,157.5
2012-04-12,157.55
2012-04-13,157.35
2012-04-16,157.34
2012-04-17,157.4
2012-04-18,157.1
2012-04-19,157.25
2012-04-20,157.15
2012-04-23,157.2
2012-04-24,157.3
2012-04-25,157.15
2012-04-26,157.42
2012-04-27,157.55
2012-04-30,157.3
2012-05-01,157.32
2012-05-02,157.35
2012-05-03,157.0
2012-05-04,157.0
2012-05-07,157.24
2012-05-08,157.45
2012-05-09,157.5
2012-05-10,157.5
2012-05-11,157.7
2012-05-14,157.86
2012-05-15,158.15
2012-05-16,158.93
2012-05-17,158.75
2012-05-18,158.75
2012-05-21,158.5
2012-05-22,159.0
2012-05-23,159.1
2012-05-24,159.5
2012-05-25,159.56
2012-05-28,158.85
2012-05-29,159.0
2012-05-30,159.85
2012-05-31,159.6
2012-06-01,160.35
2012-06-04,161.05
2012-06-05,162.18
2012-06-06,161.0
2012-06-07,162.3
2012-06-08,162.75
2012-06-11,162.74
2012-06-12,162.5
2012-06-13,162.7
2012-06-14,162.8
2012-06-15,163.25
2012-06-18,161.75
2012-06-19,161.5
2012-06-20,162.4
2012-06-21,162.5
2012-06-22,162.81
2012-06-25,162.55
2012-06-26,162.5
2012-06-27,162.5
2012-06-28,162.58
2012-06-29,162.5
2012-07-02,162.5
2012-07-03,162.4
2012-07-04,162.65
2012-07-05,161.95
2012-07-06,160.65
2012-07-09,160.55
2012-07-10,160.61
2012-07-11,161.0
2012-07-12,162.15
2012-07-13,162.15
2012-07-16,162.15
2012-07-17,160.0
2012-07-18,161.0
2012-07-19,161.2
2012-07-20,161.1
2012-07-23,160.7
2012-07-24,160.75
2012-07-25,159.4
2012-07-26,160.6
2012-07-27,160.8
2012-07-30,160.3
2012-07-31,160.5
2012-08-01,160.7
2012-08-02,161.2
2012-08-03,161.75
2012-08-06,161.5
2012-08-07,161.5
2012-08-08,160.0
2012-08-09,158.7
2012-08-10,158.12
2012-08-13,157.8
2012-08-14,158.5
2012-08-15,156.5
2012-08-16,156.95
2012-08-17,157.6
2012-08-20,157.5
2012-08-21,157.6
2012-08-22,157.4
2012-08-23,158.25
2012-08-24,157.95
2012-08-27,157.9
2012-08-28,158.15
2012-08-29,158.05
2012-08-30,158.05
2012-08-31,157.9
2012-09-03,158.05
2012-09-04,158.4
2012-09-05,158.2
2012-09-06,157.8
2012-09-07,157.4
2012-09-10,157.5
2012-09-11,157.8
2012-09-12,157.95
2012-09-13,157.7
2012-09-14,157.3
2012-09-17,157.7
2012-09-18,157.68
2012-09-19,157.4
2012-09-20,157.58
2012-09-21,157.5
2012-09-24,157.55
2012-09-25,157.5
2012-09-26,157.3
2012-09-27,157.1
2012-09-28,157.1
2012-10-01,157.15
2012-10-02,157.1
2012-10-03,157.0
2012-10-04,156.5
2012-10-05,156.95
2012-10-08,157.0
2012-10-09,157.25
2012-10-10,157.15
2012-10-11,157.0
2012-10-12,157.15
2012-10-15,157.15
2012-10-16,157.15
2012-10-17,157.52
2012-10-18,157.15
2012-10-19,157.3
2012-10-22,157.15
2012-10-23,157.2
2012-10-24,157.25
2012-10-25,157.2
2012-10-26,157.2
2012-10-29,156.95
2012-10-30,156.98
2012-10-31,157.01
2012-11-01,156.5
2012-11-02,156.75
2012-11-05,156.8
2012-11-06,156.8
2012-11-07,157.25
2012-11-08,157.1
2012-11-09,157.3
2012-11-12,157.79
2012-11-13,157.75
2012-11-14,157.6
2012-11-15,157.95
2012-11-16,158.45
2012-11-19,157.78
2012-11-20,157.95
2012-11-21,157.65
2012-11-22,157.45
2012-11-23,157.4
2012-11-26,157.35
2012-11-27,157.45
2012-11-28,157.5
2012-11-29,157.2
2012-11-30,157.3
2012-12-03,157.05
2012-12-04,157.0
2012-12-05,156.9
2012-12-06,157.22
2012-12-07,156.9
2012-12-10,156.9
2012-12-11,157.4
2012-12-12,157.55
2012-12-13,157.7
2012-12-14,157.55
2012-12-17,157.7
2012-12-18,157.75
2012-12-19,157.77
2012-12-20,157.1
2012-12-21,157.0
2012-12-24,157.0
2012-12-25,157.1
2012-12-26,157.1
2012-12-27,156.9
2012-12-28,156.1
2012-12-31,156.1
2013-01-01,156.1
2013-01-02,156.65
2013-01-03,156.1
2013-01-04,156.6
2013-01-07,156.9
2013-01-08,156.05
2013-01-09,156.4
2013-01-10,156.0
2013-01-11,156.21
2013-01-14,156.25
2013-01-15,157.1
2013-01-16,157.2
2013-01-17,157.0
2013-01-18,157.0
2013-01-21,156.9
2013-01-22,157.1
2013-01-23,157.4
2013-01-24,157.4
2013-01-25,156.9
2013-01-28,157.05
2013-01-29,157.1
2013-01-30,157.3
2013-01-31,157.1
2013-02-01,157.23
2013-02-04,157.15
2013-02-05,157.2
2013-02-06,157.2
2013-02-07,157.3
2013-02-08,157.2
2013-02-11,157.28
2013-02-12,157.2
2013-02-13,157.32
2013-02-14,157.28
2013-02-15,157.26
2013-02-18,157.4
2013-02-19,157.35
2013-02-20,157.28
2013-02-21,157.35
2013-02-22,157.4
2013-02-25,157.35
2013-02-26,157.45
2013-02-27,158.0
2013-02-28,158.25
2013-03-01,158.0
2013-03-04,157.25
2013-03-05,157.6
2013-03-06,158.0
2013-03-07,157.65
2013-03-08,157.7
2013-03-11,158.2
2013-03-12,158.4
2013-03-13,158.85
2013-03-14,159.48
2013-03-15,158.5
2013-03-18,158.5
2013-03-19,158.6
2013-03-20,158.75
2013-03-21,158.53
2013-03-22,158.15
2013-03-25,158.2
2013-03-26,158.3
2013-03-27,158.16
2013-03-28,158.45
2013-03-29,158.45
2013-04-01,158.45
2013-04-02,158.4
2013-04-03,157.95
2013-04-04,157.52
2013-04-05,157.4
2013-04-08,157.5
2013-04-09,157.6
2013-04-10,157.3
2013-04-11,157.5
2013-04-12,157.8
2013-04-15,157.8
2013-04-16,158.0
2013-04-17,158.3
2013-04-18,158.4
2013-04-19,158.58
2013-04-22,158.7
2013-04-23,158.65
2013-04-24,158.85
2013-04-25,158.9
2013-04-26,158.6
2013-04-29,157.7
2013-04-30,157.9
2013-05-01,157.9
2013-05-02,158.2
2013-05-03,157.9
2013-05-06,157.8
2013-05-07,157.9
2013-05-08,157.65
2013-05-09,157.4
2013-05-10,157.6
2013-05-13,157.3
2013-05-14,157.2
2013-05-15,157.3
2013-05-16,158.08
2013-05-17,158.3
2013-05-20,158.2
2013-05-21,158.2
2013-05-22,158.2
2013-05-23,158.2
2013-05-24,157.9
2013-05-27,158.18
2013-05-28,158.3
2013-05-29,158.2
2013-05-30,158.3
2013-05-31,158.1
2013-06-03,158.05
2013-06-04,158.5
2013-06-05,158.5
2013-06-06,158.8
2013-06-07,159.6
2013-06-10,158.85
2013-06-11,159.7
2013-06-12,160.0
2013-06-13,161.1
2013-06-14,162.5
2013-06-17,160.0
2013-06-18,160.1
2013-06-19,159.7
2013-06-20,161.0
2013-06-21,159.95
2013-06-24,159.5
2013-06-25,160.45
2013-06-26,161.2
2013-06-27,161.5
2013-06-28,162.48
2013-07-01,161.5
2013-07-02,160.4
2013-07-03,160.0
2013-07-04,161.35
2013-07-05,161.4
2013-07-08,161.73
2013-07-09,161.6
2013-07-10,161.0
2013-07-11,161.35
2013-07-12,161.4
2013-07-15,161.3
2013-07-16,161.15
2013-07-17,161.3
2013-07-18,161.2
2013-07-19,161.2
2013-07-22,161.12
2013-07-23,161.79
2013-07-24,160.1
2013-07-25,160.65
2013-07-26,160.7
2013-07-29,160.6
2013-07-30,160.73
2013-07-31,160.5
2013-08-01,159.6
2013-08-02,160.09
2013-08-05,159.5
2013-08-06,159.51
2013-08-07,160.03
2013-08-08,159.9
2013-08-09,160.03
2013-08-12,160.5
2013-08-13,160.6
2013-08-14,160.8
2013-08-15,161.1
2013-08-16,161.4
2013-08-19,161.5
2013-08-20,161.35
2013-08-21,161.0
2013-08-22,161.62
2013-08-23,161.3
2013-08-26,161.29
2013-08-27,161.95
2013-08-28,162.1
2013-08-29,163.5
2013-08-30,162.1
2013-09-02,162.9
2013-09-03,162.78
2013-09-04,163.3
2013-09-05,163.28
2013-09-06,163.3
2013-09-09,162.55
2013-09-10,163.7
2013-09-11,162.58
2013-09-12,162.85
2013-09-13,161.85
2013-09-16,162.0
2013-09-17,162.25
2013-09-18,161.9
2013-09-19,161.1
2013-09-20,161.03
2013-09-23,159.0
2013-09-24,160.05
2013-09-25,159.85
2013-09-26,161.25
2013-09-27,159.85
2013-09-30,161.2
2013-10-01,161.5
2013-10-02,161.85
2013-10-03,161.45
2013-10-04,160.2
2013-10-07,160.25
2013-10-08,159.68
2013-10-09,160.25
2013-10-10,160.65
2013-10-11,160.0
2013-10-14,160.0
2013-10-15,160.1
2013-10-16,160.1
2013-10-17,159.7
2013-10-18,159.85
2013-10-21,159.85
2013-10-22,159.4
2013-10-23,158.85
2013-10-24,158.78
2013-10-25,158.55
2013-10-28,158.45
2013-10-29,159.2
2013-10-30,158.82
2013-10-31,158.7
2013-11-01,158.68
2013-11-04,158.4
2013-11-05,158.5
2013-11-06,158.32
2013-11-07,158.4
2013-11-08,158.3
2013-11-11,158.95
2013-11-12,158.93
2013-11-13,159.5
2013-11-14,159.12
2013-11-15,158.6
2013-11-18,158.98
2013-11-19,158.83
2013-11-20,158.9
2013-11-21,158.88
2013-11-22,158.56
2013-11-25,158.55
2013-11-26,158.55
2013-11-27,158.75
2013-11-28,158.55
2013-11-29,158.35
2013-12-02,158.38
2013-12-03,158.0
2013-12-04,158.3
2013-12-05,158.7
2013-12-06,158.2
2013-12-09,158.3
2013-12-10,158.09
2013-12-11,158.44
2013-12-12,158.38
2013-12-13,158.8
2013-12-16,158.45
2013-12-17,158.97
2013-12-18,159.87
2013-12-19,158.2
2013-12-20,158.85
2013-12-23,159.5
2013-12-24,159.4
2013-12-25,159.4
2013-12-26,159.8
2013-12-27,160.4
2013-12-30,161.14
2013-12-31,159.9
2014-01-01,159.9
2014-01-02,158.7
2014-01-03,158.67
2014-01-06,159.1
2014-01-07,159.64
2014-01-08,159.5
2014-01-09,158.9
2014-01-10,159.4
2014-01-13,159.6
2014-01-14,159.6
2014-01-15,159.4
2014-01-16,159.93
2014-01-17,160.02
2014-01-20,159.6
2014-01-21,159.2
2014-01-22,159.5
2014-01-23,160.1
2014-01-24,160.3
2014-01-27,162.3
2014-01-28,162.85
2014-01-29,162.25
2014-01-30,162.3
2014-01-31,162.61
2014-02-03,162.92
2014-02-04,162.73
2014-02-05,162.25
2014-02-06,163.35
2014-02-07,163.32
2014-02-10,164.0
2014-02-11,164.15
2014-02-12,164.65
2014-02-13,163.1
2014-02-14,162.4
2014-02-17,162.55
2014-02-18,162.5
2014-02-19,163.8
2014-02-20,165.0
2014-02-21,165.55
2014-02-24,164.3
2014-02-25,164.5
2014-02-26,164.6
2014-02-27,165.1
2014-02-28,164.89
2014-03-03,163.9
2014-03-04,164.5
2014-03-05,164.0
2014-03-06,164.3
2014-03-07,164.67
2014-03-10,164.3
2014-03-11,165.05
2014-03-12,164.7
2014-03-13,164.6
2014-03-14,164.6
2014-03-17,164.57
2014-03-18,164.3
2014-03-19,164.7
2014-03-20,164.8
2014-03-21,164.82
2014-03-24,165.14
2014-03-25,165.05
2014-03-26,164.85
2014-03-27,165.0
2014-03-28,164.95
2014-03-31,165.0
2014-04-01,164.75
2014-04-02,163.9
2014-04-03,163.45
2014-04-04,163.95
2014-04-07,163.9
2014-04-08,163.9
2014-04-09,162.85
2014-04-10,160.77
2014-04-11,160.9
2014-04-14,161.18
2014-04-15,161.65
2014-04-16,162.05
2014-04-17,162.2
2014-04-18,162.22
2014-04-21,162.22
2014-04-22,162.07
2014-04-23,161.57
2014-04-24,161.02
2014-04-25,160.79
2014-04-28,161.0
2014-04-29,160.5
2014-04-30,160.6
2014-05-01,160.5
2014-05-02,159.8
2014-05-05,158.65
2014-05-06,161.55
2014-05-07,161.8
2014-05-08,160.9
2014-05-09,161.15
2014-05-12,161.4
2014-05-13,162.5
2014-05-14,162.62
2014-05-15,162.45
2014-05-16,162.3
2014-05-19,162.51
2014-05-20,163.05
2014-05-21,162.3
2014-05-22,162.1
2014-05-23,162.3
2014-05-26,162.3
2014-05-27,162.61
2014-05-28,162.7
2014-05-29,162.6
2014-05-30,162.69
2014-06-02,161.98
2014-06-03,162.46
2014-06-04,162.25
2014-06-05,163.6
2014-06-06,162.9
2014-06-09,162.65
2014-06-10,162.75
2014-06-11,162.79
2014-06-12,163.2
2014-06-13,162.9
2014-06-16,162.7
2014-06-17,163.1
2014-06-18,163.4
2014-06-19,163.1
2014-06-20,162.77
2014-06-23,162.53
2014-06-24,162.65
2014-06-25,162.67
2014-06-26,162.7
2014-06-27,162.83
2014-06-30,162.9
2014-07-01,162.75
2014-07-02,162.75
2014-07-03,162.53
2014-07-04,162.6
2014-07-07,162.65
2014-07-08,162.45
2014-07-09,162.4
2014-07-10,162.3
2014-07-11,162.28
2014-07-14,162.2
2014-07-15,161.85
2014-07-16,161.79
2014-07-17,161.8
2014-07-18,161.9
2014-07-21,162.15
2014-07-22,162.2
2014-07-23,162.0
2014-07-24,162.0
2014-07-25,161.95
2014-07-28,161.72
2014-07-29,161.72
2014-07-30,161.8
2014-07-31,161.8
2014-08-01,161.35
2014-08-04,160.95
2014-08-05,160.85
2014-08-06,161.55
2014-08-07,162.5
2014-08-08,162.7
2014-08-11,162.35
2014-08-12,161.9
2014-08-13,161.7
2014-08-14,162.3
2014-08-15,162.0
2014-08-18,161.9
2014-08-19,162.0
2014-08-20,161.95
2014-08-21,161.9
2014-08-22,161.85
2014-08-25,162.03
2014-08-26,162.05
2014-08-27,161.9
2014-08-28,162.03
2014-08-29,162.21
2014-09-01,162.4
2014-09-02,162.21
2014-09-03,162.3
2014-09-04,162.0
2014-09-05,162.3
2014-09-08,162.0
2014-09-09,162.0
2014-09-10,162.7
2014-09-11,162.75
2014-09-12,162.93
2014-09-15,162.8
2014-09-16,162.9
2014-09-17,163.35
2014-09-18,163.5
2014-09-19,163.4
2014-09-22,163.5
2014-09-23,163.75
2014-09-24,162.55
2014-09-25,163.5
2014-09-26,163.5
2014-09-29,163.7
2014-09-30,163.5
2014-10-01,163.5
2014-10-02,163.95
2014-10-03,164.2
2014-10-06,164.22
2014-10-07,164.22
2014-10-08,164.4
2014-10-09,164.5
2014-10-10,164.6
2014-10-13,163.8
2014-10-14,164.1
2014-10-15,164.45
2014-10-16,165.05
2014-10-17,165.25
2014-10-20,165.15
2014-10-21,165.44
2014-10-22,164.95
2014-10-23,164.8
2014-10-24,164.62
2014-10-27,164.8
2014-10-28,165.55
2014-10-29,165.3
2014-10-30,165.3
2014-10-31,165.55
2014-11-03,165.6
2014-11-04,166.0
2014-11-05,167.0
2014-11-06,170.05
2014-11-07,165.55
2014-11-10,168.0
2014-11-11,168.35
2014-11-12,169.75
2014-11-13,171.9
2014-11-14,170.9
2014-11-17,172.95
2014-11-18,173.3
2014-11-19,174.0
2014-11-20,176.1
2014-11-21,177.0
2014-11-24,173.6
2014-11-25,177.5
2014-11-26,176.8
2014-11-27,174.9
2014-11-28,178.5
2014-12-01,183.85
2014-12-02,179.5
2014-12-03,180.0
2014-12-04,179.8
2014-12-05,179.2
2014-12-08,180.5
2014-12-09,184.0
2014-12-10,179.9
2014-12-11,180.7
2014-12-12,179.7
2014-12-15,178.65
2014-12-16,180.55
2014-12-17,187.1
2014-12-18,184.5
2014-12-19,184.45
2014-12-22,184.5
2014-12-23,183.0
2014-12-24,181.9
2014-12-25,181.9
2014-12-26,181.9
2014-12-29,183.5
2014-12-30,184.5
2014-12-31,182.9
2015-01-01,182.9
2015-01-02,183.4
2015-01-05,183.5
2015-01-06,183.5
2015-01-07,183.0
2015-01-08,179.1
2015-01-09,183.0
2015-01-12,182.5
2015-01-13,183.5
2015-01-14,183.25
2015-01-15,185.6
2015-01-16,184.9
2015-01-19,184.9
2015-01-20,189.2
2015-01-21,185.0
2015-01-22,188.0
2015-01-23,189.0
2015-01-26,190.2
2015-01-27,192.4
2015-01-28,189.88
2015-01-29,188.9
2015-01-30,187.5
2015-02-02,189.0
2015-02-03,189.9
2015-02-04,192.0
2015-02-05,192.5
2015-02-06,193.8
2015-02-09,196.35
2015-02-10,199.5
2015-02-11,202.5
2015-02-12,205.9
2015-02-13,203.5
2015-02-16,200.0
2015-02-17,198.0
2015-02-18,197.0
2015-02-19,198.9
2015-02-20,198.9
2015-02-23,200.5
2015-02-24,201.0
2015-02-25,202.0
2015-02-26,202.5
2015-02-27,202.5
2015-03-02,200.0
2015-03-03,199.7
2015-03-04,199.5
2015-03-05,198.9
2015-03-06,198.9
2015-03-09,198.9
2015-03-10,199.0
2015-03-11,199.0
2015-03-12,199.45
2015-03-13,199.0
2015-03-16,199.0
2015-03-17,199.7
2015-03-18,199.0
2015-03-19,199.0
2015-03-20,199.0
2015-03-23,199.0
2015-03-24,199.0
2015-03-25,199.0
2015-03-26,199.0
2015-03-27,199.0
2015-03-30,199.0
2015-03-31,199.0
2015-04-01,199.0
2015-04-02,199.0
2015-04-03,199.0
2015-04-06,199.0
2015-04-07,198.95
2015-04-08,199.0
2015-04-09,199.0
2015-04-10,199.0
2015-04-13,198.99
2015-04-14,198.5
2015-04-15,198.95
2015-04-16,198.95
2015-04-17,198.95
2015-04-20,198.96
2015-04-21,199.0
2015-04-22,198.95
2015-04-23,199.0
2015-04-24,199.0
2015-04-27,198.0
2015-04-28,198.95
2015-04-29,198.95
2015-04-30,198.0
2015-05-01,198.0
2015-05-04,198.95
2015-05-05,198.95
2015-05-06,199.0
2015-05-07,199.0
2015-05-08,199.0
2015-05-11,199.0
2015-05-12,199.0
2015-05-13,199.1
2015-05-14,199.0
2015-05-15,199.0
2015-05-18,199.4
2015-05-19,199.0
2015-05-20,199.0
2015-05-21,199.0
2015-05-22,199.0
2015-05-25,199.0
2015-05-26,199.0
2015-05-27,199.0
2015-05-28,199.0
2015-05-29,199.0
2015-06-01,199.0
2015-06-02,198.0
2015-06-03,198.95
2015-06-04,198.95
2015-06-05,198.9
2015-06-08,198.95
2015-06-09,198.9
2015-06-10,198.9
2015-06-11,198.9
2015-06-12,198.8
2015-06-15,198.8
2015-06-16,198.8
2015-06-17,198.9
2015-06-18,198.95
2015-06-19,198.9
2015-06-22,198.87
2015-06-23,198.93
2015-06-24,198.76
2015-06-25,198.88
2015-06-26,198.93
2015-06-29,198.78
2015-06-30,198.98
2015-07-01,198.85
2015-07-02,198.9
2015-07-03,198.9
2015-07-06,198.98
2015-07-07,198.81
2015-07-08,198.96
2015-07-09,198.92
2015-07-10,198.83
2015-07-13,198.83
2015-07-14,198.9
2015-07-15,198.0
2015-07-16,198.96
2015-07-17,198.93
2015-07-20,198.93
2015-07-21,198.91
2015-07-22,198.85
2015-07-23,198.98
2015-07-24,198.86
2015-07-27,198.96
2015-07-28,198.86
2015-07-29,198.98
2015-07-30,198.98
2015-07-31,198.95
2015-08-03,198.93
2015-08-04,198.96
2015-08-05,198.96
2015-08-06,198.9
2015-08-07,198.94
2015-08-10,199.18
2015-08-11,199.18
2015-08-12,197.98
2015-08-13,198.86
2015-08-14,198.88
2015-08-17,198.98
2015-08-18,198.94
2015-08-19,198.98
2015-08-20,198.96
2015-08-21,198.98
2015-08-24,198.98
2015-08-25,198.96
2015-08-26,198.9
2015-08-27,198.98
2015-08-28,199.0
2015-08-31,199.0
2015-09-01,199.0
2015-09-02,199.0
2015-09-03,198.85
2015-09-04,198.85
2015-09-07,199.0
2015-09-08,199.0
2015-09-09,198.9
2015-09-10,199.0
2015-09-11,198.98
2015-09-14,199.0
2015-09-15,199.0
2015-09-16,198.96
2015-09-17,198.94
2015-09-18,198.93
2015-09-21,199.03
2015-09-22,198.98
2015-09-23,198.93
2015-09-24,198.96
2015-09-25,198.98
2015-09-28,198.96
2015-09-29,198.8
2015-09-30,198.98
2015-10-01,198.98
2015-10-02,198.95
2015-10-05,199.0
2015-10-06,198.98
2015-10-07,198.0
2015-10-08,199.0
2015-10-09,199.18
2015-10-12,199.0
2015-10-13,199.16
2015-10-14,198.98
2015-10-15,198.92
2015-10-16,199.05
2015-10-19,199.16
2015-10-20,198.96
2015-10-21,198.96
2015-10-22,198.98
2015-10-23,198.92
2015-10-26,198.95
2015-10-27,198.98
2015-10-28,199.03
2015-10-29,198.88
2015-10-30,198.96
2015-11-02,198.93
2015-11-03,198.89
2015-11-04,199.16
2015-11-05,199.0
2015-11-06,198.87
2015-11-09,198.95
2015-11-10,198.95
2015-11-11,199.0
2015-11-12,199.0
2015-11-13,198.85
2015-11-16,199.0
2015-11-17,198.0
2015-11-18,198.0
2015-11-19,199.0
2015-11-20,198.9
2015-11-23,199.0
2015-11-24,199.0
2015-11-25,198.8
2015-11-26,199.0
2015-11-27,199.0
2015-11-30,198.8
2015-12-01,198.97
2015-12-02,199.0
2015-12-03,199.0
2015-12-04,198.0
2015-12-07,199.0
2015-12-08,197.97
2015-12-09,197.97
2015-12-10,198.47
2015-12-11,199.0
2015-12-14,199.0
2015-12-15,198.82
2015-12-16,199.0
2015-12-17,198.0
2015-12-18,198.78
2015-12-21,199.0
2015-12-22,199.0
2015-12-23,199.0
2015-12-24,199.0
2015-12-25,199.0
2015-12-28,199.0
2015-12-29,198.8
2015-12-30,198.75
2015-12-31,199.0
2016-01-01,199.0
2016-01-04,198.95
2016-01-05,198.8
2016-01-06,198.0
2016-01-07,198.55
2016-01-08,199.3
2016-01-11,198.8
2016-01-12,201.0
2016-01-13,198.8
2016-01-14,198.9
2016-01-15,198.6
2016-01-18,198.0
2016-01-19,198.8
2016-01-20,198.8
2016-01-21,198.6
2016-01-22,198.8
2016-01-25,198.6
2016-01-26,199.0
2016-01-27,199.05
2016-01-28,198.6
2016-01-29,198.8
2016-02-01,198.8
2016-02-02,198.8
2016-02-03,198.8
2016-02-04,199.0
2016-02-05,198.6
2016-02-08,198.4
2016-02-09,198.4
2016-02-10,198.65
2016-02-11,198.8
2016-02-12,198.8
2016-02-15,198.6
2016-02-16,198.8
2016-02-17,198.8
2016-02-18,198.8
2016-02-19,198.6
2016-02-22,198.8
2016-02-23,198.6
2016-02-24,198.8
2016-02-25,198.8
2016-02-26,198.8
2016-02-29,198.8
2016-03-01,199.0
2016-03-02,198.55
2016-03-03,199.0
2016-03-04,199.03
2016-03-07,199.03
2016-03-08,198.8
2016-03-09,198.2
2016-03-10,198.8
2016-03-11,198.6
2016-03-14,198.8
2016-03-15,199.0
2016-03-16,199.0
2016-03-17,198.8
2016-03-18,198.8
2016-03-21,199.0
2016-03-22,199.0
2016-03-23,198.6
2016-03-24,198.8
2016-03-25,198.8
2016-03-28,198.8
2016-03-29,198.4
2016-03-30,198.6
2016-03-31,198.8
2016-04-01,198.94
2016-04-04,199.0
2016-04-05,198.9
2016-04-06,199.0
2016-04-07,199.0
2016-04-08,198.9
2016-04-11,198.0
2016-04-12,198.8
2016-04-13,198.8
2016-04-14,198.8
2016-04-15,198.6
2016-04-18,198.8
2016-04-19,198.6
2016-04-20,198.55
2016-04-21,198.8
2016-04-22,198.79
2016-04-25,198.7
2016-04-26,198.3
2016-04-27,198.8
2016-04-28,198.8
2016-04-29,198.8
2016-05-02,198.8
2016-05-03,198.8
2016-05-04,198.8
2016-05-05,198.8
2016-05-06,198.6
2016-05-09,198.6
2016-05-10,198.8
2016-05-11,198.8
2016-05-12,198.55
2016-05-13,199.0
2016-05-16,198.8
2016-05-17,198.89
2016-05-18,198.8
2016-05-19,198.8
2016-05-20,198.8
2016-05-23,198.8
2016-05-24,199.0
2016-05-25,198.8
2016-05-26,198.7
2016-05-27,198.8
2016-05-30,198.55
2016-05-31,198.8
2016-06-01,198.8
2016-06-02,198.8
2016-06-03,198.8
2016-06-06,198.8
2016-06-07,199.0
2016-06-08,198.8
2016-06-09,198.8
2016-06-10,199.0
2016-06-13,198.8
2016-06-14,198.8
2016-06-15,198.4
2016-06-16,198.8
2016-06-17,198.6
2016-06-20,281.44
2016-06-21,284.43
2016-06-22,284.71
2016-06-23,284.15
2016-06-24,281.22
2016-06-27,283.31
2016-06-28,281.92
2016-06-29,282.22
2016-06-30,281.72
2016-07-01,281.72
2016-07-04,281.5
2016-07-05,281.5
2016-07-06,281.82
2016-07-07,281.72
2016-07-08,282.22
2016-07-11,281.97
2016-07-12,283.22
2016-07-13,282.47
2016-07-14,282.72
2016-07-15,283.97
2016-07-18,283.22
2016-07-19,293.0
2016-07-20,294.5
2016-07-21,292.0
2016-07-22,305.0
2016-07-25,310.0
2016-07-26,310.0
2016-07-27,315.0
2016-07-28,322.0
2016-07-29,318.0
2016-08-01,319.5
2016-08-02,310.5
2016-08-03,310.5
2016-08-04,310.0
2016-08-05,316.5
2016-08-08,320.0
2016-08-09,322.0
2016-08-10,320.0
2016-08-11,313.5
2016-08-12,311.0
2016-08-15,315.0
2016-08-16,315.0
2016-08-17,321.0
2016-08-18,321.0
2016-08-19,340.0
2016-08-22,329.0
2016-08-23,330.0
2016-08-24,315.0
2016-08-25,315.0
2016-08-26,310.5
2016-08-29,306.0
2016-08-30,306.0
2016-08-31,310.0
2016-09-01,306.0
2016-09-02,315.0
2016-09-05,330.0
2016-09-06,314.5
2016-09-07,325.0
2016-09-08,305.0
2016-09-09,315.0
2016-09-12,315.0
2016-09-13,315.0
2016-09-14,324.5
2016-09-15,315.5
2016-09-16,305.0
2016-09-19,305.0
2016-09-20,305.0
2016-09-21,305.0
2016-09-22,305.0
2016-09-23,323.4
2016-09-26,323.5
2016-09-27,315.0
2016-09-28,315.0
2016-09-29,323.25
2016-09-30,304.5
2016-10-03,304.25
2016-10-04,304.25
2016-10-05,304.2
2016-10-06,304.25
2016-10-07,304.0
2016-10-10,304.0
2016-10-11,304.2
2016-10-12,304.25
2016-10-13,304.25
2016-10-14,304.0
2016-10-17,304.0
2016-10-18,304.0
2016-10-19,304.5
2016-10-20,304.5
2016-10-21,304.25
2016-10-24,304.25
2016-10-25,304.5
2016-10-26,304.5
2016-10-27,317.55
2016-10-28,304.5
2016-10-31,304.5
2016-11-01,304.5
2016-11-02,304.0
2016-11-03,304.2
2016-11-04,304.2
2016-11-07,304.2
2016-11-08,304.25
2016-11-09,304.25
2016-11-10,304.0
2016-11-11,304.0
2016-11-14,304.25
2016-11-15,304.2
2016-11-16,304.25
2016-11-17,304.5
2016-11-18,304.5
2016-11-21,304.5
2016-11-22,304.0
2016-11-23,304.0
2016-11-24,304.0
2016-11-25,304.0
2016-11-28,304.25
2016-11-29,304.2
2016-11-30,304.25
2016-12-01,304.0
2016-12-02,304.0
2016-12-05,304.0
2016-12-06,304.45
2016-12-07,304.5
2016-12-08,304.5
2016-12-09,304.5
2016-12-12,304.45
2016-12-13,304.5
2016-12-14,304.5
2016-12-15,304.45
2016-12-16,304.5
2016-12-19,304.5
2016-12-20,304.2
2016-12-21,304.2
2016-12-22,304.25
2016-12-23,304.25
2016-12-26,304.25
2016-12-27,314.31
2016-12-28,304.25
2016-12-29,304.25
2016-12-30,304.2
2017-01-02,304.0
2017-01-03,314.31
2017-01-04,314.38
2017-01-05,304.0
2017-01-06,304.0
2017-01-09,315.0
2017-01-10,314.69
2017-01-11,304.0
2017-01-12,304.0
2017-01-13,304.0
2017-01-16,304.0
2017-01-17,304.2
2017-01-18,304.2
2017-01-19,315.43
2017-01-20,304.48
2017-01-23,315.11
2017-01-24,305.19
2017-01-25,313.68
2017-01-26,313.68
2017-01-27,304.2
2017-01-30,311.58
2017-01-31,304.25
2017-02-01,304.2
2017-02-02,304.25
2017-02-03,304.25
2017-02-06,304.25
2017-02-07,314.25
2017-02-08,314.8
2017-02-09,304.2
2017-02-10,304.0
2017-02-13,304.0
2017-02-14,304.0
2017-02-15,304.45
2017-02-16,304.45
2017-02-17,304.5
2017-02-20,304.45
2017-02-21,304.2
2017-02-22,304.2
2017-02-23,304.2
2017-02-24,304.48
2017-02-27,304.5
2017-02-28,304.45
2017-03-01,304.4
2017-03-02,304.45
2017-03-03,304.2
2017-03-06,304.2
2017-03-07,304.45
2017-03-08,304.7
2017-03-09,304.65
2017-03-10,304.77
2017-03-13,304.75
2017-03-14,305.0
2017-03-15,305.15
2017-03-16,305.48
2017-03-17,305.7
2017-03-20,306.0
2017-03-21,306.45
2017-03-22,306.5
2017-03-23,310.44
2017-03-24,307.0
2017-03-27,306.0
2017-03-28,305.7
2017-03-29,306.6
2017-03-30,305.45
2017-03-31,305.35
2017-04-03,314.68
2017-04-04,313.75
2017-04-05,305.25
2017-04-06,312.82
2017-04-07,305.15
2017-04-10,305.1
2017-04-11,309.24
2017-04-12,305.74
2017-04-13,309.36
2017-04-14,305.1
2017-04-17,305.0
2017-04-18,305.0
2017-04-19,305.05
2017-04-20,305.05
2017-04-21,305.05
2017-04-24,305.0
2017-04-25,305.0
2017-04-26,305.0
2017-04-27,304.8
2017-04-28,304.74
2017-05-01,304.8
2017-05-02,305.4
2017-05-03,316.88
2017-05-04,304.7
2017-05-05,314.68
2017-05-08,313.68
2017-05-09,304.7
2017-05-10,304.65
2017-05-11,304.55
2017-05-12,304.55
2017-05-15,306.0
2017-05-16,314.69
2017-05-17,304.4
2017-05-18,314.19
2017-05-19,304.45
2017-05-22,305.4
2017-05-23,304.4
2017-05-24,304.4
2017-05-25,304.45
2017-05-26,304.45
2017-05-29,304.4
2017-05-30,323.68
2017-05-31,304.35
2017-06-01,304.38
2017-06-02,304.4
2017-06-05,304.48
2017-06-06,304.5
2017-06-07,304.55
2017-06-08,304.55
2017-06-09,304.58
2017-06-12,317.68
2017-06-13,304.6
2017-06-14,323.68
2017-06-15,322.68
2017-06-16,304.7
2017-06-19,323.68
2017-06-20,304.78
2017-06-21,304.78
2017-06-22,323.68
2017-06-23,304.8
2017-06-26,304.85
2017-06-27,304.82
2017-06-28,304.8
2017-06-29,304.88
2017-06-30,304.88
2017-07-03,315.0
2017-07-04,304.95
2017-07-05,324.18
2017-07-06,305.0
2017-07-07,323.68
2017-07-10,317.68
2017-07-11,324.18
2017-07-12,305.0
2017-07-13,305.0
2017-07-14,304.98
2017-07-17,304.85
2017-07-18,304.9
2017-07-19,324.18
2017-07-20,319.68
2017-07-21,304.78
2017-07-24,319.11
2017-07-25,319.68
2017-07-26,318.72
2017-07-27,318.4
2017-07-28,304.68
2017-07-31,305.65
2017-08-01,315.0
2017-08-02,314.5
2017-08-03,314.5
2017-08-04,307.0
2017-08-07,307.0
2017-08-08,305.0
2017-08-09,314.5
2017-08-10,315.0
2017-08-11,314.5
2017-08-14,305.1
2017-08-15,305.0
2017-08-16,305.15
2017-08-17,305.15
2017-08-18,305.2
2017-08-21,305.7
2017-08-22,305.75
2017-08-23,305.0
2017-08-24,305.75
2017-08-25,305.25
2017-08-28,305.8
2017-08-29,305.0
2017-08-30,305.35
2017-08-31,305.0
2017-09-01,305.0
2017-09-04,305.0
2017-09-05,305.0
2017-09-06,305.4
2017-09-07,305.0
2017-09-08,305.95
2017-09-11,305.5
2017-09-12,305.95
2017-09-13,305.5
2017-09-14,306.0
2017-09-15,325.0
2017-09-18,305.95
2017-09-19,305.4
2017-09-20,314.5
2017-09-21,328.0
2017-09-22,306.0
2017-09-25,314.5
2017-09-26,314.5
2017-09-27,305.0
2017-09-28,305.45
2017-09-29,305.75
2017-10-02,305.75
2017-10-03,306.0
2017-10-04,305.2
2017-10-05,305.15
2017-10-06,314.5
2017-10-09,305.7
2017-10-10,314.5
2017-10-11,305.05
2017-10-12,305.55
2017-10-13,305.15
2017-10-16,305.5
2017-10-17,305.5
2017-10-18,305.1
2017-10-19,314.5
2017-10-20,305.15
2017-10-23,305.15
2017-10-24,305.2
2017-10-25,315.0
2017-10-26,305.25
2017-10-27,305.25
2017-10-30,305.3
2017-10-31,305.8
2017-11-01,305.35
2017-11-02,305.35
2017-11-03,305.4
2017-11-06,305.4
2017-11-07,305.4
2017-11-08,305.45
2017-11-09,305.45
2017-11-10,314.5
2017-11-13,305.5
2017-11-14,305.5
2017-11-15,305.5
2017-11-16,306.0
2017-11-17,305.45
2017-11-20,305.95
2017-11-21,305.4
2017-11-22,306.0
2017-11-23,306.0
2017-11-24,306.0
2017-11-27,305.3
2017-11-28,305.3
2017-11-29,305.25
2017-11-30,305.5
2017-12-01,305.5
2017-12-04,306.5
2017-12-05,306.35
2017-12-06,306.0
2017-12-07,306.45
2017-12-08,306.4
2017-12-11,314.5
2017-12-12,314.5
2017-12-13,306.3
2017-12-14,306.0
2017-12-15,314.5
2017-12-18,306.25
2017-12-19,306.35
2017-12-20,306.35
2017-12-21,306.0
2017-12-22,306.0
2017-12-25,306.0
2017-12-26,306.0
2017-12-27,306.4
2017-12-28,306.35
2017-12-29,306.35
2018-01-01,306.35
2018-01-02,305.5
2018-01-03,305.45
2018-01-04,305.45
2018-01-05,305.45
2018-01-08,305.4
2018-01-09,305.4
2018-01-10,315.0
2018-01-11,305.3
2018-01-12,305.3
2018-01-15,305.3
2018-01-16,305.25
2018-01-17,305.25
2018-01-18,305.2
2018-01-19,305.2
2018-01-22,305.15
2018-01-23,305.15
2018-01-24,305.1
2018-01-25,305.15
2018-01-26,315.0
2018-01-29,305.2
2018-01-30,305.2
2018-01-31,305.2
2018-02-01,315.0
2018-02-02,305.25
2018-02-05,305.3
2018-02-06,305.3
2018-02-07,305.35
2018-02-08,305.85
2018-02-09,305.35
2018-02-12,305.85
2018-02-13,305.4
2018-02-14,305.4
2018-02-15,305.45
2018-02-16,305.45
2018-02-19,305.5
2018-02-20,305.5
2018-02-21,306.0
2018-02-22,305.5
2018-02-23,305.45
2018-02-26,314.5
2018-02-27,305.4
2018-02-28,305.4
2018-03-01,305.35
2018-03-02,305.35
2018-03-05,315.0
2018-03-06,305.85
2018-03-07,305.3
2018-03-08,305.85
2018-03-09,305.3
2018-03-12,314.8
2018-03-13,314.8
2018-03-14,314.5
2018-03-15,305.75
2018-03-16,305.8
2018-03-19,305.75
2018-03-20,305.2
2018-03-21,305.75
2018-03-22,314.5
2018-03-23,305.2
2018-03-26,305.15
2018-03-27,305.15
2018-03-28,305.15
2018-03-29,305.15
2018-03-30,305.15
2018-04-02,305.15
2018-04-03,305.15
2018-04-04,305.1
2018-04-05,305.1
2018-04-06,305.1
2018-04-09,305.1
2018-04-10,305.1
2018-04-11,305.05
2018-04-12,305.05
2018-04-13,305.05
2018-04-16,305.1
2018-04-17,305.1
2018-04-18,305.1
2018-04-19,305.1
2018-04-20,305.1
2018-04-23,305.6
2018-04-24,305.15
2018-04-25,305.15
2018-04-26,305.15
2018-04-27,305.15
2018-04-30,305.2
2018-05-01,305.2
2018-05-02,305.2
2018-05-03,305.2
2018-05-04,305.2
2018-05-07,305.25
2018-05-08,305.25
2018-05-09,305.25
2018-05-10,305.25
2018-05-11,305.75
2018-05-14,305.3
2018-05-15,305.3
2018-05-16,305.35
2018-05-17,314.0
2018-05-18,305.35
2018-05-21,305.35
2018-05-22,305.35
2018-05-23,305.4
2018-05-24,315.0
2018-05-25,305.4
2018-05-28,305.4
2018-05-29,305.4
2018-05-30,314.5
2018-05-31,305.7
2018-06-01,305.5
2018-06-04,305.5
2018-06-05,305.5
2018-06-06,305.7
2018-06-07,305.95
2018-06-08,305.45
2018-06-11,305.7
2018-06-12,315.0
2018-06-13,305.95
2018-06-14,315.0
2018-06-15,315.0
2018-06-18,315.0
2018-06-19,305.7
2018-06-20,314.5
2018-06-21,314.5
2018-06-22,314.5
2018-06-25,314.5
2018-06-26,305.3
2018-06-27,305.5
2018-06-28,305.25
2018-06-29,305.25
2018-07-02,305.25
2018-07-03,305.2
2018-07-04,305.2
2018-07-05,305.2
2018-07-06,314.5
2018-07-09,305.7
2018-07-10,305.2
2018-07-11,305.75
2018-07-12,304.7
2018-07-13,304.78
2018-07-16,304.78
2018-07-17,304.78
2018-07-18,304.78
2018-07-19,304.82
2018-07-20,304.85
2018-07-23,304.8
2018-07-24,314.5
2018-07-25,304.88
2018-07-26,304.88
2018-07-27,304.88
2018-07-30,304.88
2018-07-31,304.88
2018-08-01,304.82
2018-08-02,304.95
2018-08-03,304.92
2018-08-06,304.95
2018-08-07,305.0
2018-08-08,305.0
2018-08-09,304.98
2018-08-10,305.0
2018-08-13,304.95
2018-08-14,305.05
2018-08-15,305.0
2018-08-16,305.02
2018-08-17,305.1
2018-08-20,305.1
2018-08-21,305.1
2018-08-22,305.1
2018-08-23,305.1
2018-08-24,305.1
2018-08-27,305.08
2018-08-28,305.1
2018-08-29,305.15
2018-08-30,305.15
2018-08-31,305.15
2018-09-03,305.15
2018-09-04,305.15
2018-09-05,305.2
2018-09-06,305.18
2018-09-07,305.18
2018-09-10,305.2
2018-09-11,304.22
2018-09-12,304.2
2018-09-13,305.2
2018-09-14,305.22
2018-09-17,305.2
2018-09-18,305.25
2018-09-19,305.28
2018-09-20,305.28
2018-09-21,305.28
2018-09-24,305.28
2018-09-25,305.3
2018-09-26,305.3
2018-09-27,305.3
2018-09-28,306.35
2018-10-01,305.3
2018-10-02,305.3
2018-10-03,305.38
2018-10-04,305.4
2018-10-05,305.35
2018-10-08,305.4
2018-10-09,305.4
2018-10-10,304.45
2018-10-11,304.4
2018-10-12,304.4
2018-10-15,304.4
2018-10-16,305.5
2018-10-17,305.45
2018-10-18,305.45
2018-10-19,305.48
2018-10-22,305.48
2018-10-23,305.5
2018-10-24,305.5
2018-10-25,305.54
2018-10-26,305.5
2018-10-29,305.5
2018-10-30,305.6
2018-10-31,305.55
2018-11-01,305.58
2018-11-02,305.55
2018-11-05,305.58
2018-11-06,305.6
2018-11-07,305.6
2018-11-08,305.6
2018-11-09,305.6
2018-11-12,305.6
2018-11-13,305.68
2018-11-14,305.68
2018-11-15,305.68
2018-11-16,305.7
2018-11-19,305.68
2018-11-20,305.75
2018-11-21,305.7
2018-11-22,305.7
2018-11-23,305.7
2018-11-26,305.75
2018-11-27,305.8
2018-11-28,305.8
2018-11-29,305.78
2018-11-30,305.78
2018-12-03,305.8
2018-12-04,305.8
2018-12-05,305.82
2018-12-06,305.8
2018-12-07,305.8
2018-12-10,305.8
2018-12-11,305.88
2018-12-12,305.9
2018-12-13,305.88
2018-12-14,305.88
2018-12-17,305.88
2018-12-18,305.95
2018-12-19,305.95
2018-12-20,305.95
2018-12-21,305.95
2018-12-24,305.95
2018-12-25,305.95
2018-12-26,305.92
2018-12-27,306.92
2018-12-28,307.0
2018-12-31,307.0
2019-01-01,307.0
2019-01-02,307.0
2019-01-03,306.98
2019-01-04,306.9
2019-01-07,306.9
2019-01-08,306.88
2019-01-09,306.88
2019-01-10,306.88
2019-01-11,306.88
2019-01-14,306.8
2019-01-15,306.8
2019-01-16,306.85
2019-01-17,306.85
2019-01-18,306.8
2019-01-21,306.85
2019-01-22,306.8
2019-01-23,306.78
2019-01-24,306.8
2019-01-25,306.78
2019-01-28,306.78
2019-01-29,306.7
2019-01-30,306.7
2019-01-31,306.75
2019-02-01,306.7
2019-02-04,306.7
2019-02-05,305.78
2019-02-06,305.7
2019-02-07,305.75
2019-02-08,305.7
2019-02-11,305.7
2019-02-12,305.68
2019-02-13,305.75
2019-02-14,305.7
2019-02-15,305.75
2019-02-18,305.7
2019-02-19,305.78
2019-02-20,305.78
2019-02-21,305.8
2019-02-22,305.8
2019-02-25,305.8
2019-02-26,305.8
2019-02-27,305.8
2019-02-28,305.82
2019-03-01,305.8
2019-03-04,305.8
2019-03-05,305.88
2019-03-06,305.88
2019-03-07,305.88
2019-03-08,305.9
2019-03-11,305.9
2019-03-12,305.95
2019-03-13,305.95
2019-03-14,305.92
2019-03-15,305.95
2019-03-18,305.95
2019-03-19,305.95
2019-03-20,305.9
2019-03-21,305.9
2019-03-22,305.9
2019-03-25,305.88
2019-03-26,305.92
2019-03-27,305.95
2019-03-28,305.95
2019-03-29,305.9
2019-04-01,305.95
2019-04-02,305.95
2019-04-03,306.0
2019-04-04,306.0
2019-04-05,306.0
2019-04-08,306.0
2019-04-09,306.0
2019-04-10,306.0
2019-04-11,306.0
2019-04-12,306.0
2019-04-15,306.0
2019-04-16,305.9
2019-04-17,305.9
2019-04-18,305.9
2019-04-19,305.95
2019-04-22,305.9
2019-04-23,305.95
2019-04-24,305.9
2019-04-25,305.88
2019-04-26,305.88
2019-04-29,305.88
2019-04-30,305.95
2019-05-01,305.92
2019-05-02,305.9
2019-05-03,305.95
2019-05-06,305.95
2019-05-07,306.0
2019-05-08,306.0
2019-05-09,306.0
2019-05-10,306.0
2019-05-13,306.0
2019-05-14,305.95
2019-05-15,305.95
2019-05-16,305.95
2019-05-17,305.95
2019-05-20,305.95
2019-05-21,305.9
2019-05-22,305.88
2019-05-23,305.9
2019-05-24,305.9
2019-05-27,305.9
2019-05-28,305.92
2019-05-29,305.95
2019-05-30,305.95
2019-05-31,305.9
2019-06-03,305.92
2019-06-04,305.95
2019-06-05,305.95
2019-06-06,305.9
2019-06-07,305.95
2019-06-10,305.9
2019-06-11,307.0
2019-06-12,306.0
2019-06-13,306.0
2019-06-14,306.0
2019-06-17,306.0
2019-06-18,305.95
2019-06-19,305.95
2019-06-20,305.9
2019-06-21,305.92
2019-06-24,305.9
2019-06-25,305.88
2019-06-26,305.9
2019-06-27,305.9
2019-06-28,305.9
2019-07-01,305.9
2019-07-02,305.95
2019-07-03,305.95
2019-07-04,305.95
2019-07-05,305.95
2019-07-08,305.95
2019-07-09,306.0
2019-07-10,306.0
2019-07-11,306.0
2019-07-12,306.0
2019-07-15,306.0
2019-07-16,305.95
2019-07-17,305.9
2019-07-18,305.95
2019-07-19,305.95
2019-07-22,305.95
2019-07-23,305.9
2019-07-24,305.88
2019-07-25,305.88
2019-07-26,305.88
2019-07-29,305.88
2019-07-30,305.88
2019-07-31,305.8
2019-08-01,305.8
2019-08-02,305.88
2019-08-05,305.8
2019-08-06,305.88
2019-08-07,305.88
2019-08-08,305.9
2019-08-09,305.9
2019-08-12,305.88
2019-08-13,305.9
2019-08-14,305.9
2019-08-15,305.9
2019-08-16,305.9
2019-08-19,305.88
2019-08-20,305.9
2019-08-21,305.95
2019-08-22,305.95
2019-08-23,305.9
2019-08-26,305.95
2019-08-27,306.0
2019-08-28,306.0
2019-08-29,306.0
2019-08-30,306.0
2019-09-02,306.0
2019-09-03,305.92
2019-09-04,305.95
2019-09-05,305.9
2019-09-06,305.9
2019-09-09,305.88
2019-09-10,305.9
2019-09-11,305.8
2019-09-12,305.85
2019-09-13,305.85
2019-09-16,305.9
2019-09-17,305.88
2019-09-18,305.88
2019-09-19,305.9
2019-09-20,305.9
2019-09-23,305.9
2019-09-24,305.9
2019-09-25,305.95
2019-09-26,305.95
2019-09-27,305.9
2019-09-30,305.95
2019-10-01,306.0
2019-10-02,306.0
2019-10-03,306.0
2019-10-04,306.0
2019-10-07,306.0
2019-10-08,306.0
2019-10-09,306.0
2019-10-10,306.0
2019-10-11,305.95
2019-10-14,305.95
2019-10-15,305.95
2019-10-16,305.95
2019-10-17,305.9
2019-10-18,305.9
2019-10-21,306.9
2019-10-22,306.9
2019-10-23,306.9
2019-10-24,306.9
2019-10-25,306.95
2019-10-28,306.95
2019-10-29,306.9
2019-10-30,305.98
2019-10-31,306.0
2019-11-01,306.0
2019-11-04,306.0
2019-11-05,305.95
2019-11-06,305.95
2019-11-07,305.95
2019-11-08,306.9
2019-11-11,306.9
2019-11-12,306.9
2019-11-13,306.9
2019-11-14,306.9
2019-11-15,306.95
2019-11-18,306.95
2019-11-19,306.95
2019-11-20,306.95
2019-11-21,305.95
2019-11-22,305.9
2019-11-25,305.95
2019-11-26,305.95
2019-11-27,306.0
2019-11-28,306.0
2019-11-29,306.0
2019-12-02,306.0
2019-12-03,305.9
2019-12-04,305.95
2019-12-05,305.95
2019-12-06,305.95
2019-12-09,305.9
2019-12-10,305.88
2019-12-11,305.88
2019-12-12,305.9
2019-12-13,305.95
2019-12-16,305.85
2019-12-17,305.9
2019-12-18,305.95
2019-12-19,305.9
2019-12-20,305.9
2019-12-23,305.95
2019-12-24,306.0
2019-12-25,306.0
2019-12-26,306.0
2019-12-27,306.0
2019-12-30,306.0
2019-12-31,306.0
2020-01-01,306.0
2020-01-02,307.0
2020-01-03,306.0
2020-01-06,305.98
2020-01-07,306.0
2020-01-08,306.0
2020-01-09,305.9
2020-01-10,305.9
2020-01-13,305.9
2020-01-14,305.9
2020-01-15,305.9
2020-01-16,305.88
2020-01-17,305.88
2020-01-20,305.95
2020-01-21,305.95
2020-01-22,305.95
2020-01-23,305.95
2020-01-24,305.95
2020-01-27,305.92
2020-01-28,305.9
2020-01-29,306.0
2020-01-30,306.0
2020-01-31,306.0
2020-02-03,306.0
2020-02-04,306.0
2020-02-05,306.0
2020-02-06,305.95
2020-02-07,305.95
2020-02-10,305.95
2020-02-11,305.9
2020-02-12,305.9
2020-02-13,305.9
2020-02-14,305.9
2020-02-17,305.95
2020-02-18,305.95
2020-02-19,305.95
2020-02-20,306.0
2020-02-21,306.0
2020-02-24,306.0
2020-02-25,305.92
2020-02-26,305.95
2020-02-27,305.95
2020-02-28,305.9
2020-03-02,305.95
2020-03-03,306.0
2020-03-04,306.0
2020-03-05,306.0
2020-03-06,306.0
2020-03-09,306.0
2020-03-10,306.0
2020-03-11,305.9
2020-03-12,305.95
2020-03-13,306.0
2020-03-16,306.0
2020-03-17,305.95
2020-03-18,306.0
2020-03-19,306.0
2020-03-20,306.0
2020-03-23,372.0
2020-03-24,360.0
2020-03-25,360.0
2020-03-26,360.0
2020-03-27,360.0
2020-03-30,360.0
2020-03-31,360.0
2020-04-01,360.0
2020-04-02,360.0
2020-04-03,360.0
2020-04-06,360.0
2020-04-07,360.0
2020-04-08,360.0
2020-04-09,360.0
2020-04-10,360.0
2020-04-13,360.0
2020-04-14,360.0
2020-04-15,360.0
2020-04-16,360.0
2020-04-17,360.0
2020-04-20,360.0
2020-04-21,360.0
2020-04-22,360.0
2020-04-23,360.0
2020-04-24,360.0
2020-04-27,360.0
2020-04-28,360.0
2020-04-29,360.0
2020-04-30,360.0
2020-05-01,360.0
2020-05-04,360.0
2020-05-05,360.0
2020-05-06,360.0
2020-05-07,360.0
2020-05-08,360.0
2020-05-11,360.0
2020-05-12,360.0
2020-05-13,360.0
2020-05-14,360.0
2020-05-15,360.0
2020-05-18,360.0
2020-05-19,360.0
2020-05-20,360.0
2020-05-21,360.0
2020-05-22,360.0
2020-05-25,360.0
2020-05-26,360.0
2020-05-27,360.0
2020-05-28,360.0
2020-05-29,360.0
2020-06-01,360.0
2020-06-02,360.0
2020-06-03,360.0
2020-06-04,360.0
2020-06-05,360.0
2020-06-08,360.0
2020-06-09,360.0
2020-06-10,360.0
2020-06-11,360.0
2020-06-12,360.0
2020-06-15,360.0
2020-06-16,360.0
2020-06-17,360.0
2020-06-18,360.0
2020-06-19,360.0
2020-06-22,360.0
2020-06-23,360.0
2020-06-24,360.0
2020-06-25,360.0
2020-06-26,360.0
2020-06-29,360.0
2020-06-30,360.0
2020-07-01,360.0
2020-07-02,360.0
2020-07-03,360.0
2020-07-06,360.0
2020-07-07,360.0
2020-07-08,360.0
2020-07-09,380.5
2020-07-10,380.5
2020-07-13,380.5
2020-07-14,381.0
2020-07-15,380.5
2020-07-16,380.5
2020-07-17,380.0
2020-07-20,380.5
2020-07-21,380.0
2020-07-22,380.5
2020-07-23,381.0
2020-07-24,380.5
2020-07-27,380.5
2020-07-28,381.0
2020-07-29,380.6
2020-07-30,380.5
2020-07-31,380.5
2020-08-03,380.5
2020-08-04,380.5
2020-08-05,380.8
2020-08-06,380.75
2020-08-07,380.75
2020-08-10,380.8
2020-08-11,380.5
2020-08-12,380.5
2020-08-13,380.55
2020-08-14,379.0
2020-08-17,381.0
2020-08-18,381.0
2020-08-19,381.0
2020-08-20,381.0
2020-08-21,381.0
2020-08-24,381.0
2020-08-25,381.0
2020-08-26,380.7
2020-08-27,380.7
2020-08-28,380.7
2020-08-31,380.7
2020-09-01,380.7
2020-09-02,380.7
2020-09-03,380.7
2020-09-04,380.7
2020-09-07,380.7
2020-09-08,380.7
2020-09-09,380.7
2020-09-10,380.7
2020-09-11,380.7
2020-09-14,380.7
2020-09-15,380.7
2020-09-16,380.7
2020-09-17,380.7
2020-09-18,380.6
2020-09-21,380.6
2020-09-22,380.6
2020-09-23,380.6
2020-09-24,380.6
2020-09-25,380.6
2020-09-28,380.6
2020-09-29,380.6
2020-09-30,380.6
2020-10-01,380.6
2020-10-02,380.6
2020-10-05,380.6
2020-10-06,380.6
2020-10-07,380.6
2020-10-08,380.6
2020-10-09,380.6
2020-10-12,380.6
2020-10-13,380.6
2020-10-14,380.6
2020-10-15,380.6
2020-10-16,380.6
2020-10-19,380.6
2020-10-20,380.6
2020-10-21,380.6
2020-10-22,380.6
2020-10-23,380.7
2020-10-26,380.7
2020-10-27,380.7
2020-10-28,380.7
2020-10-29,380.7
2020-10-30,380.7
2020-11-02,380.7
2020-11-03,380.7
2020-11-04,380.7
2020-11-05,380.7
2020-11-06,380.7
2020-11-09,380.7
2020-11-10,380.7
2020-11-11,380.7
2020-11-12,380.7
2020-11-13,380.7
2020-11-16,380.7
2020-11-17,380.7
2020-11-18,380.7
2020-11-19,380.7
2020-11-20,380.7
2020-11-23,380.7
2020-11-24,380.7
2020-11-25,380.7
2020-11-26,380.7
2020-11-27,380.7
2020-11-30,380.7
2020-12-01,380.7
2020-12-02,380.7
2020-12-03,380.7
2020-12-04,380.7
2020-12-07,380.7
2020-12-08,380.7
2020-12-09,380.7
2020-12-10,380.7
2020-12-11,380.7
2020-12-14,380.7
2020-12-15,380.7
2020-12-16,380.7
2020-12-17,380.7
2020-12-18,380.7
2020-12-21,380.7
2020-12-22,380.7
2020-12-23,380.7
2020-12-24,380.7
2020-12-25,380.7
2020-12-28,380.7
2020-12-29,380.7
2020-12-30,380.7
2020-12-31,380.7
2021-01-01,380.7
2021-01-04,380.7
2021-01-05,380.7
2021-01-06,380.7
2021-01-07,380.7
2021-01-08,380.7
2021-01-11,380.7
2021-01-12,380.7
2021-01-13,380.7
2021-01-14,380.7
2021-01-15,380.7
2021-01-18,380.7
2021-01-19,380.7
2021-01-20,380.7
2021-01-21,380.7
2021-01-22,380.7
2021-01-25,380.7
2021-01-26,380.7
2021-01-27,380.68
2021-01-28,380.7
2021-01-29,380.7
2021-02-01,380.7
2021-02-02,380.7
2021-02-03,380.7
2021-02-04,380.7
2021-02-05,380.7
2021-02-08,380.7
2021-02-09,380.7
2021-02-10,380.7
2021-02-11,380.7
2021-02-12,380.65
2021-02-15,380.65
2021-02-16,380.65
2021-02-17,380.65
2021-02-18,380.6
2021-02-19,380.6
2021-02-22,380.6
2021-02-23,380.6
2021-02-24,380.6
2021-02-25,380.58
2021-02-26,380.58
2021-03-01,380.55
2021-03-02,380.55
2021-03-03,380.55
2021-03-04,380.55
2021-03-05,380.55
2021-03-08,380.55
2021-03-09,380.55
2021-03-10,380.55
2021-03-11,380.55
2021-03-12,380.55
2021-03-15,380.55
2021-03-16,380.55
2021-03-17,380.55
2021-03-18,380.55
2021-03-19,380.55
2021-03-22,380.55
2021-03-23,380.55
2021-03-24,380.55
2021-03-25,380.55
2021-03-26,380.55
2021-03-29,380.55
2021-03-30,380.55
2021-03-31,380.55
2021-04-01,380.55
2021-04-02,380.55
2021-04-05,380.55
2021-04-06,380.55
2021-04-07,380.55
2021-04-08,380.55
2021-04-09,380.55
2021-04-12,380.55
2021-04-13,380.55
2021-04-14,380.55
2021-04-15,380.55
2021-04-16,380.55
2021-04-19,380.55
2021-04-20,380.55
2021-04-21,380.55
2021-04-22,380.55
2021-04-23,380.55
2021-04-26,380.55
2021-04-27,380.55
2021-04-28,380.55
2021-04-29,380.55
2021-04-30,380.55
2021-05-03,380.57
2021-05-04,380.57
2021-05-05,380.57
2021-05-06,380.59
2021-05-07,380.59
2021-05-10,380.59
2021-05-11,380.59
2021-05-12,380.59
2021-05-13,380.59
2021-05-14,410.0
2021-05-17,410.9
2021-05-18,410.9
2021-05-19,410.3
2021-05-20,410.3
2021-05-21,410.2
2021-05-24,410.11
2021-05-25,410.1
2021-05-26,410.1
2021-05-27,410.1
2021-05-28,410.5
2021-05-31,410.5
2021-06-01,410.48
2021-06-02,410.05
2021-06-03,410.05
2021-06-04,410.05
2021-06-07,410.05
2021-06-08,410.04
2021-06-09,410.04
2021-06-10,410.04
2021-06-11,410.09
2021-06-14,410.09
2021-06-15,410.48
2021-06-16,410.0
2021-06-17,410.0
2021-06-18,410.0
2021-06-21,410.4
2021-06-22,410.88
2021-06-23,411.0
2021-06-24,411.0
2021-06-25,411.0
2021-06-28,411.0
2021-06-29,411.0
2021-06-30,411.0
2021-07-01,411.0
2021-07-02,411.0
2021-07-05,411.0
2021-07-06,411.0
2021-07-07,411.0
2021-07-08,411.0
2021-07-09,411.0
2021-07-12,411.0
2021-07-13,411.0
2021-07-14,411.0
2021-07-15,411.0
2021-07-16,411.0
2021-07-19,411.0
2021-07-20,411.0
2021-07-21,411.0
2021-07-22,411.0
2021-07-23,411.0
2021-07-26,411.0
2021-07-27,411.0
2021-07-28,411.0
2021-07-29,411.0
2021-07-30,411.0
2021-08-02,411.0
2021-08-03,411.0
2021-08-04,411.0
2021-08-05,411.0
2021-08-06,411.0
2021-08-09,411.0
2021-08-10,411.0
2021-08-11,411.0
2021-08-12,411.0
2021-08-13,411.0
2021-08-16,411.0
2021-08-17,411.2
2021-08-18,411.4
2021-08-19,411.3
2021-08-20,411.2
2021-08-23,411.05
2021-08-24,411.0
2021-08-25,411.05
2021-08-26,411.0
2021-08-27,411.0
2021-08-30,411.0
2021-08-31,411.0
2021-09-01,411.0
2021-09-02,411.0
2021-09-03,411.02
2021-09-06,411.02
2021-09-07,411.0
2021-09-08,410.8
2021-09-09,410.9
2021-09-10,410.93
2021-09-13,411.0
2021-09-14,411.0
2021-09-15,411.0
2021-09-16,411.0
2021-09-17,411.0
2021-09-20,411.0
2021-09-21,411.0
2021-09-22,411.0
2021-09-23,411.0
2021-09-24,411.0
2021-09-27,411.0
2021-09-28,408.76
2021-09-29,408.76
2021-09-30,409.8
2021-10-01,409.77
2021-10-04,409.8
2021-10-05,409.8
2021-10-06,409.82
2021-10-07,409.81
2021-10-08,409.81
2021-10-11,409.77
2021-10-12,409.87
2021-10-13,409.82
2021-10-14,409.85
2021-10-15,409.91
2021-10-18,409.91
2021-10-19,409.89
2021-10-20,409.82
2021-10-21,409.88
2021-10-22,409.91
2021-10-25,409.96
2021-10-26,409.99
2021-10-27,410.02
2021-10-28,410.0
2021-10-29,410.06
2021-11-01,410.05
2021-11-02,410.17
2021-11-03,410.21
2021-11-04,410.24
2021-11-05,410.27
2021-11-08,410.29
2021-11-09,410.32
2021-11-10,410.34
2021-11-11,410.37
2021-11-12,410.39
2021-11-15,410.42
2021-11-16,410.43
2021-11-17,410.43
2021-11-18,410.57
2021-11-19,410.59
2021-11-22,410.59
2021-11-23,409.63
2021-11-24,409.63
2021-11-25,409.63
2021-11-26,409.64
2021-11-29,409.64
2021-11-30,409.64
2021-12-01,409.66
2021-12-02,409.7
2021-12-03,409.73
2021-12-06,409.74
2021-12-07,409.74
2021-12-08,409.74
2021-12-09,409.74
2021-12-10,409.72
2021-12-13,409.95
2021-12-14,409.72
2021-12-15,409.73
2021-12-16,409.83
2021-12-17,409.91
2021-12-20,409.91
2021-12-21,410.91
2021-12-22,410.92
2021-12-23,410.93
2021-12-24,410.93
2021-12-27,410.95
2021-12-28,410.95
2021-12-29,410.95
2021-12-30,411.0
2021-12-31,411.7
2022-01-03,412.49
2022-01-04,412.49
2022-01-05,412.55
2022-01-06,412.79
2022-01-07,412.96
2022-01-10,413.14
2022-01-11,413.1
2022-01-12,413.44
2022-01-13,413.6
2022-01-14,413.79
2022-01-17,413.79
2022-01-18,414.0
2022-01-19,414.17
2022-01-20,414.45
2022-01-21,414.45
2022-01-24,414.53
2022-01-25,414.62
2022-01-26,414.82
2022-01-27,414.99
2022-01-28,415.16
2022-01-31,415.33
2022-02-01,414.26
2022-02-02,415.33
2022-02-03,415.54
2022-02-04,415.7
2022-02-07,415.88
2022-02-08,416.05
2022-02-09,416.25
2022-02-10,416.37
2022-02-11,416.51
2022-02-14,415.91
2022-02-15,415.31
2022-02-16,415.31
2022-02-17,415.37
2022-02-18,415.37
2022-02-21,415.37
2022-02-22,415.39
2022-02-23,415.39
2022-02-24,415.39
2022-02-25,415.39
2022-02-28,415.52
2022-03-01,415.59
2022-03-02,415.59
2022-03-03,415.46
2022-03-04,415.41
2022-03-07,415.27
2022-03-08,415.34
2022-03-09,415.34
2022-03-10,415.34
2022-03-11,415.34
2022-03-14,415.3
2022-03-15,415.45
2022-03-16,415.42
2022-03-17,415.42
2022-03-18,415.42
2022-03-21,415.39
2022-03-22,415.32
2022-03-23,415.25
2022-03-24,415.25
2022-03-25,415.25
2022-03-28,415.23
2022-03-29,415.25
2022-03-30,415.25
2022-03-31,415.25
2022-04-01,415.22
2022-04-04,415.22
2022-04-05,415.22
2022-04-06,415.22
2022-04-07,415.15
2022-04-08,415.15
2022-04-11,415.12
2022-04-12,414.09
2022-04-13,414.08
2022-04-14,414.03
2022-04-15,414.02
2022-04-18,414.0
2022-04-19,414.0
2022-04-20,415.0
2022-04-21,415.08
2022-04-22,415.08
2022-04-25,414.08
2022-04-26,414.98
2022-04-27,414.92
2022-04-28,414.83
2022-04-29,414.76
2022-05-02,414.69
2022-05-03,414.69
2022-05-04,414.69
2022-05-05,414.62
2022-05-06,414.69
2022-05-09,414.8
2022-05-10,413.83
2022-05-11,413.83
2022-05-12,414.83
2022-05-13,414.76
2022-05-16,414.75
2022-05-17,414.75
2022-05-18,414.68
2022-05-19,414.62
2022-05-20,414.62
2022-05-23,414.58
2022-05-24,414.68
2022-05-25,414.68
2022-05-26,414.72
2022-05-27,414.72
2022-05-30,414.72
2022-05-31,414.7
2022-06-01,414.65
2022-06-02,414.58
2022-06-03,414.62
2022-06-06,414.62
2022-06-07,414.63
2022-06-08,414.63
2022-06-09,414.63
2022-06-10,414.63
2022-06-13,414.63
2022-06-14,414.63
2022-06-15,414.72
2022-06-16,414.79
2022-06-17,414.87
2022-06-20,414.87
2022-06-21,414.75
2022-06-22,414.64
2022-06-23,414.59
2022-06-24,414.49
2022-06-27,414.5
2022-06-28,414.64
2022-06-29,414.6
2022-06-30,414.77
2022-07-01,414.77
2022-07-04,414.77
2022-07-05,414.8
2022-07-06,414.83
2022-07-07,414.76
2022-07-08,414.83
2022-07-11,414.83
2022-07-12,414.82
2022-07-13,414.83
2022-07-14,414.83
2022-07-15,414.9
2022-07-18,414.9
2022-07-19,414.9
2022-07-20,414.9
2022-07-21,414.9
2022-07-22,414.22
2022-07-25,414.75
2022-07-26,414.75
2022-07-27,415.14
2022-07-28,414.96
2022-07-29,415.37
2022-08-01,415.68
2022-08-02,415.9
2022-08-03,416.19
2022-08-04,416.69
2022-08-05,417.07
2022-08-08,417.47
2022-08-09,417.47
2022-08-10,418.19
2022-08-11,418.37
2022-08-12,418.72
2022-08-15,418.89
2022-08-16,418.89
2022-08-17,419.96
2022-08-18,419.83
2022-08-19,419.83
2022-08-22,420.4
2022-08-23,420.71
2022-08-24,421.08
2022-08-25,421.39
2022-08-26,421.7
2022-08-29,421.7
2022-08-30,422.38
2022-08-31,421.38
2022-09-01,422.46
2022-09-02,422.92
2022-09-05,422.92
2022-09-06,425.28
2022-09-07,425.61
2022-09-08,426.43
2022-09-09,426.76
2022-09-12,427.1
2022-09-13,427.51
2022-09-14,427.81
2022-09-15,428.11
2022-09-16,428.38
2022-09-19,428.68
2022-09-20,429.01
2022-09-21,429.37
2022-09-22,429.71
2022-09-23,430.05
2022-09-26,430.48
2022-09-27,430.83
2022-09-28,430.83
2022-09-29,431.54
2022-09-30,431.87
2022-10-03,431.85
2022-10-04,431.87
2022-10-05,431.87
2022-10-06,432.9
2022-10-07,433.22
2022-10-10,433.78
2022-10-11,433.78
2022-10-12,434.27
2022-10-13,434.7
2022-10-14,434.68
2022-10-17,435.06
2022-10-18,435.85
2022-10-19,435.98
2022-10-20,436.11
2022-10-21,436.11
2022-10-24,436.5
2022-10-25,436.68
2022-10-26,436.55
2022-10-27,437.16
2022-10-28,437.5
2022-10-31,437.85
2022-11-01,438.02
2022-11-02,438.37
2022-11-03,438.67
2022-11-04,438.88
2022-11-07,439.26
2022-11-08,439.53
2022-11-09,439.79
2022-11-10,440.13
2022-11-11,440.46
2022-11-14,440.83
2022-11-15,441.19
2022-11-16,441.19
2022-11-17,441.85
2022-11-18,442.16
2022-11-21,442.49
2022-11-22,442.63
2022-11-23,442.8
2022-11-24,442.95
2022-11-25,442.76
2022-11-28,443.37
2022-11-29,443.44
2022-11-30,443.44
2022-12-01,443.45
2022-12-02,443.67
2022-12-05,444.04
2022-12-06,444.31
2022-12-07,444.31
2022-12-08,444.47
2022-12-09,444.47
2022-12-12,444.65
2022-12-13,444.81
2022-12-14,444.96
2022-12-15,444.96
2022-12-16,444.97
2022-12-19,445.46
2022-12-20,445.46
2022-12-21,445.46
2022-12-22,446.13
2022-12-23,446.13
2022-12-26,446.15
2022-12-27,446.13
2022-12-28,446.14
2022-12-29,447.08
2022-12-30,447.58
2023-01-02,447.58
2023-01-03,448.05
2023-01-04,448.51
2023-01-05,449.03
2023-01-06,449.55
2023-01-09,449.55
2023-01-10,449.58
2023-01-11,451.1
2023-01-12,451.63
2023-01-13,452.09
2023-01-16,452.12
2023-01-17,453.08
2023-01-18,453.08
2023-01-19,453.08
2023-01-20,454.56
2023-01-23,454.56
2023-01-24,459.31
2023-01-25,459.47
2023-01-26,459.78
2023-01-27,459.78
2023-01-30,459.91
2023-01-31,460.02
2023-02-01,460.02
2023-02-02,460.04
2023-02-03,460.04
2023-02-06,459.2
2023-02-07,459.92
2023-02-08,459.92
2023-02-09,459.97
2023-02-10,458.99
2023-02-13,460.02
2023-02-14,460.06
2023-02-15,460.06
2023-02-16,460.05
2023-02-17,460.04
2023-02-20,460.05
2023-02-21,459.97
2023-02-22,459.97
2023-02-23,459.94
2023-02-24,459.94
2023-02-27,459.95
2023-02-28,459.97
2023-03-01,459.97
2023-03-02,459.97
2023-03-03,459.96
2023-03-06,459.96
2023-03-07,459.96
2023-03-08,459.99
2023-03-09,460.02
2023-03-10,460.02
2023-03-13,460.02
2023-03-14,460.03
2023-03-15,460.04
2023-03-16,459.94
2023-03-17,459.94
2023-03-20,459.89
2023-03-21,459.92
2023-03-22,459.95
2023-03-23,459.98
2023-03-24,459.98
2023-03-27,459.9
2023-03-28,459.85
2023-03-29,459.82
2023-03-30,459.85
2023-03-31,459.84
2023-04-03,459.83
2023-04-04,459.83
2023-04-05,459.86
2023-04-06,459.83
2023-04-07,459.83
2023-04-10,459.83
2023-04-11,459.83
2023-04-12,459.83
2023-04-13,459.93
2023-04-14,459.93
2023-04-17,459.92
2023-04-18,459.91
2023-04-19,460.03
2023-04-20,460.03
2023-04-21,460.03
2023-04-24,460.03
2023-04-25,460.03
2023-04-26,459.97
2023-04-27,459.97
2023-04-28,459.97
2023-05-01,459.87
2023-05-02,459.81
2023-05-03,459.85
2023-05-04,459.84
2023-05-05,459.87
2023-05-08,460.0
2023-05-09,459.94
2023-05-10,460.06
2023-05-11,460.07
2023-05-12,460.03
2023-05-15,460.03
2023-05-16,460.07
2023-05-17,460.2
2023-05-18,460.36
2023-05-19,460.34
2023-05-22,460.31
2023-05-23,460.28
2023-05-24,460.28
2023-05-25,460.31
2023-05-26,460.3
2023-05-29,460.25
2023-05-30,460.45
2023-05-31,460.6
2023-06-01,460.76
2023-06-02,460.92
2023-06-05,461.05
2023-06-06,461.18
2023-06-07,461.18
2023-06-08,461.67
2023-06-09,461.9
2023-06-12,461.9
2023-06-13,462.38
2023-06-14,620.2
2023-06-15,620.5
2023-06-16,655.0
2023-06-19,686.96
2023-06-20,689.0
2023-06-21,745.0
2023-06-22,745.0
2023-06-23,760.0
2023-06-26,742.25
2023-06-27,763.05
2023-06-28,752.95
2023-06-29,752.94
2023-06-30,758.77
2023-07-03,769.88
2023-07-04,769.88
2023-07-05,772.0
2023-07-06,774.0
2023-07-07,768.0
2023-07-10,789.0
2023-07-11,779.0
2023-07-12,775.0
2023-07-13,776.0
2023-07-14,775.0
2023-07-17,774.67
2023-07-18,788.0
2023-07-19,781.31
2023-07-20,789.51
2023-07-21,774.5
2023-07-24,791.82
2023-07-25,791.82
2023-07-26,787.92
2023-07-27,774.0
2023-07-28,774.28
2023-07-31,758.9
2023-08-01,757.02
2023-08-02,777.0
2023-08-03,777.0
2023-08-04,765.95
2023-08-07,749.62
2023-08-08,761.44
2023-08-09,767.77
2023-08-10,767.77
2023-08-11,767.77
2023-08-14,766.0
2023-08-15,759.0
2023-08-16,784.39
2023-08-17,766.47
2023-08-18,744.93
2023-08-21,743.64
2023-08-22,760.79
2023-08-23,755.27
2023-08-24,754.21
2023-08-25,770.84
2023-08-28,773.9
2023-08-29,771.97
2023-08-30,773.0
2023-08-31,773.0
2023-09-01,756.52
2023-09-04,756.52
2023-09-05,760.53
2023-09-06,753.0
2023-09-07,784.53
2023-09-08,789.0
2023-09-11,737.54
2023-09-12,770.33
2023-09-13,746.18
2023-09-14,783.0
2023-09-15,767.74
2023-09-18,759.93
2023-09-19,775.33
2023-09-20,770.27
2023-09-21,767.43
2023-09-22,767.43
2023-09-25,779.05
2023-09-26,779.05
2023-09-27,777.6
2023-09-28,777.6
2023-09-29,768.0
2023-10-02,766.47
2023-10-03,766.45
2023-10-04,746.61
2023-10-05,761.54
2023-10-06,771.54
2023-10-09,758.71
2023-10-10,763.03
2023-10-11,759.49
2023-10-12,768.0
2023-10-13,769.51
2023-10-16,764.93
2023-10-17,764.24
2023-10-18,774.44
2023-10-19,764.0
2023-10-20,859.23
2023-10-23,883.0
2023-10-24,794.93
2023-10-25,794.93
2023-10-26,802.2
2023-10-27,790.0
2023-10-30,785.98
2023-10-31,785.0
2023-11-01,787.0
2023-11-02,787.0
2023-11-03,806.27
2023-11-06,799.2
2023-11-07,786.09
2023-11-08,802.8
2023-11-09,802.0
2023-11-10,802.0
2023-11-13,802.0
2023-11-14,844.94
2023-11-15,843.08
2023-11-16,826.84
2023-11-17,839.54
2023-11-20,819.68
2023-11-21,816.1
2023-11-22,803.89
2023-11-23,803.89
2023-11-24,804.0
2023-11-27,799.0
2023-11-28,789.0
2023-11-29,793.0
2023-11-30,790.0
2023-12-01,788.0
2023-12-04,798.0
2023-12-05,801.0
2023-12-06,801.0
2023-12-07,800.0
2023-12-08,790.0
2023-12-11,790.0
2023-12-12,801.45
2023-12-13,802.0
2023-12-14,790.0
2023-12-15,789.0
2023-12-18,789.0
2023-12-19,824.0
2023-12-20,824.0
2023-12-21,902.0
2023-12-22,905.39
2023-12-25,905.39
2023-12-26,904.1
2023-12-27,884.0
2023-12-28,895.61
2023-12-29,881.03
2024-01-01,881.03
2024-01-02,883.0
2024-01-03,890.9
2024-01-04,911.44
2024-01-05,913.0
2024-01-08,913.0
2024-01-09,913.0
2024-01-10,950.49
2024-01-11,957.05
2024-01-12,957.0
2024-01-15,864.99
2024-01-16,852.77
2024-01-17,858.0
2024-01-18,894.52
2024-01-19,890.04
2024-01-22,890.01
2024-01-23,913.56
2024-01-24,899.27
2024-01-25,886.39
2024-01-26,898.2
2024-01-29,891.05
2024-01-30,1100.0
2024-01-31,1191.94
2024-02-01,1356.38
2024-02-02,1413.12
2024-02-05,1420.02
2024-02-06,1407.0
2024-02-07,1417.13
2024-02-08,1444.06
2024-02-09,1473.62
2024-02-12,1500.0
2024-02-13,1514.59
2024-02-14,1514.59
2024-02-15,1516.2
2024-02-16,1492.73
2024-02-19,1492.73
2024-02-20,1605.0
2024-02-21,1605.0
2024-02-22,1488.4
2024-02-23,1488.4
2024-02-26,1505.85
2024-02-27,1578.08
2024-02-28,1629.66
2024-02-29,1616.55
2024-03-01,1545.0
2024-03-04,1543.58
2024-03-05,1560.01
2024-03-06,1590.17
2024-03-07,1589.14
2024-03-08,1593.34
2024-03-11,1624.23
2024-03-12,1611.78
2024-03-13,1592.91
2024-03-14,1590.5
2024-03-15,1609.74
2024-03-18,1572.01
2024-03-19,1476.25
2024-03-20,1561.19
2024-03-21,1409.94
2024-03-22,1447.89
2024-03-25,1447.89
2024-03-26,1404.0
2024-03-27,1415.13
2024-03-28,1415.13
2024-03-29,1303.0
2024-04-01,1303.34
2024-04-02,1280.0
2024-04-03,1350.0
2024-04-04,1350.0
2024-04-05,1244.5
2024-04-08,1230.0
2024-04-09,1246.17
2024-04-10,1230.0
2024-04-11,1246.17
2024-04-12,1150.0
2024-04-15,1150.0
2024-04-16,1138.0
2024-04-17,1160.71
2024-04-18,1147.53
2024-04-19,1002.0
2024-04-22,1230.0
2024-04-23,1230.0
2024-04-24,1251.05
2024-04-25,1277.03
2024-04-26,1329.44
2024-04-29,1355.0
2024-04-30,1389.0
2024-05-01,1389.0
2024-05-02,1349.9
2024-05-03,1379.0
2024-05-06,1380.0
2024-05-07,1384.0
2024-05-08,1404.8
2024-05-09,1429.05
2024-05-10,1439.8
2024-05-13,1419.9
2024-05-14,1498.0
2024-05-15,1519.0
2024-05-16,1520.0
2024-05-17,1467.0
2024-05-20,1529.85
2024-05-21,1415.0
2024-05-22,1440.0
2024-05-23,1467.0
2024-05-24,1474.0
2024-05-27,1474.0
2024-05-28,1301.0
2024-05-29,1320.0
2024-05-30,1196.1
2024-05-31,1484.0
2024-06-03,1482.0
2024-06-04,1500.0
2024-06-05,1500.0
2024-06-06,1500.0
2024-06-07,1450.0
2024-06-10,1510.0
2024-06-11,1525.0
2024-06-12,1525.0
2024-06-13,1525.0
2024-06-14,1505.0
2024-06-17,1481.64
2024-06-18,1495.0
2024-06-19,1495.0
2024-06-20,1495.0
2024-06-21,1515.0
2024-06-24,1515.0
2024-06-25,1525.0
2024-06-26,1525.0
2024-06-27,1525.0
2024-06-28,1525.0
2024-07-01,1525.0
2024-07-02,1535.0
2024-07-03,1535.0
2024-07-04,1535.0
2024-07-05,1535.0
2024-07-08,1535.0
2024-07-09,1535.0
2024-07-10,1590.0
2024-07-11,1600.0
2024-07-12,1600.0
2024-07-15,1600.0
2024-07-16,1595.0
2024-07-17,1595.0
2024-07-18,1620.0
2024-07-19,1625.0
2024-07-22,1625.0
2024-07-23,1625.0
2024-07-24,1620.0
2024-07-25,1620.0
2024-07-26,1620.0
2024-07-29,1620.0
2024-07-30,1660.0
2024-07-31,1660.0
2024-08-01,1660.0
2024-08-02,1580.0
2024-08-05,1580.0
2024-08-06,1580.0
2024-08-07,1555.0
2024-08-08,1590.0
2024-08-09,1583.03
2024-08-12,1590.0
2024-08-13,1590.0
2024-08-14,1590.0
2024-08-15,1590.0
2024-08-16,1590.0
2024-08-19,1590.0
2024-08-20,1575.0
2024-08-21,1575.0
2024-08-22,1575.0
2024-08-23,1575.0
2024-08-26,1590.0
2024-08-27,1590.0
2024-08-28,1590.0
2024-08-29,1590.0
2024-08-30,1590.0
2024-09-02,1590.0
2024-09-03,1590.0
2024-09-04,1605.0
2024-09-05,1605.0
2024-09-06,1605.0
2024-09-09,1645.0
2024-09-10,1645.0
2024-09-11,1655.0
2024-09-12,1655.0
2024-09-13,1639.2
2024-09-16,1639.2
2024-09-17,1639.2
2024-09-18,1639.2
2024-09-19,1639.2
2024-09-20,1639.2
2024-09-23,1639.2
2024-09-24,1596.98
2024-09-25,1653.27
2024-09-26,1653.27
2024-09-27,1668.97
2024-09-30,1668.97
2024-10-01,1668.97
2024-10-02,1668.97
2024-10-03,1645.0
2024-10-04,1620.0
2024-10-07,1620.0
2024-10-08,1620.0
2024-10-09,1620.0
2024-10-10,1620.0
2024-10-11,1620.0
2024-10-14,1635.0
2024-10-15,1635.0
2024-10-16,1635.0
2024-10-17,1635.0
2024-10-18,1635.0
2024-10-21,1643.26
2024-10-22,1643.26
2024-10-23,1643.26
2024-10-24,1643.26
2024-10-25,1643.26
2024-10-28,1643.26
2024-10-29,1643.26
2024-10-30,1643.26
2024-10-31,1643.26
2024-11-01,1643.26
2024-11-04,1643.26
2024-11-05,1649.51
2024-11-06,1659.8
2024-11-07,1666.05
2024-11-08,1661.15
2024-11-11,1661.15
2024-11-12,1663.35
2024-11-13,1667.91
2024-11-14,1667.91
2024-11-15,1654.63
2024-11-18,1664.95
2024-11-19,1666.69
2024-11-20,1669.07
2024-11-21,1681.36
2024-11-22,1681.39
2024-11-25,1669.26
2024-11-26,1677.53
2024-11-27,1677.66
2024-11-28,1670.89
2024-11-29,1670.89
2024-12-02,1660.92
2024-12-03,1648.36
2024-12-04,1618.62
2024-12-05,1595.3
2024-12-06,1542.5
2024-12-09,1532.47
2024-12-10,1537.5
2024-12-11,1539.29
2024-12-12,1537.45
2024-12-13,1539.5
2024-12-16,1532.27
2024-12-17,1546.75
2024-12-18,1545.45
2024-12-19,1541.43
2024-12-20,1538.07
2024-12-23,1538.07
2024-12-24,1538.07
2024-12-25,1535.72
2024-12-26,1537.57
2024-12-27,1539.0
2024-12-30,1534.0
2024-12-31,1534.0
2025-01-01,1537.57
2025-01-02,1538.0
2025-01-03,1533.5
2025-01-06,1532.5
2025-01-07,1528.8
2025-01-08,1533.83
2025-01-09,1541.29
2025-01-10,1541.67
2025-01-13,1539.33
2025-01-14,1543.57
2025-01-15,1545.0
2025-01-16,1550.2
2025-01-17,1546.71
2025-01-20,1544.11
2025-01-21,1545.0
2025-01-22,1547.0
2025-01-23,1547.0
2025-01-24,1548.0
2025-01-27,1549.48
2025-01-28,1549.48
2025-01-29,1549.48
2025-01-30,1498.0
2025-01-31,1480.0
2025-02-03,1477.22
2025-02-04,1487.99
2025-02-05,1496.41
2025-02-06,1496.41
2025-02-07,1496.41
2025-02-10,1496.41
2025-02-11,1498.78
2025-02-12,1498.78
2025-02-13,1500.0
2025-02-14,1509.0
2025-02-17,1510.0
2025-02-18,1504.0
2025-02-19,1503.0
2025-02-20,1508.04
2025-02-21,1499.52
2025-02-24,1499.73
2025-02-25,1496.11
2025-02-26,1494.91
2025-02-27,1498.0
2025-02-28,1498.0
2025-03-03,1498.0
2025-03-04,1497.0
2025-03-05,1490.67
2025-03-06,1499.8
2025-03-07,1510.0
2025-03-10,1534.0
2025-03-11,1528.0
2025-03-12,1531.0
2025-03-13,1550.0
2025-03-14,1546.82
2025-03-17,1545.0
2025-03-18,1527.03
2025-03-19,1519.0
2025-03-20,1519.0
2025-03-21,1545.0
2025-03-24,1519.0
2025-03-25,1524.0
2025-03-26,1532.71
2025-03-27,1533.64
2025-03-28,1534.73
2025-03-31,1534.83
2025-04-01,1535.92
2025-04-02,1533.39
2025-04-03,1533.0
2025-04-04,1529.37
2025-04-07,1581.82
2025-04-08,1547.08
2025-04-09,1567.63
2025-04-10,1587.12
2025-04-11,1597.13
2025-04-14,1598.38
2025-04-15,1602.82
2025-04-16,1597.29
2025-04-17,1600.77
2025-04-18,1600.5
2025-04-21,1600.71
2025-04-22,1604.14
2025-04-23,1607.3
2025-04-24,1608.44
2025-04-25,1607.66
2025-04-28,1603.95
2025-04-29,1603.54
2025-04-30,1602.39
2025-05-01,1605.62
2025-05-02,1603.58
2025-05-05,1607.08
2025-05-06,1606.74
2025-05-07,1607.49
2025-05-08,1610.15
2025-05-09,1607.22
2025-05-12,1603.31
2025-05-13,1601.88
2025-05-14,1600.84
2025-05-15,1600.18
2025-05-16,1601.68
2025-05-19,1599.95
2025-05-20,1596.26
2025-05-21,1587.86
2025-05-22,1590.02
2025-05-23,1588.62
2025-05-26,1583.35
2025-05-27,1586.44
2025-05-28,1587.47
2025-05-29,1589.81
2025-05-30,1587.95
2025-06-02,1584.21
2025-06-03,1581.24
2025-06-04,1577.38
2025-06-05,1558.85
2025-06-06,1558.16
2025-06-09,1558.12
2025-06-10,1544.19
2025-06-11,1543.1
2025-06-12,1540.38
2025-06-13,1544.88
2025-06-16,1543.49
2025-06-17,1545.15
2025-06-18,1546.94
2025-06-19,1548.8
2025-06-20,1548.61
2025-06-23,1550.02
2025-06-24,1548.91
2025-06-25,1549.88
2025-06-26,1542.67
2025-06-27,1542.47
2025-06-30,1536.38
2025-07-01,1534.08
2025-07-02,1531.99
2025-07-03,1532.74
2025-07-04,1530.2
2025-07-07,1533.85
2025-07-08,1533.06
2025-07-09,1532.32
2025-07-10,1530.4
2025-07-11,1531.04
2025-07-14,1528.86
2025-07-15,1528.22
2025-07-16,1530.2
2025-07-17,1527.51
2025-07-18,1531.93
2025-07-21,1529.97
2025-07-22,1531.59
2025-07-23,1533.17
2025-07-24,1532.2
2025-07-25,1532.66
2025-07-28,1530.77
2025-07-29,1533.0
2025-07-30,1530.35
2025-07-31,1530.9
2025-08-01,1532.97
2025-08-04,1525.6
2025-08-05,1526.32
2025-08-06,1531.2
2025-08-07,1534.47
2025-08-08,1532.71
2025-08-11,1536.13
2025-08-12,1536.21
2025-08-13,1531.8
2025-08-14,1531.28
2025-08-15,1529.43
2025-08-18,1534.26
2025-08-19,1533.01
2025-08-20,1536.81
2025-08-21,1536.76
2025-08-22,1535.55
2025-08-25,1536.56
2025-08-26,1536.96
2025-08-27,1536.27
2025-08-28,1533.88
2025-08-29,1536.95
2025-09-01,1529.68
2025-09-02,1539.0
2025-09-03,1539.51
2025-09-04,1526.19
2025-09-05,1528.3
2025-09-08,1506.49
2025-09-09,1506.18
2025-09-10,1503.63
2025-09-11,1504.7
2025-09-12,1499.59
2025-09-15,1498.1
2025-09-16,1495.25
2025-09-17,1495.51
2025-09-18,1495.66
2025-09-19,1492.81
2025-09-22,1493.28
2025-09-23,1490.35
2025-09-24,1491.88
2025-09-25,1490.02
2025-09-26,1486.22
2025-09-29,1485.68
2025-09-30,1483.18
2025-10-01,1483.2
2025-10-02,1469.73
2025-10-03,1471.17
2025-10-06,1471.2
2025-10-07,1470.78
2025-10-08,1473.0
2025-10-09,1475.84
2025-10-10,1462.11
2025-10-13,1460.19
2025-10-14,1458.35
2025-10-15,1468.68
2025-10-16,1469.13
2025-10-17,1469.4
2025-10-19,1468.99
2025-10-20,1465.77
2025-10-21,1465.04
2025-10-22,1463.45
2025-10-23,1461.88
2025-10-25,1462.57
2025-10-26,1461.9
2025-10-28,1455.68
2025-10-29,1446.48
2025-10-30,1447.73
2025-10-31,1440.23
2025-11-01,1425.35
2025-11-02,1424.65
2025-11-03,1437.32
2025-11-04,1446.81
2025-11-05,1440.18
2025-11-06,1439.02
2025-11-07,1436.83
2025-11-08,1436.84
2025-11-09,1437.43
2025-11-10,1435.53
2025-11-11,1437.08
2025-11-12,1436.49
2025-11-13,1437.86
2025-11-14,1438.87
2025-11-15,1438.13
2025-11-16,1438.08
2025-11-17,1439.09
2025-11-18,1440.95
2025-11-21,1454.9
2025-11-22,1456.07
2025-11-23,1455.82
2025-11-24,1453.39
2025-11-25,1452.96
2025-11-26,1455.9
2025-11-27,1445.28
2025-11-28,1443.83
2025-11-29,1446.13
2025-11-30,1445.96
2025-12-01,1444.86
2025-12-02,1444.9
2025-12-03,1446.97
2025-12-04,1444.26
2025-12-05,1447.44
2025-12-06,1450.7
2025-12-07,1449.77
2025-12-08,1450.6
2025-12-09,1450.03
2025-12-10,1451.61
2025-12-11,1453.28
2025-12-12,1451.53
2025-12-13,1451.88
2025-12-14,1451.3
2025-12-15,1449.71
2025-12-16,1452.12
2025-12-17,1451.58
2025-12-18,1456.1
2025-12-19,1454.96
2025-12-20,1457.21
2025-12-21,1458.88
2025-12-22,1459.2
2025-12-23,1457.58
2025-12-24,1453.77
2025-12-25,1451.9
2025-12-26,1450.73
2025-12-27,1450.91
2025-12-28,1450.93
2025-12-29,1450.79
2025-12-30,1448.83
2025-12-31,1445.11
2026-01-01,1444.44
2026-01-02,1445.12
2026-01-03,1433.74
2026-01-04,1434.48
2026-01-05,1438.21
2026-01-06,1432.47
2026-01-07,1425.19
2026-01-08,1421.41
2026-01-09,1421.51
