Date,Rate,diff,lag_1,lag_2,lag_6,lag_8,lag_11,lag_13,lag_15,lag_16,lag_25,lag_32,lag_34,rmean_4,rstd_4,rmean_8,rstd_8,rmean_12,rstd_12,ret_3,ret_7,ret_14,ret_21,ret_30,ret_60,ret_90,month,day,year
1997-04-11,84.66,-0.29000000000000625,0.0,0.0,-0.04000000000000625,0.0,0.0799999999999983,1.2399999999999949,-0.21999999999999886,-0.02200000000000557,0.05000000000001137,0.0,-0.20000000000000284,0.25200000000000244,0.43498965504940684,0.19100000000000072,0.34744290383971366,0.16399999999999912,0.2882725982626377,-3.685185185185141,-inf,-0.8791666666666643,-1.9731543624161225,-6.800000000000455,-0.767999999999995,-1.5800000000000125,4,11,1997
1997-05-02,85.05,0.25,0.0,0.0,0.10800000000000409,0.5600000000000023,0.0,0.05999999999998806,0.29999999999999716,1.2399999999999949,-0.20000000000000284,0.01999999999999602,-0.3499999999999943,-0.07250000000000156,0.1450000000000027,0.15975000000000072,0.3808268260358939,0.10316666666666663,0.31525511554737606,-1.862068965517223,-0.722222222222224,2.1250000000000666,-7.249999999999023,inf,-1.2976190476190463,inf,5,2,1997
1997-05-09,84.48,-0.3199999999999932,0.25,0.0,0.0,0.9000000000000057,0.0,0.0,0.0799999999999983,0.29999999999999716,0.2980000000000018,0.09999999999999432,0.04999999999999716,-0.010000000000001563,0.22075627586398167,0.12100000000000044,0.34869880576632106,0.12399999999999996,0.3160770907116313,-inf,-3.9629629629627874,-6.333333333334281,-inf,0.45454545454543105,-1.7804878048780386,-1.8,5,9,1997
1997-05-16,84.48,0.020000000000010232,-0.3199999999999932,0.25,0.0,0.10800000000000409,-0.04000000000000625,0.0,0.05999999999998806,0.0799999999999983,-0.060000000000002274,0.0,0.01999999999999602,-0.017499999999998295,0.2335772534587472,-0.03149999999999942,0.19000977418468165,0.09733333333333387,0.3400773530545765,inf,inf,inf,-1.909090909091144,-0.5999999999998863,-0.8999999999999503,-0.9599999999999795,5,16,1997
1997-05-23,84.96,0.4099999999999966,0.020000000000010232,-0.3199999999999932,-0.29000000000000625,0.0,0.5600000000000023,0.0,0.0,0.05999999999998806,0.05999999999998806,-0.21999999999999886,0.09999999999999432,-0.012499999999995737,0.2342897067023333,-0.04249999999999865,0.18320558319626934,0.09900000000000138,0.33960565366318746,0.6399999999999864,inf,inf,-2.863636363636358,-1.7454545454545431,inf,inf,5,23,1997
1997-05-30,84.52,-0.020000000000010232,0.4099999999999966,0.020000000000010232,0.0,0.0,0.9000000000000057,-0.04000000000000625,0.0,0.0,-0.04000000000000625,0.05000000000001137,0.0,0.09000000000000341,0.31675437381878424,0.008750000000000924,0.24403966305266045,0.13650000000000162,0.3476122447890366,-0.9374999999999667,-0.9310344827585869,-inf,-0.9916666666666625,-0.9358974358974026,-inf,-inf,5,30,1997
1997-06-06,84.52,0.03999999999999204,-0.020000000000010232,0.4099999999999966,0.0,-0.29000000000000625,0.10800000000000409,0.5600000000000023,0.0,0.0,0.0,-0.5499999999999972,-0.21999999999999886,0.022500000000000853,0.29959695147536297,0.006249999999999645,0.24424446184684748,0.08816666666666724,0.3228120289899473,0.9999999999985789,inf,-1.9999999999996447,-0.9677419354838772,-1.1999999999999573,-0.6363636363637069,-1.399999999999943,6,6,1997
1997-06-13,84.44,0.060000000000002274,0.03999999999999204,-0.020000000000010232,0.25,0.0,0.0,0.9000000000000057,-0.04000000000000625,0.0,-0.02200000000000557,-0.3119999999999976,0.05000000000001137,0.11249999999999716,0.19989580619245909,0.04749999999999943,0.2129218501838473,0.016499999999999442,0.19723013784086585,-0.8536585365853591,inf,-0.8928571428571392,-0.7999999999999905,-0.798657718120799,inf,inf,6,13,1997
1997-06-20,84.4,0.0,0.060000000000002274,0.03999999999999204,-0.3199999999999932,0.0,0.0,0.10800000000000409,0.5600000000000023,-0.04000000000000625,-0.21999999999999886,-0.20000000000000284,-0.5499999999999972,0.12249999999999517,0.19465781943365948,0.054999999999999716,0.2120646801601507,0.01249999999999929,0.19568643749167042,-1.0,-1.0,-1.0,-1.0,-1.0,-1.0,-1.0,6,20,1997
1997-06-27,84.32,-0.060000000000002274,0.0,0.060000000000002274,0.020000000000010232,0.25,-0.29000000000000625,0.0,0.9000000000000057,0.5600000000000023,-2.4000000000000057,0.2980000000000018,-0.3119999999999976,0.01999999999999602,0.03651483716701223,0.054999999999999716,0.2120646801601507,0.01249999999999929,0.19568643749167042,-2.5000000000003553,-0.8124999999999889,-1.5555555555555556,-2.000000000000237,-2.000000000000237,-1.4,-1.0600000000000023,6,27,1997
1997-07-04,83.8,-0.0799999999999983,-0.060000000000002274,0.0,0.4099999999999966,-0.3199999999999932,0.0,0.0,0.10800000000000409,0.9000000000000057,1.2399999999999949,-0.060000000000002274,-0.20000000000000284,0.00999999999999801,0.05291502622129067,0.01624999999999943,0.1992799538337925,0.0074999999999991,0.1967982353948965,-2.3333333333332544,-4.999999999997868,-inf,-inf,0.9999999999996447,-0.5294117647058971,-1.8000000000000285,7,4,1997
1997-07-11,83.3,-0.20000000000000284,-0.0799999999999983,-0.060000000000002274,-0.020000000000010232,0.020000000000010232,0.0,-0.29000000000000625,0.0,0.10800000000000409,0.29999999999999716,0.05999999999998806,0.2980000000000018,-0.019999999999999574,0.06324555320336736,0.04624999999999879,0.15445179553134467,0.024999999999999762,0.17619720356876786,-inf,-1.4878048780487916,-inf,-inf,-inf,-1.571428571428589,1.000000000000142,7,11,1997
1997-07-18,82.76,-0.23999999999999488,-0.20000000000000284,-0.0799999999999983,0.03999999999999204,0.4099999999999966,0.25,0.0,0.0,0.0,0.0799999999999983,-0.04000000000000625,-0.060000000000002274,-0.08500000000000085,0.08386497083606109,0.018749999999997158,0.1776382761199185,0.00833333333333286,0.18785068215973602,2.9999999999997633,10.999999999993605,-0.17241379310348381,-inf,9.909090909087915,1.0000000000001186,-1.2999999999999947,7,18,1997
1997-07-25,82.48,-0.0799999999999983,-0.23999999999999488,-0.20000000000000284,0.060000000000002274,-0.020000000000010232,-0.3199999999999932,0.0,-0.29000000000000625,0.0,0.05999999999998806,0.0,0.05999999999998806,-0.14499999999999957,0.088506120315676,-0.06250000000000178,0.10819955109491809,-0.011666666666666714,0.20112562032599005,0.0,-3.0000000000003553,-inf,0.9999999999996447,-0.6363636363636422,-0.2727272727272845,-0.9466666666666678,7,25,1997
1997-08-01,82.48,0.18000000000000682,-0.0799999999999983,-0.23999999999999488,0.0,0.03999999999999204,0.020000000000010232,0.25,0.0,-0.29000000000000625,0.0,-0.02200000000000557,-0.04000000000000625,-0.14999999999999858,0.08246211251235203,-0.07000000000000028,0.10690449676496527,-0.03916666666666657,0.18391986067718266,-1.9000000000000212,2.0,inf,-0.6785714285714177,-1.0750000000000026,2.0,-1.1800000000000068,8,1,1997
1997-08-08,82.26,-0.539999999999992,0.18000000000000682,-0.0799999999999983,-0.060000000000002274,0.060000000000002274,0.4099999999999966,-0.3199999999999932,0.0,0.0,0.0,-0.21999999999999886,0.0,-0.0849999999999973,0.1892969448600111,-0.05249999999999844,0.13519826710639135,0.0025000000000000946,0.17067379838318825,1.2500000000000147,-inf,-3.159999999999968,-1.5999999999999872,-1.4354838709677373,-3.2499999999998814,0.07999999999998408,8,8,1997
1997-08-15,81.85,0.4099999999999966,-0.539999999999992,0.18000000000000682,-0.0799999999999983,0.0,-0.020000000000010232,0.020000000000010232,0.25,0.0,0.0,-2.4000000000000057,-0.02200000000000557,-0.1699999999999946,0.3013303834663862,-0.12749999999999773,0.2097447428253115,-0.044166666666666764,0.23125972543021733,-6.125000000000067,-7.833333333333018,-2.281250000000017,2.796296296296121,0.36666666666666825,0.5769230769230327,-1.8199999999999932,8,15,1997
1997-08-22,81.38,0.01999999999999602,0.4099999999999966,-0.539999999999992,-0.20000000000000284,-0.060000000000002274,0.03999999999999204,0.4099999999999966,-0.3199999999999932,0.25,-0.04000000000000625,1.2399999999999949,-0.21999999999999886,-0.0074999999999967315,0.4075434537158749,-0.07624999999999815,0.2827385213029339,-0.044166666666666764,0.23125972543021733,-0.8888888888889153,-1.2499999999999556,-7.105427357601002e-13,inf,-0.7500000000000444,-1.1249999999999667,-1.009999999999998,8,22,1997
1997-08-29,80.15,-1.2299999999999898,0.01999999999999602,0.4099999999999966,-0.23999999999999488,-0.0799999999999983,0.060000000000002274,-0.020000000000010232,0.020000000000010232,-0.3199999999999932,0.5600000000000023,0.29999999999999716,-2.4000000000000057,0.017500000000001847,0.4046706479760177,-0.06624999999999837,0.28480256319070946,-0.04083333333333291,0.23192703920662297,1.2777777777777923,5.149999999999862,-4.0,-inf,-21.500000000003908,-13.300000000000598,-inf,8,29,1997
1997-09-05,81.79,0.22000000000001307,-1.2299999999999898,0.01999999999999602,-0.0799999999999983,-0.20000000000000284,0.0,0.03999999999999204,0.4099999999999966,0.020000000000010232,0.9000000000000057,0.0799999999999983,1.2399999999999949,-0.3349999999999973,0.7127645707618493,-0.2099999999999973,0.5009419698356813,-0.14666666666666472,0.4117442571953258,-0.4634146341463051,-1.9166666666667407,-11.999999999995026,-1.758620689655201,inf,-2.803278688524699,inf,9,5,1997
1997-09-19,81.2,-0.14999999999999147,0.0,0.22000000000001307,-0.539999999999992,-0.0799999999999983,-0.0799999999999983,0.0,0.03999999999999204,-0.020000000000010232,0.0,0.0,0.0799999999999983,-0.24749999999999517,0.6624889936192625,-0.12749999999999595,0.5251054315903718,-0.1333333333333305,0.4215196174305365,-0.8780487804878108,-1.8333333333332544,-3.4999999999997633,-inf,-inf,1.4999999999997633,-inf,9,19,1997
1997-09-26,81.68,0.20000000000000284,-0.14999999999999147,0.0,0.4099999999999966,0.18000000000000682,-0.20000000000000284,-0.060000000000002274,0.060000000000002274,0.03999999999999204,0.0,0.0,0.05999999999998806,-0.28999999999999204,0.6448255578061393,-0.1362499999999951,0.524783969158463,-0.1408333333333296,0.42089640991434685,-0.09090909090913202,-1.3703703703703811,inf,-0.19999999999998863,-5.9999999999992895,-0.322033898305079,inf,9,26,1997
1997-10-03,82.0,0.4000000000000057,0.20000000000000284,-0.14999999999999147,0.01999999999999602,-0.539999999999992,-0.23999999999999488,-0.0799999999999983,0.0,0.060000000000002274,-0.29000000000000625,0.0,0.0,0.06750000000000611,0.1757602533756334,-0.1337499999999956,0.5265504317184188,-0.11749999999999616,0.43218525068434366,inf,-0.024390243902417064,-7.666666666666509,-2.2500000000000444,-0.2857142857142785,-10.999999999998579,inf,10,3,1997
1997-10-10,81.49,0.030000000000001137,0.4000000000000057,0.20000000000000284,-1.2299999999999898,0.4099999999999966,-0.0799999999999983,-0.20000000000000284,-0.060000000000002274,0.0,0.0,-0.04000000000000625,0.0,0.11250000000000426,0.2393567769390837,-0.01624999999999588,0.5278240372375164,-0.06749999999999545,0.45583340258156696,-1.2000000000000188,0.5000000000003553,-1.3750000000000222,0.49999999999928946,-0.9666666666666656,-1.1500000000000035,-0.9699999999999989,10,10,1997
1997-10-17,81.57,0.03999999999999204,0.030000000000001137,0.4000000000000057,0.22000000000001307,0.01999999999999602,0.18000000000000682,-0.23999999999999488,-0.0799999999999983,-0.060000000000002274,0.0,0.5600000000000023,0.0,0.12000000000000455,0.23508863576673822,-0.06374999999999531,0.5003695063222184,-0.044999999999995786,0.45320073818442425,-0.8000000000000427,-1.0325203252032458,-1.1999999999999573,-0.9024390243902625,-0.6296296296297174,-1.6896551724135733,inf,10,17,1997
1997-10-24,81.93,0.3200000000000074,0.03999999999999204,0.030000000000001137,0.0,-1.2299999999999898,-0.539999999999992,-0.0799999999999983,-0.20000000000000284,-0.0799999999999983,0.25,0.9000000000000057,-0.04000000000000625,0.16750000000000043,0.17346949779908863,-0.06124999999999581,0.500897408942901,-0.03499999999999659,0.45368190698690036,-0.19999999999999285,0.45454545454540174,-2.3333333333333925,-16.999999999992184,inf,inf,-1.6400000000000148,10,24,1997
1997-11-07,80.02,0.37999999999999545,0.0,0.3200000000000074,0.20000000000000284,0.0,0.01999999999999602,-0.539999999999992,-0.0799999999999983,-0.23999999999999488,0.020000000000010232,0.0,0.9000000000000057,0.09750000000000014,0.14930394055974494,0.1050000000000022,0.18485515565282043,0.02166666666666946,0.4318634744986648,8.500000000001776,-3.533333333333447,1.111111111111006,5.333333333333018,-2.310344827586163,6.600000000000341,-1.3039999999999963,11,7,1997
1997-11-14,79.53,-0.01999999999999602,0.37999999999999545,0.0,0.4000000000000057,-0.14999999999999147,-1.2299999999999898,0.4099999999999966,0.18000000000000682,-0.0799999999999983,0.4099999999999966,0.0,0.10800000000000409,0.18499999999999872,0.19278658321228515,0.15250000000000163,0.20204313542268132,0.019166666666669368,0.4294914187593008,-1.0624999999999862,-1.0999999999999788,-0.9629629629629698,-inf,-inf,-2.0,-0.990000000000002,11,14,1997
1997-11-21,78.32,-0.0800000000000125,-0.01999999999999602,0.37999999999999545,0.030000000000001137,0.20000000000000284,0.22000000000001307,0.01999999999999602,-0.539999999999992,0.18000000000000682,-0.020000000000010232,-0.29000000000000625,0.0,0.1700000000000017,0.20944370763206543,0.16875000000000107,0.17803992329169924,0.015833333333336697,0.42963955999785425,-inf,-1.2000000000000284,-1.1951219512195443,0.33333333333349113,-inf,-1.8000000000001706,-1.0800000000000125,11,21,1997
1997-11-28,77.9,-0.2599999999999909,-0.0800000000000125,-0.01999999999999602,0.03999999999999204,0.4000000000000057,0.0,-1.2299999999999898,0.4099999999999966,-0.539999999999992,0.03999999999999204,0.0,0.0,0.06999999999999673,0.20944370763206657,0.13374999999999915,0.19747965537167353,0.11166666666666814,0.18521895315021386,-1.6842105263157738,-9.666666666666035,-14.000000000002132,2.2499999999999556,-2.0399999999999636,-inf,-0.6904761904762026,11,28,1997
1997-12-05,77.12,-0.0799999999999983,-0.2599999999999909,-0.0800000000000125,0.3200000000000074,0.030000000000001137,-0.14999999999999147,0.22000000000001307,0.01999999999999602,0.4099999999999966,0.060000000000002274,0.0,-0.29000000000000625,0.004999999999999005,0.2699999999999958,0.051249999999999574,0.20794487593727945,0.07166666666666781,0.20988452813753303,3.0000000000007105,-3.0000000000003553,-0.9349593495934968,-0.6000000000000142,-0.75,-0.6363636363636422,-1.1951219512195097,12,5,1997
1997-12-12,75.72,-0.12999999999999545,-0.0799999999999983,-0.2599999999999909,0.0,0.03999999999999204,0.20000000000000284,0.0,-1.2299999999999898,0.01999999999999602,0.0,0.25,0.0,-0.10999999999999943,0.10392304845412763,0.037499999999999645,0.2131230362289061,0.06500000000000128,0.2136054136188323,0.6249999999996891,-1.4062499999999765,-1.590909090909035,-0.4583333333333407,-7.499999999996447,-3.599999999999318,-1.649999999999968,12,12,1997
1997-12-19,75.5,0.12999999999999545,-0.12999999999999545,-0.0799999999999983,0.37999999999999545,0.3200000000000074,0.4000000000000057,-0.14999999999999147,0.22000000000001307,-1.2299999999999898,-0.060000000000002274,-0.3199999999999932,0.0,-0.1374999999999993,0.08499999999999241,0.016250000000001208,0.22116170554596223,0.06666666666666761,0.21184614199646817,-1.5,inf,inf,-2.624999999999978,-0.6829268292683011,-1.2363636363636292,inf,12,19,1997
1997-12-26,74.425,-0.375,0.12999999999999545,-0.12999999999999545,-0.01999999999999602,0.0,0.030000000000001137,0.20000000000000284,0.0,0.22000000000001307,-0.0799999999999983,0.020000000000010232,0.25,-0.0849999999999973,0.1621727474022624,-0.007500000000000284,0.19218666521304847,0.06083333333333366,0.20878254600217727,3.6875000000001004,-1.9868421052631697,1.500000000000142,-3.0833333333332544,17.749999999990408,0.2019230769230862,-inf,12,26,1997
1998-01-02,75.67,0.4650000000000034,-0.375,0.12999999999999545,-0.0800000000000125,0.37999999999999545,0.03999999999999204,0.4000000000000057,-0.14999999999999147,0.0,-0.20000000000000284,0.4099999999999966,-0.3199999999999932,-0.11374999999999957,0.20741966316303226,-0.054375000000000284,0.23175475800324125,-0.003750000000000142,0.2141274577951589,-4.576923076923228,-24.250000000004796,1.3249999999999842,-1.8611111111111303,10.625000000002398,-3.324999999999984,3.22727272727278,1,2,1998
1998-01-09,75.5,0.730000000000004,0.4650000000000034,-0.375,-0.2599999999999909,-0.01999999999999602,0.3200000000000074,0.030000000000001137,0.20000000000000284,-0.14999999999999147,-0.23999999999999488,-0.020000000000010232,0.020000000000010232,0.022500000000000853,0.3599189723627621,-0.04374999999999929,0.2552694654673745,0.03250000000000005,0.25355203876844695,4.615384615384842,-10.124999999998623,0.824999999999984,0.7804878048780732,11.166666666666272,1.4496644295301997,inf,1,9,1998
1998-01-16,75.58,0.5799999999999983,0.730000000000004,0.4650000000000034,-0.0799999999999983,-0.0800000000000125,0.0,0.03999999999999204,0.4000000000000057,0.20000000000000284,-0.0799999999999983,0.03999999999999204,0.4099999999999966,0.2375000000000007,0.476453915225109,0.05000000000000071,0.37491903887944333,0.09000000000000104,0.32388971186894083,-2.5466666666666624,-3.2307692307693023,18.333333333332543,28.000000000005684,inf,-10.666666666666272,-4.625000000000067,1,16,1998
1998-01-23,81.05,0.7839999999999918,0.5799999999999983,0.730000000000004,-0.12999999999999545,-0.2599999999999909,0.37999999999999545,0.3200000000000074,0.030000000000001137,0.4000000000000057,0.18000000000000682,0.060000000000002274,-0.020000000000010232,0.3500000000000014,0.49536182062542344,0.13250000000000206,0.41291645644125,0.11166666666666696,0.34844024747523883,0.6860215053763141,-10.800000000000107,18.600000000003696,-1.6373983739837383,-14.066666666666036,12.06666666666913,4.226666666666414,1,23,1998
1998-01-30,80.76,0.020000000000010232,0.7839999999999918,0.5799999999999983,0.12999999999999545,-0.0799999999999983,-0.01999999999999602,0.0,0.03999999999999204,0.030000000000001137,-0.539999999999992,0.0,0.03999999999999204,0.6397499999999994,0.1449836197644375,0.2629999999999999,0.43550528945450867,0.1769999999999996,0.39587165045802697,-0.9726027397260135,-1.153846153846238,-0.9374999999999695,-0.909090909090868,-1.2500000000001332,-1.5000000000001776,-1.1176470588235885,1,30,1998
1998-02-06,82.3,0.2599999999999909,0.020000000000010232,0.7839999999999918,-0.375,-0.12999999999999545,-0.0800000000000125,0.37999999999999545,0.3200000000000074,0.03999999999999204,0.4099999999999966,-0.060000000000002274,0.060000000000002274,0.5285000000000011,0.349812807084011,0.27550000000000097,0.42557591231512953,0.14700000000000082,0.3927175714289972,-0.5517241379310489,1.0,inf,inf,-2.299999999999936,inf,-0.2571428571428711,2,6,1998
1998-02-13,83.68,0.18000000000000682,0.2599999999999909,0.020000000000010232,0.4650000000000034,0.12999999999999545,-0.2599999999999909,-0.01999999999999602,0.0,0.3200000000000074,0.01999999999999602,-0.0799999999999983,0.0,0.4109999999999978,0.3383154346661252,0.32424999999999926,0.3936280877028083,0.1703333333333331,0.39020328812121075,-0.770408163265295,-1.4800000000000182,-0.5263157894736605,-2.200000000000114,-1.7500000000000444,-9.18181818181642,-2.5000000000001776,2,13,1998
1998-02-20,83.84,0.10999999999999943,0.18000000000000682,0.2599999999999909,0.730000000000004,-0.375,-0.0799999999999983,-0.0800000000000125,0.37999999999999545,0.0,-1.2299999999999898,-0.20000000000000284,-0.060000000000002274,0.31099999999999994,0.3307425988085927,0.3305000000000007,0.39048760726631165,0.19200000000000136,0.3821753524234627,4.499999999997158,-0.7634408602150567,-6.500000000001066,-0.4500000000000106,-2.375000000000022,-1.5,-2.0,2,20,1998
1998-02-27,84.4,0.44000000000001194,0.10999999999999943,0.18000000000000682,0.5799999999999983,0.4650000000000034,-0.12999999999999545,-0.2599999999999909,-0.01999999999999602,0.37999999999999545,0.22000000000001307,-0.23999999999999488,-0.0799999999999983,0.14250000000000185,0.1021028892833033,0.3911250000000006,0.29003715894937726,0.22283333333333388,0.3564534480209992,0.6923076923077973,-0.3972602739725897,-6.4999999999992895,0.1000000000000143,1.444444444444418,-1.1833333333333378,6.333333333333254,2,27,1998
1998-03-06,84.16,0.0,0.44000000000001194,0.10999999999999943,0.7839999999999918,0.730000000000004,0.12999999999999545,-0.0799999999999983,-0.0800000000000125,-0.01999999999999602,0.0,-0.0799999999999983,-0.20000000000000284,0.24750000000000227,0.14221462653328265,0.3880000000000017,0.28926112770297685,0.26616666666666805,0.3477943052838528,-1.0,-1.0,-1.0,-1.0,-1.0,-1.0,-1.0,3,6,1998
1998-03-13,84.5,0.4000000000000057,0.0,0.44000000000001194,0.020000000000010232,0.5799999999999983,-0.375,-0.12999999999999545,-0.2599999999999909,-0.0800000000000125,-0.14999999999999147,0.18000000000000682,-0.23999999999999488,0.18250000000000455,0.18697147732564787,0.2967500000000012,0.2809858918674907,0.277000000000001,0.3361625688967647,2.636363636363707,-0.4897959183673344,-6.000000000000178,9.000000000002132,-0.024390243902417064,0.333333333333365,0.5384615384615301,3,13,1998
1998-03-20,84.3,0.0,0.4000000000000057,0.0,0.2599999999999909,0.7839999999999918,0.4650000000000034,0.12999999999999545,-0.0799999999999983,-0.2599999999999909,0.20000000000000284,-0.539999999999992,-0.0799999999999983,0.23750000000000426,0.21608254595563428,0.2742500000000021,0.2616026157579979,0.2995000000000019,0.33446062412623156,-1.0,-1.0,-1.0,-1.0,-1.0,-1.0,-1.0,3,20,1998
1998-03-27,84.7,-0.29999999999999716,0.0,0.4000000000000057,0.18000000000000682,0.020000000000010232,0.730000000000004,-0.375,-0.12999999999999545,-0.0799999999999983,0.4000000000000057,0.4099999999999966,0.18000000000000682,0.2100000000000044,0.2430363484474474,0.17625000000000313,0.17630634864187,0.3307500000000019,0.278557036757774,-inf,-2.1538461538461835,-3.3076923076923666,-inf,-0.75609756097561,-6.000000000000948,-4.000000000000142,3,27,1998
1998-04-03,85.5,0.7999999999999972,-0.29999999999999716,0.0,0.10999999999999943,0.2599999999999909,0.5799999999999983,0.4650000000000034,0.12999999999999545,-0.12999999999999545,0.030000000000001137,0.01999999999999602,-0.539999999999992,0.02500000000000213,0.2872281323269026,0.1362500000000022,0.2411838362269395,0.26700000000000185,0.32816126855833727,0.9999999999999645,3.44444444444426,-3.1333333333333258,1.1052631578947545,2.6363636363634075,inf,-7.55737704918031,4,3,1998
1998-04-17,84.44,-0.10000000000000853,0.0,0.7999999999999972,0.0,0.10999999999999943,0.020000000000010232,0.5799999999999983,0.4650000000000034,-0.375,0.3200000000000074,0.22000000000001307,0.01999999999999602,0.125,0.47169905660282785,0.18125000000000213,0.3449404710546856,0.2245000000000014,0.33110737066560375,-0.6666666666666351,-1.2272727272727404,-1.136986301369874,0.24999999999991118,-0.33333333333323856,-inf,0.6666666666667456,4,17,1998
1998-04-24,84.64,0.04000000000000625,-0.10000000000000853,0.0,0.4000000000000057,0.44000000000001194,0.2599999999999909,0.7839999999999918,0.730000000000004,0.4650000000000034,0.0,0.0,-1.2299999999999898,0.09999999999999787,0.4830458915396469,0.15500000000000114,0.3588473611041736,0.1508333333333347,0.29124991871503636,-0.949999999999992,inf,-0.9310344827586097,-1.1538461538461833,-0.7999999999999716,-2.0,-0.8644067796609965,4,24,1998
1998-05-08,85.8,0.0799999999999983,0.0,0.04000000000000625,-0.29999999999999716,0.4000000000000057,0.10999999999999943,0.2599999999999909,0.7839999999999918,0.5799999999999983,-0.01999999999999602,0.20000000000000284,0.0,-0.015000000000000568,0.059721576223901625,0.10500000000000043,0.3408812109811854,0.13083333333333513,0.2914371391236995,-1.7999999999999148,inf,2.9999999999978684,-1.6153846153846239,1.6666666666665089,-0.9111111111111135,-1.3999999999999857,5,8,1998
1998-05-15,87.3,1.6599999999999966,0.0799999999999983,0.0,0.7999999999999972,0.0,0.44000000000001194,0.18000000000000682,0.020000000000010232,0.7839999999999918,-0.0800000000000125,0.4000000000000057,-0.14999999999999147,0.004999999999999005,0.07724420150838014,0.0649999999999995,0.31941911562799485,0.1225000000000011,0.2913331426391451,40.49999999999343,-6.533333333333374,5.384615384615595,11.76923076923119,40.50000000000817,14.370370370369756,-29.62068965516893,5,15,1998
1998-05-22,87.12,-0.37999999999999545,1.6599999999999966,0.0799999999999983,0.0,-0.29999999999999716,0.0,0.10999999999999943,0.2599999999999909,0.020000000000010232,-0.2599999999999909,0.030000000000001137,0.20000000000000284,0.4450000000000003,0.810658168815107,0.2724999999999991,0.6447092367881802,0.25166666666666754,0.5306228472847785,-inf,-1.474999999999996,-3.111111111111006,0.013333333333321207,-2.1874999999999583,-inf,-inf,5,22,1998
1998-05-29,88.96,0.2799999999999869,-0.37999999999999545,1.6599999999999966,-0.10000000000000853,0.7999999999999972,0.4000000000000057,0.44000000000001194,0.18000000000000682,0.2599999999999909,-0.0799999999999983,0.03999999999999204,0.4000000000000057,0.33999999999999986,0.9025888691240668,0.2624999999999993,0.6553897422798984,0.18333333333333357,0.5563408591099075,2.499999999999911,inf,1.5454545454544397,-0.3978494623656239,inf,inf,-1.7999999999999756,5,29,1998
1998-06-05,90.4,0.5800000000000125,0.2799999999999869,-0.37999999999999545,0.04000000000000625,0.0,0.0,0.0,0.10999999999999943,0.18000000000000682,-0.12999999999999545,0.3200000000000074,0.030000000000001137,0.4099999999999966,0.8779521627059165,0.197499999999998,0.6192564666021413,0.2066666666666658,0.5538186991382196,-0.650602409638546,-6.79999999999963,0.3181818181818108,-0.20547945205478169,0.5263157894737354,-3.0,10.60000000000091,6,5,1998
1998-06-12,87.42,-0.8999999999999915,0.5800000000000125,0.2799999999999869,0.0,-0.10000000000000853,-0.29999999999999716,0.4000000000000057,0.44000000000001194,0.10999999999999943,0.12999999999999545,0.0,0.03999999999999204,0.5350000000000001,0.850470458040723,0.2699999999999996,0.6267375846396951,0.22166666666666637,0.5619096228419861,1.368421052631585,-23.49999999999627,-inf,-2.551724137931024,44.00000000000853,-inf,-46.00000000000853,6,12,1998
1998-06-19,86.0,0.060000000000002274,-0.8999999999999915,0.5800000000000125,0.0799999999999983,0.04000000000000625,0.7999999999999972,0.0,0.0,0.44000000000001194,-0.375,0.37999999999999545,0.3200000000000074,-0.10499999999999687,0.664605145932528,0.1700000000000017,0.7465731233920923,0.14666666666666708,0.647699893094903,-0.7857142857142676,inf,-0.8499999999999964,-0.9234693877550983,-1.7499999999999112,inf,-0.3999999999999432,6,19,1998
1998-06-26,86.16,0.01999999999999602,0.060000000000002274,-0.8999999999999915,1.6599999999999966,0.0,0.0,-0.29999999999999716,0.4000000000000057,0.0,0.4650000000000034,-0.01999999999999602,0.0,0.005000000000002558,0.6398697784184924,0.1725000000000012,0.7461089541270545,0.17666666666666705,0.6333078144779087,-0.9655172413793179,-0.7500000000000444,inf,-7.105427357601002e-13,-1.0769230769230642,-0.9200000000000159,inf,6,26,1998
1998-07-03,85.4,0.060000000000002274,0.01999999999999602,0.060000000000002274,-0.37999999999999545,0.0799999999999983,-0.10000000000000853,0.7999999999999972,0.0,0.4000000000000057,0.730000000000004,-0.0800000000000125,0.37999999999999545,-0.05999999999999517,0.6153589738247645,0.1750000000000007,0.7454816276360223,0.11166666666666696,0.6028090807866001,-1.0666666666666698,-0.9638554216867455,-1.2000000000000095,-0.7692307692307524,-1.7500000000000444,-1.187500000000011,-1.2727272727272845,7,3,1998
1998-07-10,85.76,0.5400000000000063,0.060000000000002274,0.01999999999999602,0.2799999999999869,1.6599999999999966,0.04000000000000625,0.0,-0.29999999999999716,0.0,0.5799999999999983,-0.2599999999999909,-0.01999999999999602,-0.18999999999999773,0.47370877129307626,0.1725000000000012,0.7458791552830191,0.11666666666666714,0.6020470131647561,7.999999999999764,-2.4210526315789807,-0.32499999999998974,1.999999999999921,-5.153846153846347,25.9999999999865,9.79999999999767,7,10,1998
1998-07-17,85.22,-0.4399999999999977,0.5400000000000063,0.060000000000002274,0.5800000000000125,-0.37999999999999545,0.0,-0.10000000000000853,0.7999999999999972,-0.29999999999999716,0.7839999999999918,-0.0799999999999983,-0.0800000000000125,0.1700000000000017,0.24738633753706266,0.032500000000002416,0.4869658245562135,0.1700000000000017,0.6094110420576706,-23.000000000004263,-2.571428571428637,-inf,-5.0,-4.384615384615485,-2.0731707317073207,-0.19999999999999996,7,17,1998
1998-07-24,85.7,0.21999999999999886,-0.4399999999999977,0.5400000000000063,-0.8999999999999915,0.2799999999999869,0.0799999999999983,0.04000000000000625,0.0,0.7999999999999972,0.020000000000010232,-0.12999999999999545,-0.2599999999999909,0.045000000000001705,0.40045807104697984,0.02500000000000213,0.494628287562632,0.13000000000000136,0.6339773440173321,2.666666666666509,-0.6206896551724239,-3.1999999999998012,-0.5000000000000162,-1.5866666666666638,-11.999999999994316,-1.7051282051282068,7,24,1998
1998-07-31,85.7,-0.03999999999999204,0.21999999999999886,-0.4399999999999977,0.060000000000002274,0.5800000000000125,1.6599999999999966,0.0,-0.10000000000000853,0.0,0.2599999999999909,0.12999999999999545,-0.0799999999999983,0.09500000000000242,0.40869711686447474,0.017500000000003624,0.49064825923029026,0.14833333333333462,0.6330565583426206,-1.0740740740740584,-0.9555555555555639,-1.9999999999996447,-inf,-1.0860215053763262,-2.0,-0.8000000000000427,7,31,1998
1998-08-07,86.6,0.5,-0.03999999999999204,0.21999999999999886,0.01999999999999602,-0.8999999999999915,-0.37999999999999545,0.0799999999999983,0.04000000000000625,-0.10000000000000853,0.18000000000000682,-0.375,-0.12999999999999545,0.07000000000000384,0.41456804829444716,-0.059999999999996945,0.43490557267394886,0.13833333333333542,0.6351783333454571,-2.136363636363642,7.333333333333018,inf,0.24999999999998224,-0.31506849315068863,7.333333333333018,0.6778523489932784,8,7,1998
1998-08-14,86.18,-0.13999999999998636,0.5,-0.03999999999999204,0.060000000000002274,0.060000000000002274,0.2799999999999869,1.6599999999999966,0.0,0.04000000000000625,0.10999999999999943,0.4650000000000034,0.12999999999999545,0.060000000000002274,0.3996665276619144,0.11500000000000199,0.3132776039599011,0.04166666666666904,0.4411932854787277,-1.6363636363635776,-8.00000000000071,-2.7499999999998668,-inf,-1.2413793103448048,-inf,1.3333333333330177,8,14,1998
1998-08-21,86.62,0.3200000000000074,-0.13999999999998636,0.5,0.5400000000000063,0.01999999999999602,0.5800000000000125,-0.37999999999999545,0.0799999999999983,0.0,0.44000000000001194,0.730000000000004,-0.375,0.13500000000000512,0.2867635495200353,0.09000000000000341,0.3260148988707618,0.06166666666666979,0.4255014866619315,-9.000000000001776,4.333333333333254,-0.8072289156626458,-2.0666666666667015,-0.5918367346938639,-6.333333333333254,4.333333333334518,8,21,1998
1998-08-28,88.94,0.2599999999999909,0.3200000000000074,-0.13999999999998636,-0.4399999999999977,0.060000000000002274,-0.8999999999999915,0.2799999999999869,1.6599999999999966,0.0799999999999983,0.0,0.5799999999999983,0.4650000000000034,0.16000000000000725,0.300665927567453,0.12750000000000483,0.33396963078356845,0.06500000000000483,0.42751927122964506,-0.4800000000000182,-0.5185185185185409,-1.6842105263157738,-0.6750000000000103,11.999999999992895,-4.249999999999956,-7.4999999999987566,8,28,1998
1998-09-04,91.0,0.8799999999999955,0.2599999999999909,0.3200000000000074,0.21999999999999886,0.5400000000000063,0.060000000000002274,0.5800000000000125,-0.37999999999999545,1.6599999999999966,0.4000000000000057,0.7839999999999918,0.730000000000004,0.23500000000000298,0.269999999999994,0.1525000000000034,0.3356762896431168,0.03833333333333636,0.40167452525947234,-7.285714285714866,-3.0,2.1428571428572734,inf,2.3846153846154854,-5.399999999999915,inf,9,4,1998
1998-09-11,88.0,-3.299999999999997,0.8799999999999955,0.2599999999999909,-0.03999999999999204,-0.4399999999999977,0.01999999999999602,-0.8999999999999915,0.2799999999999869,-0.37999999999999545,0.0,0.020000000000010232,0.5799999999999983,0.33000000000000185,0.41968241961431707,0.19500000000000206,0.40592047074694937,0.18666666666666862,0.34885092761374176,-11.312499999999753,-16.000000000000064,-6.689655172413666,31.999999999997158,-19.33333333333262,12.75000000000028,148.9999999999619,9,11,1998
1998-09-18,88.0,0.0,-3.299999999999997,0.8799999999999955,0.5,0.21999999999999886,0.060000000000002274,0.060000000000002274,0.5800000000000125,0.2799999999999869,-0.29999999999999716,0.2599999999999909,0.7839999999999918,-0.46000000000000085,1.9138094645671122,-0.16249999999999787,1.3061803638307914,-0.09333333333333134,1.0676510609177445,-1.0,-1.0,-1.0,-1.0,-1.0,-1.0,-1.0,9,18,1998
1998-10-02,86.0,-3.5,0.0,0.0,0.3200000000000074,0.5,-0.4399999999999977,0.060000000000002274,0.060000000000002274,-0.8999999999999915,0.0,0.10999999999999943,0.2599999999999909,-0.6050000000000004,1.8439360075664204,-0.18499999999999872,1.3000109889645421,-0.09999999999999787,1.0668219583928185,0.06060606060606144,24.000000000002437,-176.00000000003482,-44.75000000000093,-inf,5.481481481481577,-3.822580645161302,10,2,1998
1998-10-09,90.8,0.29999999999999716,-3.5,0.0,0.2599999999999909,-0.13999999999998636,0.21999999999999886,0.5400000000000063,0.01999999999999602,0.060000000000002274,-0.10000000000000853,0.44000000000001194,0.18000000000000682,-1.6999999999999993,1.9646882704388493,-0.6849999999999987,1.7050429403893106,-0.43666666666666504,1.424125462637801,inf,-0.06250000000003053,3.999999999999763,-0.8192771084337362,-0.25000000000001776,-0.26829268292683006,0.0,10,9,1998
1998-10-16,91.8,0.29999999999999716,0.29999999999999716,-3.5,0.8799999999999955,0.3200000000000074,-0.03999999999999204,-0.4399999999999977,0.060000000000002274,0.01999999999999602,0.04000000000000625,0.0,0.10999999999999943,-0.8000000000000007,1.8055470085267782,-0.6300000000000008,1.732017815810712,-0.37499999999999883,1.4399021431396577,inf,0.15384615384618328,-0.4444444444444562,-1.7894736842105283,inf,14.000000000002842,2.7500000000000444,10,16,1998
1998-10-23,91.5,-0.29999999999999716,0.29999999999999716,0.29999999999999716,-3.299999999999997,0.2599999999999909,0.5,0.21999999999999886,0.5400000000000063,0.060000000000002274,0.0,0.4000000000000057,0.44000000000001194,-0.7250000000000014,1.855397531527946,-0.6325000000000021,1.7304644298156304,-0.3683333333333323,1.4430890688401938,-0.9142857142857151,-1.3409090909090895,-0.3181818181818211,-2.071428571428611,0.0,-0.75609756097561,-6.000000000000948,10,23,1998
1998-10-30,89.0,-1.0,-0.29999999999999716,0.29999999999999716,0.0,0.8799999999999955,-0.13999999999998636,-0.03999999999999204,-0.4399999999999977,0.5400000000000063,0.0799999999999983,0.0,0.0,-0.8000000000000007,1.8220867158288587,-0.7025000000000006,1.7002667857889648,-0.3899999999999994,1.4396590505457112,-4.333333333333365,-0.6969696969696967,-5.545454545454569,-2.724137931034446,-2.2500000000000044,-5.545454545454275,-inf,10,30,1998
1998-11-13,89.0,3.200000000000003,0.0,-1.0,-3.5,0.0,0.2599999999999909,-0.13999999999998636,-0.03999999999999204,0.21999999999999886,-0.37999999999999545,0.7999999999999972,0.0,-0.25,0.5567764362830004,-0.5250000000000004,1.2713884423843762,-0.5033333333333339,1.424278658468803,-11.666666666666778,inf,5.400000000000006,52.33333333333136,-32.9999999999973,-22.333333333334565,inf,11,13,1998
1998-11-20,90.0,0.0,3.200000000000003,0.0,0.29999999999999716,0.0,0.8799999999999955,0.3200000000000074,0.5,-0.03999999999999204,0.2799999999999869,0.0,-0.29999999999999716,0.4750000000000014,1.8643586922406687,-0.125,1.8375060738480766,-0.26333333333333425,1.7750766095289991,-1.0,-1.0,-1.0,-1.0,-1.0,-1.0,-1.0,11,20,1998
1998-11-27,90.0,1.0,0.0,3.200000000000003,0.29999999999999716,-3.5,-3.299999999999997,0.2599999999999909,-0.13999999999998636,0.5,0.5800000000000125,-0.10000000000000853,0.7999999999999972,0.5500000000000007,1.8284784202536648,-0.125,1.8375060738480766,-0.28500000000000014,1.7696866697500173,inf,2.333333333333365,2.124999999999928,15.666666666666035,inf,1.4999999999999645,0.7857142857142785,11,27,1998
1998-12-04,85.7,-2.799999999999997,1.0,0.0,-0.29999999999999716,0.29999999999999716,0.0,0.8799999999999955,0.3200000000000074,-0.13999999999998636,-0.8999999999999915,0.04000000000000625,0.0,1.0500000000000007,1.5088627063675046,0.4375,1.2523549245892152,-0.27499999999999974,1.777191348985553,-1.8749999999999982,-10.333333333333412,-11.769230769231134,-6.18518518518512,-36.00000000000071,-94.3333333333297,-4.1111111111110885,12,4,1998
1998-12-11,85.9,0.30000000000001137,-2.799999999999997,1.0,-1.0,0.29999999999999716,0.0,-3.299999999999997,0.2599999999999909,0.3200000000000074,0.060000000000002274,0.0,-0.10000000000000853,0.3500000000000014,2.4893104801664787,0.05000000000000071,1.7004201161561723,-0.2333333333333331,1.704183800017599,inf,-2.000000000000047,-0.6590909090908944,-1.6818181818182112,-0.8192771084337277,6.500000000001776,1.7777777777777777,12,11,1998
1998-12-18,87.0,2.0,0.30000000000001137,-2.799999999999997,0.0,-0.29999999999999716,-3.5,0.0,0.8799999999999955,0.2599999999999909,0.01999999999999602,0.0799999999999983,0.04000000000000625,-0.37499999999999645,1.6700798384109266,0.05000000000000249,1.7004201161561727,-0.20833333333333215,1.7101080951126153,1.0,-3.0,-1.6060606060606066,8.090909090909138,-6.263157894736905,5.249999999999856,inf,12,18,1998
1999-01-08,96.75,5.75,0.0,0.0,1.0,3.200000000000003,-0.29999999999999716,0.29999999999999716,0.0,0.0,-0.4399999999999977,0.2799999999999869,1.6599999999999966,0.5750000000000028,0.9604686356149259,0.46250000000000213,1.7508671321050358,0.22500000000000142,1.4691525077094927,1.875,inf,-2.642857142857143,-42.07142857143258,-7.38888888888895,-288.5000000000572,inf,1,8,1999
1999-01-15,90.9,-3.5999999999999943,5.75,0.0,-2.799999999999997,0.0,-1.0,0.29999999999999716,-3.5,0.0,0.21999999999999886,0.5800000000000125,-0.37999999999999545,1.9375,2.710896223268853,0.7812500000000018,2.4233886399007476,0.6791666666666684,2.1697777780364063,-inf,-4.599999999999994,-13.000000000000094,-12.249999999999723,-60.999999999997634,43.999999999992895,-inf,1,15,1999
1999-01-22,94.0,-1.0,-3.5999999999999943,5.75,0.30000000000001137,1.0,0.0,-0.29999999999999716,0.29999999999999716,-3.5,-0.03999999999999204,-0.8999999999999915,0.2799999999999869,0.5375000000000014,3.867250315146407,0.3312500000000025,2.88034441145003,0.40416666666666856,2.4905693337188186,-inf,-0.6428571428571426,-4.333333333333365,-4.846153846153981,-51.00000000000995,2.846153846153981,-5.0,1,22,1999
1999-01-29,87.3,-7.200000000000003,-1.0,-3.5999999999999943,2.0,-2.799999999999997,3.200000000000003,-1.0,0.29999999999999716,0.29999999999999716,0.5,0.060000000000002274,0.5800000000000125,0.2875000000000014,3.945118291424646,0.08125000000000249,2.9007311270485867,0.40416666666666856,2.4905693337188186,-2.252173913043479,-24.9999999999991,23.000000000000238,-9.181818181818228,-120.9999999999955,89.00000000000196,21.50000000000049,1,29,1999
1999-02-05,86.6,-0.10000000000000853,-7.200000000000003,-1.0,0.0,0.30000000000001137,0.0,0.0,-0.29999999999999716,0.29999999999999716,-0.13999999999998636,0.01999999999999602,-0.8999999999999915,-1.5124999999999993,5.46845118231235,-0.4687499999999982,3.802155168923466,-0.19583333333333167,3.324458830419098,-0.9722222222222198,-1.0500000000000043,-0.8999999999999915,-0.9696969696969671,-1.1851851851851989,-0.23076923076913824,-5.999999999997868,2,5,1999
1999-02-12,86.7,-5.299999999999997,-0.10000000000000853,-7.200000000000003,0.0,2.0,1.0,3.200000000000003,-1.0,-0.29999999999999716,0.3200000000000074,0.060000000000002274,0.060000000000002274,-2.9750000000000014,3.1836823543395973,-0.5187500000000007,3.793221162246447,-0.4708333333333326,3.149924842778239,4.299999999999997,-inf,-inf,-inf,11.045454545454602,-41.76923076923217,-13.926829268292783,2,12,1999
1999-02-19,87.5,0.5,-5.299999999999997,-0.10000000000000853,5.75,0.0,-2.799999999999997,0.0,0.0,-1.0,0.2599999999999909,0.5400000000000063,0.01999999999999602,-3.400000000000002,3.400980250849253,-1.4312500000000004,3.974466496093711,-0.9124999999999991,3.436444052690619,-1.0694444444444444,inf,-0.8437500000000001,inf,1.2727272727272845,-2.333333333333333,-25.99999999998721,2,19,1999
1999-02-26,86.5,-5.5,0.5,-5.299999999999997,-3.5999999999999943,0.0,0.30000000000001137,1.0,3.200000000000003,0.0,0.8799999999999955,-0.4399999999999977,0.060000000000002274,-3.025000000000002,3.8117143999343193,-1.3687500000000004,4.004010266506032,-0.9541666666666657,3.4141056551082922,53.99999999999531,-1.9565217391304348,-inf,0.5714285714285714,136.50000000002737,-12.827956989247225,-138.50000000002737,2,26,1999
1999-03-05,87.8,0.29999999999999716,-5.5,0.5,-1.0,5.75,2.0,-2.799999999999997,0.0,3.200000000000003,-3.299999999999997,0.21999999999999886,0.5400000000000063,-2.6000000000000014,3.2434549480453674,-2.0562500000000004,4.202672406593553,-1.179166666666666,3.6290155397681594,-1.0566037735849052,-1.0833333333333326,-0.7000000000000028,0.0,-0.4000000000000057,-0.5890410958904171,3.999999999999763,3,5,1999
1999-03-19,88.64,1.1099999999999994,0.0,0.29999999999999716,-0.10000000000000853,-1.0,0.0,2.0,-2.799999999999997,1.0,0.0,0.5,0.21999999999999886,-1.1750000000000007,2.8906458332582576,-2.2875000000000014,3.1547866126615545,-1.3458333333333339,3.513833592410362,-1.2018181818181817,-1.1541666666666666,2.699999999999858,-4.700000000000033,2.4687499999999183,0.4158163265306263,-19.49999999999929,3,19,1999
1999-03-26,91.14,0.0,1.1099999999999994,0.0,-5.299999999999997,-7.200000000000003,5.75,0.0,0.30000000000001137,-2.799999999999997,-3.5,-0.13999999999998636,-0.03999999999999204,-1.0225000000000009,3.021593122840995,-2.0237500000000015,3.3593704235849216,-1.2533333333333339,3.566695270346928,-1.0,-1.0,-1.0,-1.0,-1.0,-1.0,-1.0,3,26,1999
1999-04-02,91.2,-1.2800000000000011,0.0,1.1099999999999994,0.5,-0.10000000000000853,-3.5999999999999943,0.0,2.0,0.30000000000001137,0.29999999999999716,0.3200000000000074,0.5,0.35249999999999915,0.5244282601080883,-1.1237500000000011,2.6677863348798043,-1.2533333333333339,3.566695270346928,-inf,-0.7584905660377355,-inf,-inf,-2.454545454545463,-5.9230769230771,5.399999999999915,4,2,1999
1999-04-09,91.5,-0.7999999999999972,-1.2800000000000011,0.0,-5.5,-5.299999999999997,-1.0,5.75,0.0,2.0,0.29999999999999716,0.2599999999999909,-0.13999999999998636,-0.042500000000000426,0.9769467743945918,-1.2712500000000002,2.6355234638628096,-1.8391666666666673,2.8085922009994877,-1.7207207207207187,-2.5999999999999943,-inf,-1.249999999999999,-0.7575757575757582,-5.44444444444426,2.3333333333333925,4,9,1999
1999-04-16,92.88,0.47999999999998977,-0.7999999999999972,-1.2800000000000011,0.29999999999999716,0.5,-7.200000000000003,-3.5999999999999943,0.0,0.0,-0.29999999999999716,0.8799999999999955,0.3200000000000074,-0.24249999999999972,1.0448724005032048,-0.7087500000000002,2.073020139796041,-1.6058333333333341,2.764977258934373,inf,-1.0872727272727254,-0.9165217391304366,inf,inf,3.363636363636293,-7.0,4,16,1999
1999-04-23,93.8,0.45999999999999375,0.47999999999998977,-0.7999999999999972,0.0,-5.5,-0.10000000000000853,-1.0,5.75,0.0,-1.0,-3.299999999999997,0.2599999999999909,-0.40000000000000213,0.7892612579705938,-0.7112500000000015,2.0713655778598934,-1.4825000000000017,2.826774985417448,-1.3593749999999947,0.533333333333327,-1.1277777777777762,-0.5400000000000063,inf,0.04545454545450278,1.555555555555424,4,23,1999
1999-04-30,94.02,0.8199999999999932,0.45999999999999375,0.47999999999998977,1.1099999999999994,0.29999999999999716,-5.299999999999997,-7.200000000000003,-3.5999999999999943,5.75,0.0,0.0,0.8799999999999955,-0.2850000000000037,0.8935882720805979,0.033749999999997726,0.7590772123346274,-0.8441666666666686,2.2175148183714493,-2.024999999999995,inf,-1.8199999999999932,-1.2928571428571407,-1.2342857142857124,inf,-2.5185185185185284,4,30,1999
1999-05-07,98.5,1.9699999999999989,0.8199999999999932,0.45999999999999375,0.0,0.0,0.5,-0.10000000000000853,-1.0,-3.5999999999999943,3.200000000000003,0.0,-3.299999999999997,0.23999999999999488,0.7127411872482113,0.09874999999999723,0.8059499718610647,-0.7675000000000018,2.261058179461352,3.1041666666667522,0.7747747747747746,-1.2736111111111108,5.566666666666414,5.566666666666725,3.924999999999927,3.804878048780525,5,7,1999
1999-05-14,105.88,3.9599999999999937,1.9699999999999989,0.8199999999999932,-1.2800000000000011,1.1099999999999994,-5.5,-5.299999999999997,-7.200000000000003,-1.0,0.0,-3.5,0.0,0.9324999999999939,0.7111200086248933,0.3449999999999971,1.038790505484965,-0.16166666666666885,1.87767183372162,7.608695652174017,inf,-40.59999999999656,0.9799999999999969,12.200000000000104,inf,197.00000000003908,5,14,1999
1999-05-21,105.32,-1.3800000000000097,3.9599999999999937,1.9699999999999989,-0.7999999999999972,0.0,0.29999999999999716,0.5,-0.10000000000000853,-7.200000000000003,1.0,0.29999999999999716,0.0,1.8024999999999949,1.5759097901424004,0.7012499999999964,1.6484316139028266,0.12666666666666396,2.222506092980023,-2.682926829268318,0.07812500000000666,-0.739622641509432,-inf,3.600000000000076,3.600000000000076,0.12195121951221233,5,21,1999
1999-05-28,99.19,0.5,-1.3800000000000097,3.9599999999999937,0.47999999999998977,-1.2800000000000011,0.0,-5.5,-5.299999999999997,-0.10000000000000853,-2.799999999999997,0.29999999999999716,-3.5,1.342499999999994,2.2308499874860863,0.5287499999999952,1.797740148869446,0.4699999999999965,1.4625942083099526,-0.7461928934010151,-1.6250000000000022,0.0,inf,-1.5,-0.3749999999999978,1.2727272727271375,5,28,1999
1999-06-04,97.62,-0.37999999999999545,0.5,-1.3800000000000097,0.45999999999999375,-0.7999999999999972,1.1099999999999994,0.29999999999999716,0.5,-5.299999999999997,0.30000000000001137,-0.29999999999999716,0.29999999999999716,1.2624999999999957,2.2613620526871268,0.7512499999999953,1.6456126735743646,0.4866666666666634,1.4616201056818192,-1.095959595959595,-1.791666666666674,-0.9309090909090918,-1.0660869565217383,-inf,-inf,-inf,6,4,1999
1999-06-11,97.35,-0.21999999999999886,-0.37999999999999545,0.5,0.8199999999999932,0.47999999999998977,0.0,0.0,-5.5,0.5,2.0,-1.0,0.29999999999999716,0.6749999999999972,2.320768550861257,0.8037499999999955,1.594973689886002,0.45499999999999713,1.4771563590530647,-0.8405797101449295,-1.4782608695652213,-1.7333333333333365,-0.9388888888888891,-1.0687499999999996,1.1999999999998012,0.4666666666667425,6,11,1999
1999-06-18,98.45,0.1700000000000017,-0.21999999999999886,-0.37999999999999545,1.9699999999999989,0.45999999999999375,-1.2800000000000011,1.1099999999999994,0.29999999999999716,-5.5,0.0,0.0,-0.29999999999999716,-0.370000000000001,0.7745105981629109,0.716249999999997,1.633995431887301,0.3441666666666639,1.4734341971507687,-0.6599999999999966,-0.7926829268292646,inf,-1.1700000000000017,inf,3.2499999999993783,-0.15000000000000357,6,18,1999
1999-06-25,101.21,0.7099999999999937,0.1700000000000017,-0.21999999999999886,3.9599999999999937,0.8199999999999932,-0.7999999999999972,0.0,0.0,0.29999999999999716,0.0,3.200000000000003,-1.0,0.017500000000001847,0.39601136347331706,0.6799999999999979,1.6436805389995066,0.35833333333333073,1.4706389046529353,-2.868421052631585,-0.6395939086294447,-0.3603603603603657,-1.09861111111111,-0.29000000000000625,inf,0.774999999999959,6,25,1999
1999-07-02,101.44,0.4299999999999926,0.7099999999999937,0.1700000000000017,-1.3800000000000097,1.9699999999999989,0.47999999999998977,-1.2800000000000011,1.1099999999999994,0.0,5.75,0.0,0.0,0.07000000000000028,0.4851803788283206,0.666249999999998,1.6428019400663334,0.5241666666666637,1.3784078980234156,-2.954545454545431,-0.8914141414141431,inf,-5.299999999999559,-1.153571428571426,4.375000000000022,13.333333333332543,7,2,1999
1999-07-09,101.55,0.25,0.4299999999999926,0.7099999999999937,0.5,3.9599999999999937,0.45999999999999375,-0.7999999999999972,0.0,1.1099999999999994,-3.5999999999999943,1.0,3.200000000000003,0.2724999999999973,0.395506005011294,0.47374999999999723,1.5561485193533773,0.6266666666666628,1.3152762124936017,0.4705882352941029,-1.1811594202898539,-1.1953124999999998,-1.0471698113207548,-0.16666666666669827,-0.8493975903614455,5.2500000000012434,7,9,1999
1999-07-16,101.35,0.0,0.25,0.4299999999999926,-0.37999999999999545,-1.3800000000000097,0.8199999999999932,0.47999999999998977,-1.2800000000000011,0.0,-1.0,-2.799999999999997,0.0,0.389999999999997,0.23944379994756257,0.00999999999999801,0.6683455051735687,0.6074999999999969,1.3192775226684417,-1.0,-1.0,-1.0,-1.0,-1.0,-1.0,-1.0,7,16,1999
1999-07-23,101.44,0.7399999999999949,0.0,0.25,-0.21999999999999886,0.5,1.9699999999999989,0.45999999999999375,-0.7999999999999972,-1.2800000000000011,-7.200000000000003,0.30000000000001137,1.0,0.3474999999999966,0.29915157807817355,0.18249999999999922,0.3697006511064951,0.5691666666666642,1.330587418694419,0.7209302325581572,-2.9473684210526416,0.541666666666689,-1.1345454545454536,inf,1.642857142857248,inf,7,23,1999
1999-07-30,99.4,-0.19999999999998863,0.7399999999999949,0.0,0.1700000000000017,-0.37999999999999545,3.9599999999999937,0.8199999999999932,0.47999999999998977,-0.7999999999999972,-0.10000000000000853,2.0,-2.799999999999997,0.3549999999999969,0.31139471200818714,0.21249999999999858,0.4070012284993674,0.5624999999999977,1.3294163107442023,-1.7999999999999545,-0.0909090909091379,-1.4347826086956332,-1.666666666666635,-inf,-1.3448275862068695,-1.5263157894736605,7,30,1999
1999-08-06,100.16,0.47999999999998977,-0.19999999999998863,0.7399999999999949,0.7099999999999937,-0.21999999999999886,-1.3800000000000097,1.9699999999999989,0.45999999999999375,0.47999999999998977,-5.299999999999997,0.0,0.30000000000001137,0.19750000000000156,0.4058222106620812,0.23499999999999943,0.37313344989234765,0.3816666666666653,1.2666622806941596,inf,1.8235294117646172,-0.414634146341471,inf,-0.9165217391304366,-1.533333333333327,-25.000000000004263,8,6,1999
1999-08-13,97.94,-0.5600000000000023,0.47999999999998977,-0.19999999999998863,0.4299999999999926,0.1700000000000017,0.5,3.9599999999999937,0.8199999999999932,0.45999999999999375,0.5,0.0,2.0,0.254999999999999,0.43123852641740723,0.322499999999998,0.3308754621131113,0.09166666666666501,0.5912057530371649,-1.756756756756765,-1.7887323943662072,-1.2842639593908642,-1.504504504504507,-0.8444444444444436,-10.333333333333018,5.999999999998934,8,13,1999
1999-08-20,97.83,0.37000000000000455,-0.5600000000000023,0.47999999999998977,0.25,0.7099999999999937,-0.37999999999999545,-1.3800000000000097,1.9699999999999989,0.8199999999999932,-5.5,5.75,0.0,0.11499999999999844,0.5996387801557347,0.2312499999999975,0.45595856641333976,0.15999999999999895,0.4314457724273717,-2.850000000000128,-0.13953488372090483,-0.9065656565656552,inf,-1.3700000000000045,17.500000000003908,-2.4230769230769904,8,20,1999
1999-08-27,98.39,0.4300000000000068,0.37000000000000455,-0.5600000000000023,0.0,0.4299999999999926,-0.21999999999999886,0.5,3.9599999999999937,1.9699999999999989,0.29999999999999716,-3.5999999999999943,0.0,0.022500000000000853,0.4895150661624154,0.18874999999999886,0.4193340809289963,0.149166666666666,0.4236949660338452,-0.10416666666663332,0.7200000000000273,-1.3115942028985534,-1.335937500000005,-1.0597222222222231,6.166666666666509,-6.3750000000002,8,27,1999
1999-09-03,97.5,-0.39000000000000057,0.4300000000000068,0.37000000000000455,0.7399999999999949,0.25,0.1700000000000017,-0.37999999999999545,-1.3800000000000097,3.9599999999999937,0.0,-1.0,5.75,0.17999999999999972,0.495378643060031,0.18875000000000064,0.4193340809289975,0.2166666666666662,0.39529812301679856,-0.3035714285714304,-inf,-1.7800000000000011,-0.5124999999999975,2.899999999999673,-1.7222222222222148,2.0000000000001092,9,3,1999
1999-09-10,95.62,-0.8999999999999915,-0.39000000000000057,0.4300000000000068,-0.19999999999998863,0.0,0.7099999999999937,-0.21999999999999886,0.5,-1.3800000000000097,1.1099999999999994,-7.200000000000003,-3.5999999999999943,-0.03749999999999787,0.5105144464165545,0.10875000000000057,0.46458699016284044,0.20249999999999937,0.4149288000258685,-3.4324324324323796,-2.216216216216213,1.368421052631585,-2.875000000000022,-0.8301886792452845,1.0454545454545365,-7.9230769230771,9,10,1999
1999-09-17,94.77,0.0,-0.8999999999999915,-0.39000000000000057,0.47999999999998977,0.7399999999999949,0.4299999999999926,0.1700000000000017,-0.37999999999999545,0.5,0.0,-0.10000000000000853,-1.0,-0.12249999999999517,0.6387161602255965,-0.0037499999999983658,0.5874141274627729,0.11333333333333329,0.5233516692406416,-1.0,-1.0,-1.0,-1.0,-1.0,-1.0,-1.0,9,17,1999
1999-09-24,94.0,-0.12000000000000455,0.0,-0.8999999999999915,-0.5600000000000023,-0.19999999999998863,0.25,0.7099999999999937,-0.21999999999999886,-0.37999999999999545,-1.2800000000000011,-5.299999999999997,-7.200000000000003,-0.2149999999999963,0.5663038053907071,-0.09624999999999773,0.5062167096638083,0.05416666666666714,0.48875460162136325,-0.6923076923076811,-1.2500000000000149,-1.7058823529411962,-1.146341463414641,-0.9781818181818174,2.0000000000007105,-1.25806451612904,9,24,1999
1999-10-01,94.8,0.0,-0.12000000000000455,0.0,0.37000000000000455,0.47999999999998977,0.0,0.4299999999999926,0.1700000000000017,-0.21999999999999886,-0.7999999999999972,0.5,-0.10000000000000853,-0.35249999999999915,0.39978119015280467,-0.08624999999999972,0.5046621925322168,0.008333333333334044,0.47592652857984097,-1.0,-1.0,-1.0,-1.0,-1.0,-1.0,-1.0,10,1,1999
1999-10-08,94.54,-0.3999999999999915,0.0,-0.12000000000000455,0.4300000000000068,-0.5600000000000023,0.7399999999999949,0.25,0.7099999999999937,0.1700000000000017,0.47999999999998977,-5.5,-5.299999999999997,-0.254999999999999,0.4337049688440204,-0.14624999999999844,0.4536813702526072,-0.01249999999999929,0.4698186303825584,-inf,-2.0810810810810447,-1.9302325581395312,-1.101010101010099,-inf,1.8571428571430748,-1.6896551724137803,10,8,1999
1999-10-15,95.51,0.3400000000000034,-0.3999999999999915,0.0,-0.39000000000000057,0.37000000000000455,-0.19999999999998863,0.0,0.4299999999999926,0.7099999999999937,0.45999999999999375,0.29999999999999716,0.5,-0.129999999999999,0.1886796226411193,-0.1262499999999971,0.4360189216077629,-0.045833333333331915,0.4828600085726555,-3.8333333333332544,-0.20930232558139994,0.36000000000001364,-1.2463768115942035,-0.6936936936936904,0.06249999999998623,-0.566326530612236,10,15,1999
1999-10-22,95.0,-0.4000000000000057,0.3400000000000034,-0.3999999999999915,-0.8999999999999915,0.4300000000000068,0.47999999999998977,0.7399999999999949,0.25,0.4299999999999926,0.8199999999999932,0.0,-5.5,-0.04499999999999815,0.30653982884229336,-0.12999999999999723,0.4312440475779636,-0.07916666666666454,0.43512711483037253,-inf,0.02564102564103865,-inf,-1.8000000000000114,-inf,-2.538461538461614,-20.999999999990052,10,22,1999
1999-10-29,95.25,0.4300000000000068,-0.4000000000000057,0.3400000000000034,0.0,-0.39000000000000057,-0.5600000000000023,-0.19999999999998863,0.0,0.25,1.9699999999999989,1.1099999999999994,0.29999999999999716,-0.11499999999999844,0.35716476123305324,-0.2337499999999988,0.37320762126653384,-0.09583333333333262,0.4439176486555558,-2.07500000000004,-1.4777777777777898,-0.41891891891890565,-2.1315789473684523,-1.335937500000005,-0.511363636363626,0.6538461538462379,10,29,1999
1999-11-05,95.7,0.6099999999999994,0.4300000000000068,-0.4000000000000057,-0.12000000000000455,-0.8999999999999915,0.37000000000000455,0.47999999999998977,0.7399999999999949,0.0,3.9599999999999937,0.0,0.0,-0.0074999999999967315,0.45470686528062465,-0.13124999999999787,0.43211894857120353,-0.09999999999999787,0.43821953817277937,0.7941176470588038,inf,-4.05000000000017,-3.7727272727272845,-1.762500000000002,-1.1848484848484848,2.3888888888887574,11,5,1999
1999-11-12,96.7,-0.09999999999999432,0.6099999999999994,0.4300000000000068,0.0,0.0,0.4300000000000068,-0.5600000000000023,-0.19999999999998863,0.7399999999999949,-1.3800000000000097,-1.2800000000000011,1.1099999999999994,0.245000000000001,0.44440972086577957,0.057500000000000995,0.3742707194379083,-0.0024999999999977263,0.456351638741243,-0.7500000000000178,-0.16666666666674557,-1.208333333333326,-1.5882352941176077,-1.208333333333326,-inf,-1.909090909090862,11,12,1999
1999-11-19,96.7,0.5,-0.09999999999999432,0.6099999999999994,-0.3999999999999915,-0.12000000000000455,-0.39000000000000057,0.37000000000000455,0.47999999999998977,-0.19999999999998863,0.5,-0.7999999999999972,0.0,0.13500000000000156,0.46694039591079756,0.045000000000001705,0.37811562857335906,-0.0416666666666643,0.4413992901368701,0.16279069767440024,inf,-1.8928571428571392,-0.2957746478873178,0.08695652173914525,inf,0.1363636363636056,11,19,1999
1999-11-26,97.4,0.20000000000000284,0.5,-0.09999999999999432,0.3400000000000034,0.0,-0.8999999999999915,0.4300000000000068,-0.5600000000000023,0.47999999999998977,-0.37999999999999545,0.47999999999998977,-1.2800000000000011,0.360000000000003,0.31548903837269615,0.12250000000000227,0.4022348283563401,-0.03583333333333153,0.448603050557724,-0.6721311475409786,-1.5000000000000178,-0.45945945945945843,-0.534883720930218,-0.7560975609756042,-1.057142857142858,inf,11,26,1999
1999-12-03,97.2,0.29999999999999716,0.20000000000000284,0.5,-0.4000000000000057,-0.3999999999999915,0.0,-0.39000000000000057,0.37000000000000455,-0.5600000000000023,-0.21999999999999886,0.45999999999999375,-0.7999999999999972,0.302500000000002,0.3194135250736808,0.14750000000000263,0.39974098756926874,0.013333333333335418,0.4384753197850535,-4.000000000000142,-0.11764705882354665,-0.30232558139536647,0.19999999999998863,-0.8477157360406105,0.0,-0.25000000000001776,12,3,1999
1999-12-10,97.1,0.25,0.29999999999999716,0.20000000000000284,0.4300000000000068,0.3400000000000034,-0.12000000000000455,-0.8999999999999915,0.4300000000000068,0.37000000000000455,0.1700000000000017,0.8199999999999932,0.47999999999998977,0.22500000000000142,0.24999999999999062,0.2350000000000012,0.3339803244846248,0.11333333333333447,0.3361366965802437,-0.5,-1.6249999999999911,-1.64102564102564,inf,-0.9368686868686867,-0.16666666666665875,inf,12,10,1999
1999-12-17,97.83,0.12999999999999545,0.25,0.29999999999999716,0.6099999999999994,-0.4000000000000057,0.0,0.0,-0.39000000000000057,0.4300000000000068,0.7099999999999937,1.9699999999999989,0.45999999999999375,0.3125,0.13149778198381606,0.22375000000000078,0.33144434999386424,0.1341666666666678,0.3362212024392527,-0.35000000000003195,-0.6976744186046666,-1.1444444444444408,-0.8243243243243292,-1.0942028985507206,-1.4333333333333222,-1.4333333333333222,12,17,1999
1999-12-24,97.7,0.20000000000000284,0.12999999999999545,0.25,-0.09999999999999432,0.4300000000000068,-0.3999999999999915,-0.12000000000000455,-0.8999999999999915,-0.39000000000000057,0.4299999999999926,3.9599999999999937,0.8199999999999932,0.21999999999999886,0.07257180352356896,0.2900000000000009,0.2247538335919606,0.15500000000000114,0.32664965942122115,-0.3333333333333175,-0.6721311475409786,inf,-2.000000000000071,-0.5999999999999943,-1.2000000000000028,-0.7499999999999956,12,24,1999
1999-12-31,99.4,0.10000000000000853,0.20000000000000284,0.12999999999999545,0.5,0.6099999999999994,0.3400000000000034,0.0,0.0,-0.8999999999999915,0.25,-1.3800000000000097,1.9699999999999989,0.21999999999999886,0.07257180352356896,0.2612500000000004,0.21892187125612278,0.17166666666666805,0.32310519911782515,-0.5999999999999659,-2.000000000000142,-1.8333333333333728,-0.7916666666666444,-1.2631578947368678,inf,inf,12,31,1999
2000-01-14,98.4,0.20000000000000284,0.0,0.10000000000000853,0.29999999999999716,0.5,0.4300000000000068,0.3400000000000034,0.0,-0.12000000000000455,0.7399999999999949,-0.37999999999999545,-1.3800000000000097,0.1075000000000017,0.08301606270272927,0.21000000000000085,0.14957081457097707,0.18500000000000108,0.27397743769083754,0.0,0.0,-1.5000000000000178,-0.45945945945945843,0.17647058823529904,inf,3.9999999999992895,1,14,2000
2000-01-21,98.6,0.09999999999999432,0.20000000000000284,0.0,0.25,0.20000000000000284,0.6099999999999994,-0.4000000000000057,-0.3999999999999915,0.0,-0.19999999999998863,-0.21999999999999886,0.5,0.12500000000000355,0.09574271077561756,0.1725000000000012,0.09361776388209046,0.2350000000000018,0.20308976967206946,-1.4210854715202004e-13,-0.6666666666666825,-0.7058823529411962,-0.7674418604651332,-0.8591549295774715,-0.9000000000000057,inf,1,21,2000
2000-01-28,99.1,0.19999999999998863,0.09999999999999432,0.20000000000000284,0.12999999999999545,0.29999999999999716,-0.09999999999999432,0.4300000000000068,0.3400000000000034,-0.3999999999999915,0.47999999999998977,0.1700000000000017,-0.37999999999999545,0.10000000000000142,0.08164965809275383,0.16000000000000014,0.09606545387686802,0.20750000000000077,0.19652087559710835,inf,-0.20000000000004547,-1.4999999999999645,-1.512820512820483,-0.534883720930251,-1.0714285714285674,1.4999999999999112,1,28,2000
2000-02-04,100.0,0.29999999999999716,0.19999999999998863,0.09999999999999432,0.20000000000000284,0.25,0.5,0.6099999999999994,-0.4000000000000057,0.3400000000000034,-0.5600000000000023,0.7099999999999937,-0.21999999999999886,0.12499999999999645,0.09574271077561508,0.14749999999999908,0.0804895734152481,0.1733333333333332,0.15041357127680338,0.4999999999999645,1.3076923076923666,-0.30232558139536647,-1.3333333333333333,0.19999999999998863,-4.7406523151494184e-14,-0.8192771084337362,2,4,2000
2000-02-18,101.5,-0.20000000000000284,0.0,0.29999999999999716,0.0,0.20000000000000284,0.29999999999999716,0.5,0.6099999999999994,0.4300000000000068,0.4300000000000068,0.25,0.7099999999999937,0.14999999999999503,0.12909944487356614,0.1374999999999993,0.10606601717796808,0.16499999999999915,0.10121983276736987,-2.000000000000071,-2.999999999999858,1.000000000000142,0.6666666666666272,-1.270270270270276,-inf,-1.714285714285758,2,18,2000
2000-02-25,99.9,-1.7999999999999972,-0.20000000000000284,0.0,0.20000000000000284,0.10000000000000853,0.25,0.20000000000000284,-0.09999999999999432,0.6099999999999994,-0.39000000000000057,0.0,0.4299999999999926,0.07499999999999574,0.22173557826082527,0.08749999999999858,0.1552647508520203,0.13166666666666535,0.14502873278537992,-7.000000000000047,-inf,-4.599999999999994,-inf,8.000000000000497,-inf,-4.103448275861997,2,25,2000
2000-03-03,101.2,-0.5,-1.7999999999999972,-0.20000000000000284,0.09999999999999432,0.0,0.12999999999999545,0.29999999999999716,0.5,-0.09999999999999432,-0.8999999999999915,0.7399999999999949,0.25,-0.4250000000000007,0.9394147114027926,-0.15000000000000213,0.6845227743263352,-0.04333333333333419,0.5694388519065101,-inf,-3.4999999999999645,-3.4999999999999645,0.25000000000002665,-2.041666666666689,-1.0869565217391304,-0.4444444444444392,3,3,2000
2000-03-10,101.0,0.0,-0.5,-1.7999999999999972,0.19999999999998863,0.20000000000000284,0.20000000000000284,0.25,0.20000000000000284,0.5,0.0,-0.19999999999998863,0.0,-0.625,0.8098353742170855,-0.21250000000000213,0.6916594950861668,-0.10583333333333418,0.5754438339756576,-1.0,-1.0,-1.0,-1.0,-1.0,-1.0,-1.0,3,10,2000
2000-03-17,100.85,-0.15000000000000568,0.0,-0.5,0.29999999999999716,0.09999999999999432,0.10000000000000853,0.12999999999999545,0.29999999999999716,0.20000000000000284,-0.12000000000000455,0.47999999999998977,0.7399999999999949,-0.625,0.8098353742170856,-0.2375000000000025,0.678101340930264,-0.11666666666666714,0.5718126414916823,-0.9166666666666634,-1.750000000000071,-1.6000000000000227,-0.6249999999999911,-1.405405405405416,-0.8499999999999943,-8.500000000001776,3,17,2000
2000-03-24,101.3,-0.5,-0.15000000000000568,0.0,0.0,0.19999999999998863,0.0,0.20000000000000284,0.25,0.29999999999999716,0.0,-0.5600000000000023,-0.19999999999998863,-0.6125000000000007,0.8189169677079555,-0.2687500000000025,0.6659780669919089,-0.1458333333333345,0.5630510768584971,0.0,-2.6666666666666825,-4.846153846153981,-2.1627906976744002,-2.1627906976744002,-0.9305555555555556,-9.333333333333018,3,24,2000
2000-03-31,101.3,0.20000000000000284,-0.5,-0.15000000000000568,-0.20000000000000284,0.29999999999999716,0.20000000000000284,0.10000000000000853,0.12999999999999545,0.25,-0.3999999999999915,0.37000000000000455,0.47999999999998977,-0.2875000000000014,0.2528998484248844,-0.35625000000000107,0.6411137073205352,-0.19583333333333522,0.5658695373788297,inf,inf,0.0,-0.6721311475409786,-1.5128205128205194,-2.999999999999858,-0.6296296296296287,3,31,2000
2000-04-07,100.9,-0.09999999999999432,0.20000000000000284,-0.5,-1.7999999999999972,0.0,0.09999999999999432,0.0,0.20000000000000284,0.12999999999999545,0.3400000000000034,0.4300000000000068,-0.5600000000000023,-0.11250000000000071,0.2954516316872595,-0.36875000000000036,0.6273171332860931,-0.17916666666666833,0.5750329371330624,-0.33333333333339654,-0.5000000000000355,-1.999999999999858,0.0,-0.8888888888888942,-0.9811320754716992,-0.7727272727272845,4,7,2000
2000-04-14,100.93,0.23000000000000398,-0.09999999999999432,0.20000000000000284,-0.5,-0.20000000000000284,0.19999999999998863,0.20000000000000284,0.10000000000000853,0.20000000000000284,-0.4000000000000057,-0.39000000000000057,0.37000000000000455,-0.1374999999999993,0.28686524130097074,-0.38124999999999964,0.6198718185468411,-0.20416666666666808,0.5634545772340996,-1.460000000000008,-1.1277777777777802,inf,-0.539999999999992,inf,-0.539999999999992,0.04545454545456895,4,14,2000
2000-04-21,100.8,0.0,0.23000000000000398,-0.09999999999999432,0.0,-1.7999999999999972,0.29999999999999716,0.09999999999999432,0.0,0.10000000000000853,0.4300000000000068,-0.8999999999999915,0.4300000000000068,-0.042499999999996874,0.33944808144987004,-0.3274999999999988,0.655455130860554,-0.19333333333333394,0.5710330882521485,-1.0,-1.0,-1.0,-1.0,-1.0,-1.0,-1.0,4,21,2000
2000-04-28,100.5,0.4000000000000057,0.0,0.23000000000000398,-0.15000000000000568,-0.5,0.0,0.19999999999998863,0.20000000000000284,0.0,0.6099999999999994,0.0,-0.39000000000000057,0.08250000000000313,0.1588238017426751,-0.10249999999999915,0.278092995750904,-0.20999999999999966,0.5613457855093327,-5.000000000000284,inf,3.000000000000284,0.333333333333365,inf,0.333333333333365,-0.19999999999998863,4,28,2000
2000-05-05,100.1,-0.5,0.4000000000000057,0.0,-0.5,0.0,-0.20000000000000284,0.29999999999999716,0.09999999999999432,0.20000000000000284,-0.09999999999999432,-0.12000000000000455,-0.8999999999999915,0.13250000000000384,0.2255918142722907,0.010000000000001563,0.276353810488343,-0.20166666666666563,0.5702763816915016,-3.1739130434782235,2.333333333333207,-3.500000000000142,-3.0,0.25000000000002665,-inf,2.5714285714289193,5,5,2000
2000-05-12,101.5,0.7000000000000028,-0.5,0.4000000000000057,0.20000000000000284,-0.15000000000000568,-1.7999999999999972,0.0,0.19999999999998863,0.09999999999999432,0.5,0.0,0.0,0.032500000000002416,0.3910136400007872,-0.05249999999999844,0.3302271945191653,-0.2433333333333323,0.572464105001485,inf,-2.4000000000000057,1.333333333333365,4.384615384615595,1.0588235294117525,-0.3693693693693665,1.1874999999999583,5,12,2000
2000-05-26,102.25,-0.04999999999999716,0.0,0.7000000000000028,0.23000000000000398,0.20000000000000284,0.0,-1.7999999999999972,0.0,0.29999999999999716,0.29999999999999716,0.3400000000000034,0.0,0.15000000000000213,0.5196152422706619,0.11625000000000263,0.35752872012508846,-0.018333333333332053,0.37189522799581803,-0.9000000000000057,-0.5,-0.7500000000000178,-1.499999999999929,-1.1162790697674334,-0.9609375000000022,-1.056818181818179,5,26,2000
2000-06-02,102.25,0.5,-0.04999999999999716,0.0,0.0,-0.09999999999999432,-0.15000000000000568,-0.5,-0.20000000000000284,0.0,0.25,-0.4000000000000057,-0.3999999999999915,0.03750000000000142,0.49560569003997296,0.08500000000000263,0.36007935633293525,0.01916666666666818,0.3402528026291194,-0.2857142857142886,1.1739130434782235,-1.2777777777777781,inf,-0.18032786885245822,-1.6250000000000022,-1.1515151515151516,6,2,2000
2000-06-16,103.2,0.20000000000000284,0.0,0.5,-0.5,0.0,0.20000000000000284,-0.15000000000000568,-0.5,-1.7999999999999972,0.20000000000000284,0.6099999999999994,-0.4000000000000057,0.11250000000000071,0.2594063736045493,0.13125000000000142,0.3807300318373312,0.07333333333333532,0.3619224762126266,-5.000000000000284,-0.5,inf,1.000000000000142,-0.5999999999999943,-0.5652173913043357,inf,6,16,2000
2000-06-23,103.45,0.0,0.20000000000000284,0.0,0.7000000000000028,0.4000000000000057,-0.09999999999999432,-0.5,0.0,-0.5,0.10000000000000853,-0.09999999999999432,0.4300000000000068,0.16250000000000142,0.24958298553119163,0.15625000000000178,0.37743258622283155,0.1316666666666689,0.31440660799594444,-1.0,-1.0,-1.0,-1.0,-1.0,-1.0,-1.0,6,23,2000
2000-06-30,104.75,-0.15000000000000568,0.0,0.20000000000000284,0.0,-0.5,0.23000000000000398,0.20000000000000284,-0.15000000000000568,0.0,0.0,0.5,0.6099999999999994,0.1750000000000007,0.23629078131262346,0.10625000000000107,0.3668762928913669,0.11500000000000199,0.3157530680769394,-inf,-1.2142857142857215,-0.6999999999999886,-1.5000000000000235,-1.5000000000000235,-1.0761421319796984,-1.5000000000000235,6,30,2000
2000-07-07,104.6,0.09999999999999432,-0.15000000000000568,0.0,-0.04999999999999716,0.7000000000000028,0.0,-0.09999999999999432,-0.5,-0.15000000000000568,0.20000000000000284,0.20000000000000284,-0.09999999999999432,0.01249999999999929,0.1436140661634425,0.15000000000000036,0.2988071523335953,0.11083333333333438,0.3191596446731316,-0.5000000000000355,inf,-0.5000000000000355,inf,-0.6000000000000227,-0.9747474747474761,-0.6666666666666825,7,7,2000
2000-07-14,113.0,-1.5999999999999943,0.09999999999999432,-0.15000000000000568,0.5,0.0,0.4000000000000057,0.23000000000000398,0.20000000000000284,-0.5,0.09999999999999432,0.29999999999999716,0.5,0.03749999999999787,0.14930394055973242,0.07499999999999929,0.1999999999999941,0.10000000000000024,0.31694565063200697,-inf,31.000000000001705,15.000000000000853,6.999999999999858,-13.307692307692694,0.1594202898550603,4.333333333333365,7,14,2000
2000-07-21,106.35,-0.45000000000000284,-1.5999999999999943,0.09999999999999432,0.0,-0.04999999999999716,-0.5,0.0,-0.09999999999999432,0.20000000000000284,0.19999999999998863,0.25,0.20000000000000284,-0.4125000000000014,0.7983054970790668,-0.125,0.6279217421667362,-0.033333333333332625,0.5855585264333419,1.9999999999999054,-1.9000000000000057,-2.9565217391304133,-0.749999999999998,-3.2499999999999822,-1.9000000000000057,-0.5499999999999972,7,21,2000
2000-07-28,105.5,0.5,-0.45000000000000284,-1.5999999999999943,0.20000000000000284,0.5,0.7000000000000028,0.4000000000000057,0.23000000000000398,-0.09999999999999432,0.29999999999999716,0.12999999999999545,0.29999999999999716,-0.5250000000000021,0.7511102892829091,-0.1750000000000007,0.6369570517030805,-0.10416666666666667,0.5797563490315762,4.000000000000284,inf,inf,-2.0,3.9999999999995737,-2.315789473684226,inf,7,28,2000
2000-08-04,103.1,0.25,0.5,-0.45000000000000284,0.0,0.0,0.0,-0.5,0.0,0.23000000000000398,0.0,0.20000000000000284,0.25,-0.3625000000000007,0.9123002064379121,-0.1750000000000007,0.6369570517030805,-0.020833333333333332,0.5894752417244166,-1.1562500000000004,0.24999999999998224,-0.3750000000000089,inf,inf,-2.136363636363642,-0.9218750000000001,8,4,2000
2000-08-11,104.5,1.0,0.25,0.5,-0.15000000000000568,0.20000000000000284,-0.04999999999999716,0.7000000000000028,0.4000000000000057,0.0,-0.20000000000000284,0.10000000000000853,0.12999999999999545,-0.3249999999999993,0.9403013701290979,-0.1437500000000007,0.6527072741392429,-0.05833333333333357,0.5526108828812424,-3.222222222222208,inf,-3.0,-7.666666666666414,3.999999999999929,4.8823529411764115,inf,8,11,2000
2000-08-18,103.6,-0.20000000000000284,1.0,0.25,0.09999999999999432,0.0,0.5,0.0,-0.5,0.4000000000000057,-1.7999999999999972,0.0,0.20000000000000284,0.3249999999999993,0.6034622330077208,-0.043750000000001066,0.7645902263864673,0.024999999999999762,0.6319162775385521,-1.4000000000000057,0.33333333333330173,-1.2857142857142887,-0.5999999999999943,-3.000000000000142,-1.281690140845077,-1.2000000000000028,8,18,2000
2000-08-25,103.35,0.3499999999999943,-0.20000000000000284,1.0,-1.5999999999999943,-0.15000000000000568,0.0,-0.04999999999999716,0.7000000000000028,-0.5,-0.5,0.20000000000000284,0.10000000000000853,0.3874999999999993,0.5006246098625174,-0.06875000000000142,0.7662233449104181,0.01249999999999929,0.6350107372034232,0.39999999999997726,2.500000000000142,inf,0.7499999999999467,0.750000000000071,-0.1860465116279062,-1.124999999999998,8,25,2000
2000-09-01,103.4,0.30000000000001137,0.3499999999999943,-0.20000000000000284,-0.45000000000000284,0.09999999999999432,0.20000000000000284,0.5,0.0,0.7000000000000028,0.0,0.09999999999999432,0.0,0.34999999999999787,0.494974746830581,-0.006250000000001421,0.7789358583532832,-1.1842378929335002e-15,0.6259538176400716,-0.6999999999999886,-1.1875000000000078,-7.000000000000568,-4.000000000000284,4.729550084903167e-14,0.20000000000004547,0.0,9,1,2000
2000-09-08,104.0,0.09999999999999432,0.30000000000001137,0.3499999999999943,0.5,-1.5999999999999943,0.0,0.0,-0.04999999999999716,0.0,-0.15000000000000568,0.19999999999998863,0.20000000000000284,0.3625000000000007,0.4922313141874093,0.01875000000000071,0.7860104961131218,0.024999999999999762,0.6319162775385524,-1.4999999999999645,-1.222222222222208,-0.8000000000000114,-0.5652173913043801,inf,inf,-0.9500000000000028,9,8,2000
2000-09-15,105.5,1.0,0.09999999999999432,0.30000000000001137,0.25,-0.45000000000000284,-0.15000000000000568,0.20000000000000284,0.5,-0.04999999999999716,-0.5,0.29999999999999716,0.09999999999999432,0.1374999999999993,0.2495829855311948,0.2312499999999993,0.43910420175625575,0.01666666666666572,0.63005531262715,1.8571428571429034,1.0,inf,inf,-5.999999999999929,0.35135135135136064,inf,9,15,2000
2000-09-22,107.7,-0.09999999999999432,1.0,0.09999999999999432,1.0,0.5,0.09999999999999432,0.0,0.0,0.5,0.20000000000000284,0.0,0.19999999999998863,0.4375,0.3902456491322664,0.41249999999999964,0.4164046795400543,0.09999999999999905,0.6908492797077568,-1.3333333333333017,-1.3999999999999773,-1.4999999999999645,-1.2499999999999822,-0.9444444444444475,-0.5,-inf,9,22,2000
2000-10-20,106.5,-1.5,0.0,0.0,0.09999999999999432,0.3499999999999943,0.25,-0.45000000000000284,0.09999999999999432,-0.15000000000000568,0.4000000000000057,0.0,-1.7999999999999972,-0.02499999999999858,0.04999999999996394,0.2062500000000007,0.3570089034503962,0.2666666666666669,0.39676723960559385,-inf,-5.999999999999811,-0.06249999999999667,29.000000000001705,2.0,-4.4883720930232,-0.7916666666666667,10,20,2000
2000-10-27,110.0,-0.20000000000000284,-1.5,0.0,1.0,0.30000000000001137,1.0,0.5,-1.5999999999999943,0.09999999999999432,-0.5,-0.15000000000000568,-0.5,-0.375,0.7499999999999978,-0.02499999999999858,0.6923046397979089,0.10000000000000024,0.6371099519777501,-inf,-3.000000000000142,-0.555555555555552,-1.4000000000000057,-2.0,-0.4871794871794807,0.9999999999998579,10,27,2000
2000-11-03,110.0,1.5,-0.20000000000000284,-1.5,-0.09999999999999432,0.09999999999999432,-0.20000000000000284,0.25,-0.45000000000000284,-1.5999999999999943,0.7000000000000028,-0.5,0.0,-0.4250000000000007,0.7228416147400455,-0.08750000000000036,0.6812540956626536,0.0625,0.6407116072277478,inf,0.5,2.0,inf,-16.000000000000853,-2.6666666666666825,-1.2830188679245285,11,3,2000
2000-11-10,110.2,0.10000000000000853,1.5,-0.20000000000000284,0.0,1.0,0.3499999999999943,1.0,0.5,-0.45000000000000284,0.0,0.20000000000000284,-0.15000000000000568,-0.05000000000000071,1.2288205727444497,0.08750000000000036,0.885498245541537,0.10416666666666667,0.7187294134074171,-1.0666666666666724,-2.000000000000142,-0.5999999999999659,-0.4999999999999645,-0.5652173913043183,inf,-0.799999999999983,11,10,2000
2000-11-17,111.8,0.7999999999999972,0.10000000000000853,1.5,0.0,-0.09999999999999432,0.30000000000001137,-0.20000000000000284,0.25,0.5,-0.04999999999999716,-0.09999999999999432,-0.5,-0.02499999999999858,1.2311918344975048,-0.02499999999999858,0.8066686343935058,0.12916666666666762,0.7123770494661241,-4.999999999999929,inf,-0.20000000000000284,inf,inf,-7.666666666666391,-1.145454545454545,11,17,2000
2000-11-24,115.1,1.6999999999999886,0.7999999999999972,0.10000000000000853,0.0,0.0,0.09999999999999432,0.3499999999999943,1.0,0.25,0.5,0.23000000000000398,0.20000000000000284,0.5500000000000007,0.7593857166596313,0.08750000000000036,0.8559664546163994,0.16666666666666785,0.7364945637438489,0.13333333333332575,inf,-9.499999999999822,-12.333333333332828,3.249999999999911,inf,4.666666666666682,11,24,2000
2000-12-08,114.35,-2.4000000000000057,0.0,1.6999999999999886,-0.20000000000000284,0.0,-0.09999999999999432,0.09999999999999432,0.3499999999999943,-0.20000000000000284,0.20000000000000284,0.4000000000000057,0.23000000000000398,0.6499999999999986,0.7852812659593071,0.29999999999999893,1.0253919111386456,0.27499999999999974,0.8624752960888985,-4.000000000000018,0.6000000000000039,-8.999999999999716,0.5000000000000089,-4.428571428571423,-8.058823529411711,-3.1621621621621685,12,8,2000
2000-12-15,106.0,2.5,-2.4000000000000057,0.0,1.5,-1.5,0.0,1.0,0.30000000000001137,0.3499999999999943,0.0,-0.5,0.0,0.024999999999995026,1.7594980344783924,-1.7763568394002505e-15,1.406109119927345,-0.008333333333334044,1.1220584438945906,0.4705882352941275,-13.499999999999822,24.00000000000142,-6.555555555555521,inf,-7.249999999999911,inf,12,15,2000
2000-12-22,110.1,1.4699999999999989,2.5,-2.4000000000000057,0.10000000000000853,-0.20000000000000284,0.0,-0.09999999999999432,0.09999999999999432,0.30000000000001137,-0.15000000000000568,0.7000000000000028,0.4000000000000057,0.44999999999999574,2.1671794265050286,0.4999999999999982,1.5042796092672202,0.20833333333333215,1.333797267771662,inf,-0.020000000000000795,0.46999999999999886,1.9399999999999977,-30.400000000001647,2.4186046511627337,-2.1484374999999982,12,22,2000
2000-12-29,109.5,-0.5499999999999972,1.4699999999999989,2.5,0.7999999999999972,1.5,0.0,0.0,1.0,0.09999999999999432,0.09999999999999432,0.0,-0.5,0.3924999999999983,2.125611676670978,0.7087499999999984,1.5091287694750042,0.33083333333333204,1.3796406536969448,-0.770833333333335,-6.499999999999503,4.500000000000284,-3.1999999999999886,-2.0999999999999943,-1.9016393442622914,-0.3125000000000011,12,29,2000
2001-01-05,108.73,0.29999999999999716,-0.5499999999999972,1.4699999999999989,1.6999999999999886,0.10000000000000853,-1.5,0.0,-0.09999999999999432,1.0,-1.5999999999999943,-0.04999999999999716,0.7000000000000028,0.254999999999999,2.17664114329089,0.4524999999999988,1.5294887100876913,0.284999999999999,1.4006070112633304,-0.8800000000000011,-0.6250000000000022,inf,-0.7000000000000028,inf,-4.000000000000142,-0.37499999999999256,1,5,2001
2001-01-12,109.2,0.5,0.29999999999999716,-0.5499999999999972,0.0,0.7999999999999972,-0.20000000000000284,0.0,0.0,-0.09999999999999432,-0.45000000000000284,0.5,0.0,0.9299999999999997,1.3346410253947174,0.47749999999999737,1.5245303726534458,0.3099999999999987,1.397731929038807,-0.659863945578231,-0.7058823529411745,inf,-3.4999999999999645,1.4999999999999645,0.0,0.08695652173914525,1,12,2001
2001-01-19,110.6,1.25,0.5,0.29999999999999716,-2.4000000000000057,1.6999999999999886,1.5,-1.5,0.0,0.0,0.5,0.0,-0.04999999999999716,0.4299999999999997,0.8294174662576914,0.4399999999999977,1.5191444960898213,0.4766666666666654,1.2762468650719816,-3.2727272727272845,inf,inf,2.5714285714286294,inf,5.249999999999911,0.5243902439024517,1,19,2001
2001-01-26,110.75,0.04999999999999716,1.25,0.5,2.5,0.0,0.10000000000000853,-0.20000000000000284,0.0,0.0,0.25,0.20000000000000284,0.5,0.375,0.7399324293474345,0.38374999999999915,1.4734695449855761,0.5974999999999989,1.2749982174675598,-0.8333333333333413,-1.0208333333333321,-1.0333333333333314,-0.8333333333333491,-1.3333333333333017,-0.8333333333333413,-0.974619289340103,1,26,2001
2001-02-02,110.5,0.0,0.04999999999999716,1.25,1.4699999999999989,-2.4000000000000057,0.7999999999999972,1.5,-1.5,0.0,1.0,0.0,0.0,0.5249999999999986,0.5172040216394291,0.3899999999999988,1.47171425798042,0.4766666666666654,1.2501587777946326,-1.0,-1.0,-1.0,-1.0,-1.0,-1.0,-1.0,2,2,2001
2001-02-09,110.0,0.0,0.0,0.04999999999999716,-0.5499999999999972,2.5,1.6999999999999886,0.10000000000000853,-0.20000000000000284,-1.5,-0.20000000000000284,-0.15000000000000568,0.20000000000000284,0.4499999999999993,0.5787918451395101,0.6899999999999995,0.9863062404750348,0.4683333333333313,1.253227348839303,-1.0,-1.0,-1.0,-1.0,-1.0,-1.0,-1.0,2,9,2001
2001-02-16,114.0,1.0,0.0,0.0,0.29999999999999716,1.4699999999999989,0.0,0.7999999999999972,1.5,-0.20000000000000284,0.3499999999999943,0.09999999999999432,0.0,0.3249999999999993,0.6171169527191193,0.3774999999999995,0.679111814904478,0.4016666666666649,1.25525682510381,19.000000000001137,-2.8181818181818277,8.999999999999147,-11.000000000000568,-3.222222222222208,3.999999999999929,1.0,2,16,2001
2001-03-02,113.5,-0.5,0.0,1.0,1.25,0.29999999999999716,2.5,0.0,0.7999999999999972,0.10000000000000853,0.09999999999999432,-0.45000000000000284,0.09999999999999432,0.25,0.4999999999999978,0.3874999999999993,0.49334861623689097,0.34333333333333255,1.2046827823375783,-inf,-2.0,-1.2941176470588256,-inf,-3.0,-inf,1.2727272727272845,3,2,2001
2001-03-09,115.0,0.5,-0.5,0.0,0.04999999999999716,0.5,1.4699999999999989,-2.4000000000000057,1.6999999999999886,0.7999999999999972,1.0,0.5,-1.5999999999999943,0.125,0.629152869605894,0.28749999999999964,0.5859973183751398,0.5016666666666664,0.8968818036380101,-0.5,-0.6,inf,inf,-0.5,1.4999999999999645,1.9411764705882057,3,9,2001
2001-03-23,122.45,0.45000000000000284,0.0,0.5,0.0,0.04999999999999716,0.29999999999999716,1.4699999999999989,-2.4000000000000057,0.0,0.0,1.0,0.5,0.0,0.4082482904638603,0.13124999999999964,0.44153749234108625,0.21249999999999977,0.5364551154654886,-1.9000000000000057,inf,-0.8199999999999988,-3.2499999999999822,0.2857142857143147,1.250000000000142,0.04651162790700125,3,23,2001
2001-03-30,122.0,3.0,0.45000000000000284,0.0,1.0,0.0,0.5,-0.5499999999999972,2.5,-2.4000000000000057,0.0,-0.20000000000000284,0.25,0.11250000000000071,0.4661455423648982,0.18125000000000036,0.45350815081665363,0.2958333333333331,0.4821628984130375,5.0,inf,1.0408163265306136,1.0,8.999999999999622,9.000000000000094,11.0,3,30,2001
2001-04-06,124.5,0.5,3.0,0.45000000000000284,0.0,0.0,1.25,0.29999999999999716,1.4699999999999989,2.5,0.0,0.3499999999999943,1.0,0.9875000000000007,1.3603767860412779,0.5562500000000004,1.0841183053523251,0.5208333333333334,0.9176200276538846,inf,-0.5,-1.9090909090909138,3.9999999999995737,4.000000000000284,inf,inf,4,6,2001
2001-04-13,134.0,17.5,0.5,3.0,-0.5,1.0,0.04999999999999716,0.5,-0.5499999999999972,1.4699999999999989,-1.5,0.30000000000001137,-0.20000000000000284,0.9875000000000007,1.3603767860412779,0.6187500000000004,1.061648818718182,0.5208333333333334,0.9176200276538846,37.888888888888644,inf,57.33333333333388,20.875000000000078,16.5,-88.49999999999876,22.648648648648813,4,13,2001
2001-04-20,126.0,-1.2000000000000028,17.5,0.5,0.5,0.0,0.0,1.25,0.29999999999999716,-0.5499999999999972,-0.20000000000000284,0.09999999999999432,0.3499999999999943,5.362500000000001,8.178770791914067,2.6812500000000004,6.0791175052681075,1.875,5.00015908837818,-1.400000000000001,1.4000000000000057,-3.4000000000000057,-1.7058823529411828,11.00000000000071,-0.3333333333333307,5.000000000000355,4,20,2001
2001-05-11,113.4,-0.29999999999999716,0.0,0.0,3.0,0.0,0.0,0.0,0.04999999999999716,1.25,0.7999999999999972,0.0,1.0,4.074999999999999,8.967859276326765,2.53125,6.163077704013984,1.7708333333333333,5.054361677768714,-0.750000000000003,-1.6666666666666563,-inf,-1.1199999999999988,-inf,0.9999999999999052,-1.8108108108107932,5,11,2001
2001-05-18,110.75,-2.6500000000000057,-0.29999999999999716,0.0,0.5,0.45000000000000284,-0.5,1.0,0.0,0.04999999999999716,1.6999999999999886,0.0,-0.09999999999999432,-0.375,0.5678908345800299,2.4937500000000004,6.181564613544743,1.6625000000000003,5.086216892025671,-inf,-1.883333333333335,-inf,-2.8027210884353795,0.7666666666666704,4.300000000000011,-7.162790697674334,5,18,2001
2001-05-25,114.2,2.299999999999997,-2.6500000000000057,-0.29999999999999716,17.5,3.0,0.5,0.0,0.0,0.0,0.0,0.0,0.0,-0.7375000000000007,1.2828191610667536,2.1062499999999993,6.420527209104962,1.4416666666666664,5.220711956556629,inf,3.5999999999999943,1.2999999999999972,-5.1818181818181985,-12.499999999999822,10.499999999999822,-6.897435897435882,5,25,2001
2001-06-01,112.1,-0.7000000000000028,2.299999999999997,-2.6500000000000057,-1.2000000000000028,0.5,0.0,-0.5,1.0,0.0,-2.4000000000000057,-1.5,0.0,-0.16250000000000142,2.024588435542725,2.018749999999999,6.4113703404855,1.6749999999999996,5.188514413411784,1.333333333333365,-1.0400000000000003,-inf,-3.333333333333365,-1.4666666666666686,6.000000000000426,-0.22222222222221166,6,1,2001
2001-06-15,111.1,0.09999999999999432,0.0,-0.7000000000000028,0.0,-1.2000000000000028,3.0,0.0,-0.5,0.0,1.4699999999999989,1.5,-1.5,-0.26250000000000284,2.043434608691946,-0.3187500000000014,1.3897423964790865,1.5749999999999993,5.224657448536264,-0.9565217391304373,inf,-0.8000000000000114,-0.9200000000000046,-0.8750000000000067,inf,-1.8333333333332544,6,15,2001
2001-06-29,112.3,0.14999999999999147,0.0,0.09999999999999432,-2.6500000000000057,0.0,17.5,3.0,0.0,0.5,0.29999999999999716,0.7999999999999972,1.5,-0.15000000000000213,0.3696845502136488,-0.15625000000000178,1.3473353331669162,1.2958333333333318,5.228351831962716,inf,-1.4999999999999762,-0.6666666666666877,inf,inf,-1.299999999999983,-1.3749999999999867,6,29,2001
2001-07-06,111.5,-0.9000000000000057,0.14999999999999147,0.0,2.299999999999997,-0.29999999999999716,-1.2000000000000028,0.5,0.45000000000000284,0.0,0.5,1.6999999999999886,0.10000000000000853,0.06249999999999645,0.07500000000000367,-0.13750000000000284,1.3508595147429037,1.2666666666666646,5.23416804769537,-10.000000000000568,-0.6603773584905646,-1.3000000000000018,-inf,-0.6249999999999984,-2.2857142857142887,-3.647058823529402,7,6,2001
2001-07-20,111.8,-0.6000000000000085,0.0,-0.9000000000000057,0.0,2.299999999999997,0.0,-1.2000000000000028,0.5,3.0,0.04999999999999716,-2.4000000000000057,1.6999999999999886,-0.18750000000000355,0.4802343178074655,0.1187499999999968,0.9643419295783322,-0.16666666666666904,1.103781379319894,-5.000000000000284,-0.14285714285713413,-1.0342857142857147,-inf,-1.4081632653061287,11.000000000000853,-2.3953488372093,7,20,2001
2001-08-17,111.0,-1.2000000000000028,0.0,0.0,-0.9000000000000057,0.0,-0.7000000000000028,-2.6500000000000057,0.0,0.0,0.0,0.29999999999999716,1.4699999999999989,-0.15000000000000213,0.300000000000006,-0.16875000000000284,0.3712310601229441,0.029166666666663826,0.7961436409151877,-inf,-9.000000000000474,3.000000000000047,-3.6666666666666563,-1.9600000000000022,-inf,-6.999999999999929,8,17,2001
2001-08-31,112.26,0.2600000000000051,0.0,-1.2000000000000028,-0.6000000000000085,-0.9000000000000057,0.09999999999999432,-0.7000000000000028,-2.6500000000000057,-0.29999999999999716,0.5,1.25,0.29999999999999716,-0.3000000000000007,0.6000000000000023,-0.33750000000000213,0.4926241685388336,-0.20416666666666927,0.4413091749315688,inf,inf,-0.8869565217391281,-0.47999999999998977,inf,1.600000000000199,0.040000000000020464,8,31,2001
2001-09-07,112.16,0.2599999999999909,0.2600000000000051,0.0,0.0,0.0,0.0,0.0,2.299999999999997,-2.6500000000000057,0.0,0.04999999999999716,0.5,-0.23499999999999943,0.6549045732013211,-0.19250000000000078,0.47376154339499316,-0.1825000000000022,0.4582997232855711,-1.2166666666666586,-1.433333333333312,-1.371428571428557,-0.9851428571428577,inf,-1.162499999999995,1.0,9,7,2001
2001-10-05,111.0,-1.1599999999999966,0.0,0.0,0.0,0.0,-0.6000000000000085,-0.9000000000000057,0.0,0.09999999999999432,17.5,0.0,0.0,0.06499999999999773,0.13000000000000003,-0.08500000000000085,0.46558718686346234,-0.10666666666666795,0.4043700675311489,-inf,-0.03333333333333843,-8.73333333333375,2.866666666666692,-3.319999999999993,-2.1599999999999966,-6.7999999999999,10,5,2001
2001-10-26,111.0,-1.1599999999999966,0.0,0.0,0.0,0.2600000000000051,0.0,0.0,0.0,-0.9000000000000057,0.0,0.0,-0.5,-0.28999999999999915,0.5799999999999992,-0.08000000000000007,0.45191655361202854,-0.15333333333333363,0.4897742213293598,0.0,-5.461538461538605,0.9333333333333003,0.6571428571428455,-1.3866666666666656,-4.866666666666509,-4.866666666666692,10,26,2001
2001-11-02,111.25,-0.9099999999999966,-1.1599999999999966,0.0,0.0,0.2599999999999909,-1.2000000000000028,0.0,-0.6000000000000085,0.0,-0.29999999999999716,0.45000000000000284,0.5,-0.5799999999999983,0.6697263122599646,-0.2575000000000003,0.5642124726428109,-0.25,0.5653960799941217,-inf,-inf,-inf,-inf,-2.819999999999993,-10.100000000000483,-inf,11,2,2001
2001-11-09,114.2,0.45000000000000284,-0.9099999999999966,-1.1599999999999966,0.0,0.0,0.0,0.0,0.0,-0.6000000000000085,-2.6500000000000057,3.0,0.0,-0.5174999999999983,0.6062109093926512,-0.4037499999999987,0.5625436491001019,-0.32583333333333303,0.5893364270452113,inf,inf,inf,3.500000000000284,-0.9742857142857141,-0.5499999999999972,-3.2499999999999822,11,9,2001
2001-11-16,118.0,0.75,0.45000000000000284,-0.9099999999999966,-1.1599999999999966,0.0,0.2600000000000051,-1.2000000000000028,0.0,0.0,2.299999999999997,0.5,0.45000000000000284,-0.4049999999999976,0.7572097903927725,-0.34749999999999837,0.627438101671052,-0.18833333333333258,0.5585180608023484,-1.6465517241379328,inf,inf,inf,-1.6249999999999987,-8.500000000000426,-1.4166666666666674,11,16,2001
2001-12-07,119.5,0.29999999999999716,0.0,0.0,-1.1599999999999966,0.0,0.0,0.2599999999999909,0.0,-1.2000000000000028,0.09999999999999432,0.0,17.5,0.3000000000000007,0.36742346141747906,-0.10874999999999879,0.6374152604744543,-0.16916666666666558,0.5985506484733524,-0.6000000000000039,inf,0.15384615384612021,inf,-2.0,inf,-2.999999999999905,12,7,2001
2001-12-21,119.0,-0.09999999999999432,0.0,0.29999999999999716,0.45000000000000284,-1.1599999999999966,-1.1599999999999966,0.0,0.2599999999999909,0.2600000000000051,0.14999999999999147,-0.29999999999999716,0.0,0.07499999999999929,0.15000000000000288,-0.07124999999999915,0.653352617548246,-0.1441666666666658,0.6123643943887848,-inf,-0.8901098901098959,-inf,-inf,-1.0434782608695627,-0.5000000000000355,-1.4999999999999645,12,21,2001
2001-12-28,118.0,0.5,-0.09999999999999432,0.0,0.75,-0.9099999999999966,0.0,0.0,0.0,0.2599999999999909,-0.9000000000000057,-2.6500000000000057,0.0,0.05000000000000071,0.1732050807568884,0.06125000000000114,0.4874258185318367,-0.15249999999999866,0.6109028341129744,0.6666666666666825,0.11111111111110406,inf,inf,-1.7142857142857113,-0.6666666666666667,-6.000000000000284,12,28,2001
2002-01-04,115.0,0.4000000000000057,0.5,-0.09999999999999432,0.0,0.45000000000000284,0.0,-1.1599999999999966,0.0,0.0,0.0,2.299999999999997,-0.29999999999999716,0.1750000000000007,0.27537852736430524,0.2375000000000007,0.3079308827828604,-0.014166666666665625,0.5465837427867573,inf,-0.4666666666666591,inf,inf,inf,2.999999999999716,0.7391304347826033,1,4,2002
2002-01-11,114.4,-0.09999999999999432,0.4000000000000057,0.5,0.0,0.75,-1.1599999999999966,0.0,0.0,0.0,-0.6000000000000085,-0.7000000000000028,-2.6500000000000057,0.20000000000000284,0.2943920288775966,0.23125000000000107,0.3034768760313008,0.01916666666666818,0.5595689629012824,0.0,-inf,-0.9137931034482805,-0.9166666666666716,-2.0,-1.1249999999999933,-inf,1,11,2002
2002-02-08,115.4,0.10000000000000853,0.0,0.0,0.5,0.0,0.0,0.45000000000000284,-1.1599999999999966,0.0,-1.2000000000000028,0.14999999999999147,0.09999999999999432,-0.02499999999999858,0.050000000000009495,0.08750000000000213,0.22951812875800215,0.1458333333333345,0.2742413778650603,inf,-2.000000000000142,-1.1098901098901197,inf,inf,-0.9599999999999966,inf,2,8,2002
2002-02-15,119.8,-0.3500000000000085,0.10000000000000853,0.0,0.4000000000000057,-0.09999999999999432,0.0,0.75,-0.9099999999999966,-1.1599999999999966,0.0,-0.9000000000000057,0.0,0.02500000000000213,0.0500000000000169,0.1000000000000032,0.22677868380554378,0.09166666666666856,0.19752253419583551,-inf,-1.700000000000017,-1.777777777777792,-inf,-0.41666666666666075,-1.2380952380952441,6.000000000000568,2,15,2002
2002-02-22,117.9,-1.5,-0.3500000000000085,0.10000000000000853,-0.09999999999999432,0.5,0.29999999999999716,0.0,0.45000000000000284,-0.9099999999999966,0.2600000000000051,0.0,0.14999999999999147,-0.0625,0.19737865470545973,0.06875000000000142,0.2711582300323754,0.06250000000000118,0.23464189349264206,-inf,-4.749999999999947,-3.0,-inf,-inf,1.7272727272727413,-4.0,2,22,2002
2002-03-01,117.9,0.6000000000000085,-1.5,-0.3500000000000085,0.0,0.4000000000000057,0.0,0.0,0.75,0.45000000000000284,0.2599999999999909,-0.6000000000000085,-0.9000000000000057,-0.4375,0.7341378163079034,-0.18124999999999858,0.5719250075715521,-0.06249999999999881,0.50951179841812,4.999999999999574,-7.000000000000426,inf,-1.5172413793103536,inf,1.0000000000000475,inf,3,1,2002
2002-03-15,117.0,-0.20000000000000284,0.0,0.6000000000000085,0.0,0.0,0.5,0.0,0.0,0.0,0.0,0.0,-0.6000000000000085,-0.3125,0.8835298523536183,-0.14374999999999893,0.6067698433979306,-0.03749999999999787,0.5356071321407094,-0.8666666666666648,-inf,-1.6666666666666825,-inf,-0.8333333333333314,-1.1600000000000024,-inf,3,15,2002
2002-03-22,114.2,-2.0999999999999943,-0.20000000000000284,0.0,0.10000000000000853,0.0,0.4000000000000057,-0.09999999999999432,0.29999999999999716,0.0,0.0,0.0,0.0,-0.2749999999999986,0.88459030064771,-0.1687499999999993,0.6041153508584793,-0.045833333333331915,0.537442738317016,-4.499999999999941,-inf,-inf,0.8103448275862073,-inf,-43.000000000002274,12.999999999999432,3,22,2002
2002-03-29,116.1,0.09999999999999432,-2.0999999999999943,-0.20000000000000284,-0.3500000000000085,0.0,-0.09999999999999432,0.5,0.0,0.29999999999999716,-1.1599999999999966,-1.2000000000000028,0.0,-0.42499999999999716,1.1672617529928753,-0.4312499999999986,0.9027487785330209,-0.2624999999999981,0.7708097867001438,inf,-1.4210854715202004e-13,-2.0,-1.1098901098901042,-0.6153846153846448,inf,0.0,3,29,2002
2002-04-05,116.0,1.7999999999999972,0.09999999999999432,-2.0999999999999943,-1.5,0.10000000000000853,0.0,0.4000000000000057,-0.09999999999999432,0.0,0.0,0.0,0.0,-0.5500000000000007,1.0408329997330625,-0.4187499999999993,0.9102344674391808,-0.28749999999999903,0.7520048960188732,-9.999999999999858,-6.142857142857009,2.5999999999999943,2.9999999999999685,5.923076923077154,inf,-2.125000000000002,4,5,2002
2002-05-17,116.8,2.5999999999999943,0.0,0.0,1.7999999999999972,-2.0999999999999943,0.6000000000000085,-0.3500000000000085,0.0,0.0,0.0,-1.1599999999999966,0.0,0.0,0.0,-0.025000000000000355,1.0457396562105825,-0.1083333333333331,0.9614934721409648,inf,25.00000000000142,24.999999999997726,-27.00000000000142,inf,4.777777777777729,6.428571428571533,5,17,2002
2002-05-24,114.6,0.3999999999999915,2.5999999999999943,0.0,0.0,0.09999999999999432,0.0,-1.5,0.10000000000000853,0.0,0.0,0.0,0.0,0.6499999999999986,1.2999999999999978,0.5624999999999982,1.0336309095334064,0.2333333333333331,1.13484747339842,inf,-0.7777777777777821,-2.142857142857091,-0.20000000000001705,-1.3448275862068901,-0.8666666666666695,0.33333333333325443,5,24,2002
2002-06-14,115.5,1.2999999999999972,0.0,0.0,0.0,0.0,0.09999999999999432,-0.20000000000000284,0.6000000000000085,-1.5,-0.09999999999999432,-0.9099999999999966,0.0,0.7499999999999964,1.247664484814192,0.3749999999999982,0.9098665522246341,0.23333333333333192,1.1251935860377957,2.250000000000062,inf,inf,inf,0.7333333333333296,-2.0833333333333286,-14.00000000000071,6,14,2002
2002-06-21,119.7,-0.09999999999999432,1.2999999999999972,0.0,0.0,0.0,1.7999999999999972,-2.0999999999999943,0.0,0.6000000000000085,0.5,0.45000000000000284,-1.1599999999999966,0.42499999999999716,0.6130524719249838,0.5374999999999979,0.948589177975075,0.5166666666666645,0.8871131252380889,-inf,-inf,-0.5000000000000355,-inf,-inf,-inf,-inf,6,21,2002
2002-06-28,119.6,-0.10000000000000853,-0.09999999999999432,1.2999999999999972,2.5999999999999943,0.0,0.0,0.09999999999999432,-0.20000000000000284,0.0,0.4000000000000057,0.75,-0.9099999999999966,0.3000000000000007,0.6683312551921123,0.5249999999999986,0.9573027584983607,0.49999999999999883,0.897471194777045,-inf,-inf,-0.9523809523809482,-inf,-inf,-inf,-inf,6,28,2002
2002-07-05,120.0,0.04999999999999716,-0.10000000000000853,-0.09999999999999432,0.3999999999999915,0.0,0.0,1.7999999999999972,-2.0999999999999943,-0.20000000000000284,-0.09999999999999432,0.0,0.45000000000000284,0.2749999999999986,0.6849574196011505,0.5124999999999975,0.9657528521462269,0.341666666666665,0.8106768589869587,-0.9615384615384637,-0.9807692307692318,-0.5,-0.500000000000071,-0.8333333333333413,-1.1666666666666587,inf,7,5,2002
2002-07-12,120.2,-0.3999999999999915,0.04999999999999716,-0.10000000000000853,0.0,2.5999999999999943,0.0,0.0,0.09999999999999432,-2.0999999999999943,0.0,0.0,0.75,0.28749999999999787,0.6786935980249117,0.5187499999999972,0.962117270844435,0.34583333333333144,0.8088876574804652,3.000000000000142,-2.0,-1.2222222222222179,0.1428571428570906,-inf,-0.8490566037735885,-0.7333333333333389,7,12,2002
2002-07-19,124.7,0.10000000000000853,-0.3999999999999915,0.04999999999999716,0.0,0.3999999999999915,0.0,0.0,1.7999999999999972,0.09999999999999432,0.0,0.29999999999999716,0.0,-0.1374999999999993,0.18874586088176654,0.14374999999999893,0.5164698165707,0.31249999999999883,0.8323365250360467,-2.0,inf,inf,-1.0666666666666724,-2.000000000000142,-0.956521739130431,-1.5000000000000355,7,19,2002
2002-07-26,129.0,2.0,0.10000000000000853,-0.3999999999999915,1.2999999999999972,0.0,0.0,0.0,0.0,1.7999999999999972,0.0,0.0,0.0,-0.08749999999999858,0.22500000000000045,0.10625000000000107,0.5059908948926723,0.32083333333333286,0.8294188363309555,39.000000000002274,inf,inf,2.333333333333286,3.0,-3.8571428571428457,0.33333333333333326,7,26,2002
2002-08-02,131.4,-3.0999999999999943,2.0,0.10000000000000853,-0.09999999999999432,0.0,2.5999999999999943,0.0,0.0,0.0,0.10000000000000853,-0.09999999999999432,0.29999999999999716,0.43750000000000355,1.0656570742973535,0.35625000000000107,0.8338540040078966,0.48749999999999954,0.9511058157362217,6.750000000000151,-3.3846153846153855,-inf,-inf,-8.749999999999876,-inf,-31.9999999999973,8,2,2002
2002-08-16,129.3,0.5,0.0,-3.0999999999999943,0.04999999999999716,-0.09999999999999432,0.0,2.5999999999999943,0.0,0.0,-1.5,0.4000000000000057,-0.09999999999999432,-0.24999999999999645,2.111081871142533,-0.19374999999999787,1.388842657960731,0.012500000000000474,1.1928051353465408,-0.75,-5.999999999999574,inf,-1.2380952380952388,inf,inf,-0.7058823529411745,8,16,2002
2002-08-23,127.5,-0.29999999999999716,0.5,0.0,-0.3999999999999915,-0.10000000000000853,0.0,0.3999999999999915,0.0,0.0,0.6000000000000085,-0.09999999999999432,0.5,-0.14999999999999858,2.142428528562853,-0.11874999999999858,1.4106577746366606,0.02083333333333452,1.19610320574266,-0.9032258064516137,-7.000000000000284,-1.1153846153846145,-4.000000000000142,-inf,-3.0000000000000946,-inf,8,23,2002
2002-08-30,127.0,1.0,-0.29999999999999716,0.5,0.10000000000000853,0.04999999999999716,1.2999999999999972,0.0,2.5999999999999943,0.0,0.0,0.0,0.4000000000000057,-0.7249999999999979,1.617353805861082,-0.14374999999999716,1.41204954890805,-0.004166666666665246,1.199707982145752,inf,-3.5000000000000533,1.5000000000000533,-0.44444444444444353,inf,-2.111111111111104,-1.4166666666666656,8,30,2002
2002-09-06,127.0,1.0,1.0,-0.29999999999999716,2.0,-0.3999999999999915,-0.09999999999999432,0.0,0.3999999999999915,2.5999999999999943,-0.20000000000000284,0.0,-0.09999999999999432,0.3000000000000007,0.5715476066494083,-0.024999999999996803,1.4694508206420902,0.07916666666666809,1.234256922814347,1.0,8.999999999999147,inf,inf,8.999999999999147,inf,-0.6,9,6,2002
2002-09-13,129.4,0.09999999999999432,1.0,1.0,-3.0999999999999943,0.10000000000000853,-0.10000000000000853,1.2999999999999972,0.0,0.3999999999999915,-2.0999999999999943,0.0,0.0,0.5500000000000007,0.6137317546507319,0.15000000000000213,1.50142789180357,0.05416666666666833,1.2100823287794233,-1.3333333333333175,-0.9500000000000028,inf,inf,-1.2857142857142625,-1.1666666666666548,-0.9319727891156501,9,13,2002
2002-09-20,127.75,-0.6500000000000057,0.09999999999999432,1.0,0.0,2.0,0.04999999999999716,-0.09999999999999432,0.0,0.0,0.09999999999999432,0.10000000000000853,0.0,0.4499999999999993,0.6557438524302008,0.15000000000000036,1.5014278918035702,0.07083333333333404,1.2091428845060062,-1.6500000000000057,-0.790322580645159,-1.5000000000000053,-inf,-0.5666666666666629,-inf,0.1818181818181983,9,20,2002
2002-09-27,126.6,-0.3500000000000085,-0.6500000000000057,0.09999999999999432,0.5,-3.0999999999999943,-0.3999999999999915,-0.10000000000000853,1.2999999999999972,0.0,1.7999999999999972,-0.3500000000000085,0.0,0.36249999999999716,0.7972609359551025,-0.18125000000000036,1.3158206293303918,0.02500000000000095,1.226506494812878,-1.3500000000000085,-inf,2.500000000000284,-inf,-1.5833333333333393,-inf,-2.166666666666706,9,27,2002
2002-10-11,127.2,-0.29999999999999716,0.0,-0.3500000000000085,1.0,0.5,2.0,-0.3999999999999915,-0.10000000000000853,-0.09999999999999432,0.0,0.6000000000000085,-0.3500000000000085,-0.22500000000000497,0.34278273002005544,0.16249999999999787,0.6191872553136597,0.024999999999999762,1.2250231908750993,-0.5384615384615469,0.0,-7.000000000000284,-1.1153846153846145,0.4999999999999645,-0.750000000000003,-1.2399999999999978,10,11,2002
2002-10-18,127.0,-0.09999999999999432,-0.29999999999999716,0.0,1.0,-0.29999999999999716,-3.0999999999999943,0.10000000000000853,0.04999999999999716,-0.10000000000000853,0.0,0.0,-1.5,-0.32500000000000284,0.2661453237111933,0.062499999999998224,0.621490144732807,-0.008333333333334044,1.2282347520163226,-0.7142857142857375,-1.0999999999999943,-0.7500000000000089,-1.2499999999999911,-0.952380952380955,-inf,-3.0,10,18,2002
2002-11-01,126.9,-0.19999999999998863,0.0,-0.09999999999999432,-0.6500000000000057,1.0,0.5,-3.0999999999999943,0.10000000000000853,-0.3999999999999915,0.0,-2.0999999999999943,0.0,-0.09999999999999787,0.14142135623731228,-0.03750000000000142,0.4845837683738835,0.07499999999999929,0.5158840602658298,-0.3333333333333649,-3.0,-1.0999999999999943,-inf,-1.111111111111105,-1.7692307692307523,-inf,11,1,2002
2002-11-08,127.0,-0.29999999999999716,-0.19999999999998863,0.0,-0.3500000000000085,0.09999999999999432,-0.29999999999999716,0.0,2.0,0.10000000000000853,2.5999999999999943,0.09999999999999432,-0.20000000000000284,-0.14999999999999503,0.12909944487358319,-0.1875,0.24311960607311633,0.05833333333333357,0.5217249943188114,2.000000000000142,-0.5384615384615469,-0.9032258064516137,-1.230769230769229,-inf,-inf,-1.2999999999999972,11,8,2002
2002-11-22,127.95,0.25,0.0,-0.29999999999999716,-0.29999999999999716,-0.3500000000000085,1.0,-0.29999999999999716,0.0,-3.0999999999999943,0.0,0.0,0.09999999999999432,-0.12499999999999645,0.15000000000000085,-0.15624999999999822,0.14985111658863626,0.016666666666666902,0.5028705478339152,-2.250000000000071,inf,-0.5,-3.499999999999787,inf,inf,-1.5,11,22,2002
2002-11-29,127.8,0.09999999999999432,0.25,0.0,-0.09999999999999432,0.0,0.09999999999999432,1.0,0.5,0.0,0.0,0.0,1.7999999999999972,-0.06249999999999645,0.24281337140555706,-0.08124999999999716,0.18504343119542074,-0.045833333333333094,0.4070170497508338,-1.3333333333333175,-1.3333333333333175,-1.3333333333333175,1.0,inf,-1.0862068965517195,-0.8000000000000114,11,29,2002
2002-12-06,128.3,0.9000000000000057,0.09999999999999432,0.25,0.0,-0.29999999999999716,-0.6500000000000057,1.0,-0.29999999999999716,0.5,1.2999999999999972,0.0,0.0,0.01249999999999929,0.23228933107943978,-0.06874999999999787,0.19445436482630735,-0.12083333333333357,0.24905122997389256,inf,-10.000000000000568,-0.09999999999999432,-3.250000000000062,inf,inf,inf,12,6,2002
2002-12-13,128.5,0.7000000000000028,0.9000000000000057,0.09999999999999432,-0.19999999999998863,-0.09999999999999432,-0.3500000000000085,0.09999999999999432,1.0,-0.29999999999999716,-0.09999999999999432,0.0,0.0,0.3125,0.40491768710855,0.08125000000000249,0.3721918668029829,-0.054166666666665954,0.38403262961115103,1.8000000000000114,inf,-0.29999999999999716,5.999999999999432,-0.7307692307692291,inf,0.555555555555552,12,13,2002
2002-12-20,130.2,-1.5,0.7000000000000028,0.9000000000000057,-0.29999999999999716,0.0,0.0,-0.6500000000000057,1.0,1.0,-0.10000000000000853,0.0,0.0,0.4875000000000007,0.3750000000000063,0.18125000000000213,0.42083038659977756,0.05833333333333476,0.3912876954442283,-16.000000000000853,6.500000000000426,-16.000000000000853,-1.75,-4.75000000000008,0.2931034482758659,-1.5,12,20,2002
2002-12-27,124.8,-0.10000000000000853,-1.5,0.7000000000000028,0.0,-0.19999999999998863,-0.29999999999999716,-0.3500000000000085,0.09999999999999432,1.0,0.04999999999999716,2.5999999999999943,0.0,0.05000000000000071,1.0878112581387172,-0.006249999999997868,0.7321385017292087,-0.03749999999999787,0.590502482482653,-1.1111111111111198,-0.6666666666666351,-0.8461538461538344,-0.9677419354838681,-inf,-0.8901098901098803,-1.200000000000017,12,27,2002
2003-01-03,130.15,0.30000000000001137,-0.10000000000000853,-1.5,0.25,-0.29999999999999716,-0.09999999999999432,0.0,-0.6500000000000057,0.09999999999999432,-0.3999999999999915,0.3999999999999915,0.0,0.0,1.089342309224549,0.006249999999999645,0.7292057812638193,-0.045833333333331915,0.5906307619568179,-0.571428571428557,inf,-1.8571428571428688,inf,inf,-0.3333333333333123,-0.9828571428571422,1,3,2003
2003-01-10,128.55,-0.04999999999998295,0.30000000000001137,-0.10000000000000853,0.09999999999999432,0.0,0.0,-0.29999999999999716,-0.3500000000000085,-0.6500000000000057,0.10000000000000853,0.0,2.5999999999999943,-0.14999999999999858,0.9574271077563411,0.08125000000000071,0.7240449374372963,0.004166666666668799,0.5925516215844989,-0.966666666666678,-1.1999999999999318,-inf,-1.099999999999966,-1.0384615384615254,-1.066666666666644,-0.9583333333333477,1,10,2003
2003-01-24,128.0,-1.0,0.0,-0.04999999999998295,0.7000000000000028,0.09999999999999432,-0.29999999999999716,0.0,-0.29999999999999716,0.0,-3.0999999999999943,1.2999999999999972,0.0,0.037500000000004974,0.17969882210707327,0.04375000000000284,0.7218218517849762,0.008333333333336412,0.5919280259278005,-4.333333333333207,-2.111111111111104,9.000000000000568,-2.0,8.999999999999147,-inf,-inf,1,24,2003
2003-01-31,127.7,-0.29999999999999716,-1.0,0.0,-1.5,0.9000000000000057,0.0,-0.19999999999998863,-0.09999999999999432,-0.29999999999999716,0.0,-0.09999999999999432,0.0,-0.1874999999999929,0.5632864872040453,-0.09374999999999645,0.8090724406910186,-0.058333333333331204,0.6587982631391396,5.0000000000019895,-1.4285714285714228,-inf,-1.2999999999999972,-7.000000000000284,-2.0,0.0,1,31,2003
2003-02-07,128.0,-0.25,-0.29999999999999716,-1.0,-0.10000000000000853,0.7000000000000028,0.25,-0.29999999999999716,0.0,-0.09999999999999432,0.5,-0.10000000000000853,1.2999999999999972,-0.337499999999995,0.4607511982259743,-0.2437499999999968,0.7027687589608942,-0.058333333333331204,0.6587982631391396,-inf,-0.8333333333333334,0.25000000000007105,-3.500000000000142,-0.3749999999999867,-inf,-0.9056603773584908,2,7,2003
2003-02-14,128.7,0.0,-0.25,-0.29999999999999716,0.30000000000001137,-1.5,0.09999999999999432,0.0,-0.19999999999998863,0.0,-0.29999999999999716,0.04999999999999716,-0.09999999999999432,-0.3874999999999993,0.42890364108192713,-0.36249999999999716,0.5920605663998584,-0.07916666666666454,0.6607359303813931,-1.0,-1.0,-1.0,-1.0,-1.0,-1.0,-1.0,2,14,2003
2003-02-21,128.4,-0.09999999999999432,0.0,-0.25,-0.04999999999998295,-0.10000000000000853,0.9000000000000057,0.25,-0.29999999999999716,-0.19999999999998863,1.0,-0.3999999999999915,-0.10000000000000853,-0.3874999999999993,0.42890364108192713,-0.17499999999999716,0.3798495942945312,-0.09999999999999787,0.653313234075491,-0.6666666666666825,-1.3333333333333017,-inf,-0.7142857142857375,-1.0499999999999972,-1.1999999999999886,-0.8571428571428659,2,21,2003
2003-02-28,127.8,-0.5000000000000142,-0.09999999999999432,0.0,0.0,0.30000000000001137,0.7000000000000028,0.09999999999999432,0.0,-0.29999999999999716,1.0,0.10000000000000853,0.04999999999999716,-0.16249999999999787,0.13768926368215645,-0.17499999999999538,0.37984959429453163,-0.11666666666666359,0.6502913100132769,1.0000000000000568,9.000000000003695,-3.000000000000057,-inf,-0.83870967741935,-2.2500000000000178,-inf,2,28,2003
2003-03-14,129.35,-0.05000000000001137,0.0,-0.5000000000000142,-0.29999999999999716,0.0,-0.10000000000000853,0.7000000000000028,0.09999999999999432,0.25,-0.6500000000000057,-3.0999999999999943,0.10000000000000853,-0.15000000000000213,0.23804761428477134,-0.2687500000000007,0.3453130050093341,-0.29166666666666546,0.4994694154497275,-0.4999999999998579,-0.9499999999999886,-1.0555555555555678,-0.4999999999998579,-1.1000000000000227,-inf,-inf,3,14,2003
2003-03-21,129.4,-0.04999999999998295,-0.05000000000001137,0.0,-0.25,-1.0,0.30000000000001137,-1.5,0.9000000000000057,0.09999999999999432,-0.3500000000000085,0.0,2.0,-0.16250000000000497,0.22867371223354543,-0.27500000000000213,0.34016802570831073,-0.1708333333333331,0.3257566948543337,-0.900000000000037,-0.8333333333333885,-1.0714285714285467,-inf,-0.8333333333333885,-inf,-1.3333333333332387,3,21,2003
2003-04-04,130.1,0.6999999999999886,0.0,-0.04999999999998295,-0.09999999999999432,-0.25,0.0,0.30000000000001137,-1.5,0.7000000000000028,-0.29999999999999716,-0.29999999999999716,0.0,-0.02499999999999858,0.02886751345949859,-0.11875000000000036,0.17512750457066534,-0.19166666666666524,0.2983540707199187,-14.99999999999659,inf,-7.9999999999992895,-3.3333333333333175,-0.30000000000001137,5.9999999999992895,inf,4,4,2003
2003-04-11,130.5,-0.09999999999999432,0.6999999999999886,0.0,-0.5000000000000142,0.0,-1.0,-0.04999999999998295,-0.10000000000000853,-1.5,-0.09999999999999432,1.0,0.5,0.14999999999999858,0.36742346141747145,-1.7763568394002505e-15,0.32841611235922374,-0.12916666666666762,0.3939648884524179,1.0000000000005684,0.0,-1.3333333333333017,-inf,-2.0,-0.7142857142857375,-0.8333333333333451,4,11,2003
2003-05-23,129.0,-0.44999999999998863,0.0,0.0,-0.09999999999999432,0.0,0.0,-0.09999999999999432,-0.25,-0.29999999999999716,0.09999999999999432,-0.29999999999999716,-0.3500000000000085,0.0,0.0,0.07499999999999929,0.2549509756796425,-1.1842378929335002e-15,0.2619854263816159,-inf,-1.642857142857137,-inf,3.4999999999995026,-inf,-5.500000000000142,-2.7307692307691527,5,23,2003
2003-05-30,129.5,0.5,-0.44999999999998863,0.0,0.0,0.6999999999999886,-0.05000000000001137,-0.5000000000000142,0.0,-0.25,0.9000000000000057,-0.09999999999999432,0.0,-0.11249999999999716,0.22499999999999676,0.01875000000000071,0.31615717158220075,0.004166666666667614,0.25357295286412873,inf,-6.000000000000284,-6.000000000000284,0.6666666666666035,-3.500000000000142,-0.7222222222222218,0.9230769230769904,5,30,2003
2003-06-06,131.35,1.1500000000000057,0.5,-0.44999999999998863,0.0,-0.09999999999999432,-0.04999999999998295,0.0,-0.09999999999999432,0.0,0.7000000000000028,0.0,-0.29999999999999716,0.012500000000002842,0.3881043674064975,-0.006249999999997868,0.2569567779107763,0.04583333333333428,0.2911250382203137,inf,inf,-3.299999999999946,-24.000000000007958,-4.833333333333389,inf,inf,6,6,2003
2003-06-13,131.0,-0.6999999999999886,1.1500000000000057,0.5,0.0,0.0,0.0,-0.05000000000001137,-0.5000000000000142,-0.09999999999999432,-1.5,-0.19999999999998863,-0.09999999999999432,0.30000000000000426,0.6867799259345495,0.15000000000000213,0.4773438413315359,0.1458333333333357,0.42877114754807,0.5555555555555696,-inf,-inf,-inf,-inf,-inf,-inf,6,13,2003
2003-06-20,130.65,-0.4000000000000057,-0.6999999999999886,1.1500000000000057,0.0,0.0,0.6999999999999886,-0.04999999999998295,0.0,-0.5000000000000142,-0.10000000000000853,-0.29999999999999716,0.0,0.1250000000000071,0.8568352622684603,0.06250000000000355,0.5648956920150342,0.09166666666666856,0.4921351132534241,-1.8000000000000114,-inf,6.999999999998295,-0.5999999999999943,-2.6000000000000227,-inf,-inf,6,20,2003
2003-06-27,129.7,0.25,-0.4000000000000057,-0.6999999999999886,0.0,0.0,-0.09999999999999432,0.0,-0.05000000000001137,0.0,0.30000000000001137,0.0,-0.19999999999998863,0.13750000000000284,0.8459462157844319,0.012500000000002842,0.5884301147969933,0.05833333333333476,0.5120517256068581,-0.782608695652175,inf,-6.000000000001705,-1.8333333333333413,1.500000000000142,inf,-1.215517241379311,6,27,2003
2003-07-04,129.6,-0.20000000000001705,0.25,-0.4000000000000057,-0.44999999999998863,0.0,0.0,0.6999999999999886,-0.04999999999998295,-0.05000000000001137,-0.04999999999998295,0.25,-0.29999999999999716,0.07500000000000284,0.8190441583537083,0.04375000000000284,0.5942807777954333,0.020833333333335702,0.47599576646957953,-0.7142857142856853,-inf,-inf,-0.1999999999999318,-1.2222222222222399,-inf,-inf,7,4,2003
2003-07-11,129.5,0.5,-0.20000000000001705,0.25,0.5,0.0,0.0,-0.09999999999999432,0.0,-0.04999999999998295,0.0,0.09999999999999432,0.0,-0.26250000000000284,0.39869579046351983,0.01875000000000071,0.6005577764521466,0.012500000000000474,0.4791683135676506,-2.2499999999999822,-2.111111111111139,-0.28571428571427415,inf,-0.2857142857142886,-0.8076923076923073,inf,7,11,2003
2003-07-18,129.5,-0.09999999999999432,0.5,-0.20000000000001705,1.1500000000000057,-0.44999999999998863,0.0,0.0,0.6999999999999886,0.0,-1.0,0.9000000000000057,0.25,0.037499999999994316,0.4110454151712908,0.08125000000000071,0.6238918747896747,0.05416666666666714,0.49929875067361834,-1.3999999999999773,-1.1999999999999886,0.0,0.0,-0.9333333333333371,-1.2499999999999911,-0.9137931034482805,7,18,2003
2003-07-25,128.15,0.6500000000000057,-0.09999999999999432,0.5,-0.6999999999999886,0.5,0.0,0.0,-0.09999999999999432,0.6999999999999886,-0.29999999999999716,0.7000000000000028,0.09999999999999432,0.11249999999999716,0.32242570203589105,0.125,0.5928141120356165,0.04583333333333428,0.5011161783882234,-4.249999999999751,-0.43478260869565,inf,-2.2999999999999745,-7.499999999999503,inf,-1.7142857142857233,7,25,2003
2003-08-08,130.0,0.30000000000001137,0.0,0.6500000000000057,0.25,-0.6999999999999886,-0.44999999999998863,0.0,0.0,0.0,0.0,-0.10000000000000853,0.7000000000000028,0.26250000000000284,0.3682729965664075,0.0,0.4527692569068755,0.10000000000000142,0.5300085762599365,-4.000000000000284,-1.7500000000000178,inf,-6.999999999998863,-7.000000000002274,-0.76923076923076,-0.5999999999999848,8,8,2003
2003-08-15,129.0,-1.3000000000000114,0.30000000000001137,0.0,-0.20000000000001705,-0.4000000000000057,0.5,0.0,0.0,0.0,-0.09999999999999432,0.30000000000001137,-1.5,0.21250000000000568,0.3375771516754882,0.125,0.36055512754640934,0.12500000000000236,0.5319347191663089,-3.0,-6.2000000000000455,-inf,25.000000000009095,-inf,12.000000000000853,-inf,8,15,2003
2003-08-22,129.0,-2.5999999999999943,-1.3000000000000114,0.30000000000001137,0.5,0.25,1.1500000000000057,-0.44999999999998863,0.0,0.0,-0.5000000000000142,-0.04999999999998295,-0.10000000000000853,-0.08749999999999858,0.8508574106942652,0.01249999999999929,0.6051859218455193,0.05416666666666714,0.6572872394558665,-inf,11.999999999998863,-inf,-inf,1.5999999999999943,24.999999999997726,-inf,8,22,2003
2003-08-29,131.85,1.3499999999999943,-2.5999999999999943,-1.3000000000000114,-0.09999999999999432,-0.20000000000001705,-0.6999999999999886,0.5,0.0,0.0,0.0,0.0,0.30000000000001137,-0.8999999999999986,1.3291601358251284,-0.34375,1.0900319457966126,-0.20416666666666572,0.9907431401210737,3.499999999999811,1.6999999999999886,-4.000000000000063,0.9285714285714517,-5.500000000000024,26.00000000000142,3.500000000000024,8,29,2003
2003-09-05,131.85,4.849999999999994,1.3499999999999943,-2.5999999999999943,0.6500000000000057,0.5,-0.4000000000000057,1.1500000000000057,-0.44999999999998863,0.0,-0.05000000000001137,-1.0,-0.04999999999998295,-0.5625,1.7413476581850809,-0.14999999999999858,1.2458502547027315,-0.1875,1.0169305420099841,-4.730769230769194,-49.5000000000027,8.699999999999989,-49.5000000000027,-20.399999999999977,-13.125000000000245,inf,9,5,2003
2003-09-12,131.15,0.25,4.849999999999994,1.3499999999999943,0.0,-0.09999999999999432,0.25,-0.6999999999999886,0.5,-0.44999999999998863,-0.04999999999998295,-0.29999999999999716,0.0,0.5749999999999957,3.2900101316966563,0.3937500000000007,2.1737783925690297,0.2749999999999986,1.7560932880583615,-1.0961538461538463,-0.6153846153846187,-0.782608695652175,inf,inf,1.4999999999997868,-3.500000000000142,9,12,2003
2003-09-19,130.0,-0.8499999999999943,0.25,4.849999999999994,0.30000000000001137,0.6500000000000057,-0.20000000000001705,-0.4000000000000057,1.1500000000000057,0.5,0.0,-0.25,-1.0,0.9624999999999986,3.0801447476809654,0.4375,2.165929361729047,0.3291666666666657,1.7433586098173357,-1.629629629629628,-inf,0.21428571428572596,-inf,7.500000000000426,-1.4249999999999972,-2.6999999999999886,9,19,2003
2003-09-26,130.05,-0.924999999999983,-0.8499999999999943,0.25,-1.3000000000000114,0.0,0.5,0.25,-0.6999999999999886,1.1500000000000057,0.6999999999999886,0.0,-0.29999999999999716,1.3999999999999986,2.4691429012243593,0.25,2.209395521727281,0.23749999999999952,1.7765038443783054,-1.1907216494845327,-4.08333333333316,1.3124999999999245,-inf,0.8499999999999133,-0.7016129032258114,-3.3124999999999245,9,26,2003
2003-10-03,130.95,0.04999999999998295,-0.924999999999983,-0.8499999999999943,-2.5999999999999943,0.30000000000001137,-0.09999999999999432,-0.20000000000001705,-0.4000000000000057,-0.6999999999999886,-0.09999999999999432,-0.09999999999999432,-0.25,0.8312500000000043,2.7324725524696416,0.13437500000000213,2.2482110944037235,0.1770833333333357,1.8048375126225855,-0.8000000000000682,-1.038461538461525,-0.8000000000000682,inf,inf,inf,-1.499999999999858,10,3,2003
2003-10-10,132.65,0.950000000000017,0.04999999999998295,-0.924999999999983,1.3499999999999943,-1.3000000000000114,0.6500000000000057,0.5,0.25,-0.4000000000000057,0.0,-0.5000000000000142,0.0,-0.3687499999999986,0.6053150006401515,0.10312499999999858,2.247317349164806,0.13958333333333428,1.8021911642287638,-2.117647058823557,-1.3653846153846227,-5.74999999999968,inf,-19.99999999999602,0.9000000000000341,inf,10,10,2003
2003-10-17,135.8,1.450000000000017,0.950000000000017,0.04999999999998295,4.849999999999994,-2.5999999999999943,0.0,-0.09999999999999432,-0.20000000000001705,0.25,0.0,0.0,-0.09999999999999432,-0.19374999999999432,0.881848201222863,0.38437500000000213,2.186604408503216,0.22708333333333522,1.8149461027977094,-2.5675675675676146,0.07407407407409128,1.900000000000034,-4.222222222222341,-30.000000000010232,-5.833333333333436,inf,10,17,2003
2003-10-24,135.5,-0.19999999999998863,1.450000000000017,0.950000000000017,0.25,1.3499999999999943,0.30000000000001137,0.6500000000000057,0.5,-0.20000000000001705,0.0,-0.05000000000001137,-0.5000000000000142,0.3812500000000085,1.045899732287951,0.8906250000000036,1.8379888805430764,0.29375000000000284,1.8463146646520148,-5.000000000001137,-1.0412371134020595,1.0,-1.3999999999999773,-inf,-1.1999999999999886,-inf,10,24,2003
2003-10-31,132.6,-5.849999999999994,-0.19999999999998863,1.450000000000017,-0.8499999999999943,4.849999999999994,-1.3000000000000114,0.0,-0.09999999999999432,0.5,0.0,-0.04999999999998295,0.0,0.5625000000000071,0.7706869230325295,0.6968750000000057,1.8641561428700093,0.2770833333333371,1.850106211119846,-7.157894736841989,-24.399999999999977,-9.999999999999913,-6.086956521739101,-9.357142857142986,-6.849999999999994,-59.499999999994955,10,31,2003
2003-11-07,138.65,-10.349999999999994,-5.849999999999994,-0.19999999999998863,-0.924999999999983,0.25,-2.5999999999999943,0.30000000000001137,0.6500000000000057,-0.09999999999999432,0.0,0.0,-0.05000000000001137,-0.9124999999999872,3.3633750410364143,-0.6406249999999929,2.256021209215148,-0.23541666666666336,2.559129342652346,-8.137931034482671,11.176470588235368,-inf,13.785714285714517,102.50000000000583,-104.50000000000583,28.571428571427834,11,7,2003
2003-11-14,132.4,-0.19999999999998863,-10.349999999999994,-5.849999999999994,0.04999999999998295,-0.8499999999999943,1.3499999999999943,-1.3000000000000114,0.0,0.6500000000000057,-0.44999999999998863,0.6999999999999886,-0.04999999999998295,-3.73749999999999,5.404068683254626,-1.9656249999999922,4.054295286218945,-0.9895833333333286,3.8892254769563106,0.0,-0.7837837837837921,-1.6666666666666035,-0.5000000000000355,-inf,-0.6923076923077125,-0.8666666666666742,11,14,2003
2003-11-21,143.9,-0.19999999999998863,-0.19999999999998863,-10.349999999999994,0.950000000000017,-0.924999999999983,4.849999999999994,-2.5999999999999943,0.30000000000001137,0.0,0.5,-0.09999999999999432,0.0,-4.1499999999999915,4.917146869205084,-1.8843749999999915,4.086234240453814,-0.7895833333333281,3.8604854018476447,-0.9658119658119677,-5.000000000001137,-0.8461538461538562,-1.7999999999999545,-inf,-0.428571428571475,-1.3333333333333097,11,21,2003
2003-11-28,141.5,-2.5,-0.19999999999998863,-0.19999999999998863,1.450000000000017,0.04999999999998295,0.25,1.3499999999999943,-1.3000000000000114,0.30000000000001137,1.1500000000000057,0.0,0.6999999999999886,-4.1499999999999915,4.917146869205084,-1.7937499999999922,4.118463435728012,-0.9187499999999934,3.807963023240066,-0.758454106280193,-3.6315789473683737,-0.038461538461536326,11.499999999998934,-inf,-inf,-inf,11,28,2003
2003-12-05,138.9,0.4000000000000057,-2.5,-0.19999999999998863,-0.19999999999998863,0.950000000000017,-0.8499999999999943,4.849999999999994,-2.5999999999999943,-1.3000000000000114,-0.6999999999999886,0.0,-0.09999999999999432,-3.312499999999993,4.815318438760482,-2.11249999999999,4.053547828754464,-1.531249999999993,3.3605519872620495,-3.000000000000142,-0.7241379310344821,-0.7037037037036982,-0.19999999999998863,inf,-2.333333333333365,-3.0,12,5,2003
2003-12-12,137.2,0.13999999999998636,0.4000000000000057,-2.5,-5.849999999999994,1.450000000000017,-0.924999999999983,0.25,1.3499999999999943,-2.5999999999999943,-0.4000000000000057,0.0,0.0,-0.6249999999999929,1.2816005617976316,-2.1812499999999915,3.9984762722817324,-1.5187499999999925,3.3680505050467184,-1.6999999999999715,-1.6999999999999715,-0.9711340206185595,-2.399999999999943,inf,-2.399999999999943,-1.0666666666666604,12,12,2003
2003-12-19,136.07,-0.6299999999999955,0.13999999999998636,0.4000000000000057,-10.349999999999994,-0.19999999999998863,0.04999999999998295,-0.8499999999999943,4.849999999999994,1.3499999999999943,0.25,0.0,0.0,-0.5399999999999991,1.3295613311665346,-2.3449999999999953,3.8526873737691196,-1.436249999999994,3.3979132132156424,-0.7480000000000018,-0.892307692307693,-3.519999999999982,-1.9692307692307538,0.4000000000000252,-inf,-7.3000000000003125,12,19,2003
2004-01-02,138.9,-0.18500000000000227,0.0,-0.6299999999999955,-0.19999999999998863,-10.349999999999994,1.450000000000017,0.04999999999998295,-0.8499999999999943,0.25,0.5,-0.44999999999998863,0.0,-0.022500000000000853,0.4375976081592076,-1.6674999999999969,3.6210604208475403,-1.415833333333327,3.401089286292457,-2.3214285714287164,-0.074999999999936,-0.7999999999999938,-1.616666666666651,-1.1608695652173924,-0.38333333333331987,-inf,1,2,2004
2004-01-09,138.3,0.05000000000001137,-0.18500000000000227,0.0,-2.5,-0.19999999999998863,-0.19999999999998863,0.950000000000017,-0.924999999999983,-0.8499999999999943,-0.09999999999999432,0.5,0.0,-0.16875000000000284,0.33507150978060923,-0.39687499999999787,0.9008445937801132,-1.5104166666666619,3.344628297280535,-1.079365079365098,-1.250000000000071,5.684341886080801e-13,-1.0384615384615468,-1.071428571428589,inf,inf,1,9,2004
2004-01-16,137.3,-0.6999999999999886,0.05000000000001137,-0.18500000000000227,0.4000000000000057,-0.19999999999998863,-5.849999999999994,1.450000000000017,0.04999999999998295,-0.924999999999983,0.6500000000000057,1.1500000000000057,-0.44999999999998863,-0.1912499999999966,0.30947199657911145,-0.36562499999999787,0.912905242696556,-1.627083333333329,3.2551975630124836,-inf,-0.7200000000000045,-1.7368421052631327,-0.7307692307692346,0.7499999999999467,-3.7999999999999545,-inf,1,16,2004
2004-01-23,136.5,-0.15000000000000568,-0.6999999999999886,0.05000000000001137,0.13999999999998636,-2.5,-10.349999999999994,-0.19999999999998863,0.950000000000017,0.04999999999998295,0.0,-0.6999999999999886,0.5,-0.20874999999999488,0.34274322264146856,-0.42812499999999787,0.9170524891505079,-1.6687499999999957,3.2384270347023256,-0.18918918918916838,-1.3750000000000089,-1.1034482758620716,-1.1111111111111158,-1.6000000000000227,-2.500000000000142,-inf,1,23,2004
2004-01-30,135.0,-0.5,-0.15000000000000568,-0.6999999999999886,-0.6299999999999955,0.4000000000000057,-0.19999999999998863,-5.849999999999994,1.450000000000017,0.950000000000017,0.30000000000001137,-0.4000000000000057,1.1500000000000057,-0.2462499999999963,0.3197231875648987,-0.13437499999999858,0.37440846201517586,-1.1937499999999968,2.976846352189754,-10.999999999997726,-4.571428571428919,1.500000000000142,-1.1030927835051547,1.4999999999997868,-1.555555555555552,-inf,1,30,2004
2004-02-06,134.0,0.0,-0.5,-0.15000000000000568,0.0,0.13999999999998636,-0.19999999999998863,-10.349999999999994,-0.19999999999998863,1.450000000000017,-1.3000000000000114,0.25,-0.6999999999999886,-0.32499999999999574,0.3378855822118789,-0.2468749999999993,0.322522839722793,-0.37291666666666384,0.7408179089644231,-1.0,-1.0,-1.0,-1.0,-1.0,-1.0,-1.0,2,6,2004
2004-02-13,136.155,1.1550000000000011,0.0,-0.5,-0.18500000000000227,-0.6299999999999955,-2.5,-0.19999999999998863,-5.849999999999994,-0.19999999999998863,-2.5999999999999943,-0.20000000000001705,-0.4000000000000057,-0.3374999999999986,0.3198306843732439,-0.2643749999999976,0.30165540297308785,-0.3562499999999981,0.7472833374053192,-8.699999999999715,inf,-1.1115942028985508,-2.358823529411775,-12.550000000000669,-1.770000000000001,1.8875000000000646,2,13,2004
2004-02-20,136.35,-0.09999999999999432,1.1550000000000011,0.0,0.05000000000001137,0.0,0.4000000000000057,-0.19999999999998863,-10.349999999999994,-5.849999999999994,1.3499999999999943,0.5,0.25,0.12624999999999886,0.7171166223146667,-0.04124999999999801,0.5502775273830978,-0.2433333333333323,0.8659842884710921,-0.8000000000000114,-0.45945945945949684,-0.5,-0.8918918918918961,-1.1538461538461438,-1.4210854715202004e-13,-inf,2,20,2004
2004-02-27,135.4,-0.4000000000000057,-0.09999999999999432,1.1550000000000011,-0.6999999999999886,-0.18500000000000227,0.13999999999998636,-2.5,-0.19999999999998863,-10.349999999999994,4.849999999999994,-0.09999999999999432,-0.20000000000001705,0.1387500000000017,0.7111068250738851,-0.0537499999999973,0.5503424258716427,-0.043333333333331815,0.4951782660330632,-inf,-8.999999999998295,1.000000000000142,-9.000000000002842,-inf,-2.333333333333302,-inf,2,27,2004
2004-03-05,133.0,0.0,-0.4000000000000057,-0.09999999999999432,-0.15000000000000568,0.05000000000001137,-0.6299999999999955,0.4000000000000057,-0.19999999999998863,-0.19999999999998863,0.25,0.6500000000000057,0.5,0.16375000000000028,0.6823412513789049,-0.08062499999999773,0.5627765193345269,-0.10999999999999943,0.48378714327687106,-1.0,-1.0,-1.0,-1.0,-1.0,-1.0,-1.0,3,5,2004
2004-03-19,132.0,0.0,0.0,0.0,0.0,-0.15000000000000568,-0.18500000000000227,-0.6299999999999955,0.4000000000000057,-2.5,-0.924999999999983,0.30000000000001137,0.6500000000000057,-0.125,0.18929694485999762,0.0006249999999994316,0.50377459174289,-0.06916666666666534,0.45184889536483436,-1.0,-1.0,-1.0,-1.0,-1.0,-1.0,-1.0,3,19,2004
2004-03-26,131.0,-1.5,0.0,0.0,1.1550000000000011,-0.5,0.05000000000001137,0.0,0.13999999999998636,0.4000000000000057,0.04999999999998295,-1.3000000000000114,0.0,-0.10000000000000142,0.19999999999998913,0.019375000000000142,0.5001459608382918,-0.06916666666666534,0.45184889536483436,-inf,-inf,1.3809523809523983,-0.7435897435897434,-2.111111111111116,4.000000000000047,-31.000000000001705,3,26,2004
2004-04-16,135.5,3.0,0.0,0.0,0.0,-0.09999999999999432,-0.5,-0.6999999999999886,-0.18500000000000227,0.0,-0.19999999999998863,4.849999999999994,-2.5999999999999943,-0.375,0.7499999999999962,-0.25,0.5237229365663822,-0.12458333333333371,0.590860152402383,-3.0,-8.499999999999893,58.99999999998636,-16.000000000000853,-4.529411764705905,-31.000000000001705,0.5,4,16,2004
2004-04-23,131.25,-0.25,3.0,0.0,0.0,-0.4000000000000057,0.0,-0.15000000000000568,0.05000000000001137,-0.18500000000000227,-5.849999999999994,0.25,1.3499999999999943,0.375,1.887458608817686,0.1374999999999993,1.2682242929162248,0.13791666666666677,1.0776984279078956,-inf,-inf,-0.642857142857137,-0.9,-0.7297297297297247,-0.5000000000000142,-0.9193548387096773,4,23,2004
2004-05-07,131.4,-2.5999999999999943,0.0,-0.25,-1.5,0.0,-0.09999999999999432,0.0,-0.15000000000000568,-0.6999999999999886,-0.19999999999998863,-0.924999999999983,0.25,0.6875,1.5461646096066208,0.15625,1.260226028479472,0.15875000000000009,1.0666049046986756,-1.866666666666665,-inf,4.199999999999989,-19.571428571430342,-3.736842105263103,50.99999999998806,-6.199999999999989,5,7,2004
2004-05-28,130.5,-2.6999999999999886,0.0,0.0,3.0,0.0,0.0,-0.4000000000000057,1.1550000000000011,0.0,0.4000000000000057,1.450000000000017,0.04999999999998295,-0.6499999999999986,1.2999999999999947,0.01875000000000071,1.5033147897705432,-0.11249999999999953,1.2763807140789623,0.038461538461536326,-inf,26.00000000000142,13.594594594594353,-0.5384615384615399,-4.857142857142904,-3.6999999999999886,5,28,2004
2004-06-04,131.25,0.75,-2.6999999999999886,0.0,-0.25,0.0,0.0,0.0,-0.09999999999999432,1.1550000000000011,0.13999999999998636,-0.19999999999998863,0.950000000000017,-1.3249999999999957,1.5305227865013897,-0.31874999999999787,1.784844430995915,-0.3374999999999986,1.4769632542976292,inf,-0.75,-2.8749999999999734,13.99999999999659,-1.0724637681159421,-8.500000000000426,6.500000000000426,6,4,2004
2004-06-11,131.2,0.6999999999999886,0.75,-2.6999999999999886,0.0,3.0,-1.5,0.0,-0.4000000000000057,-0.09999999999999432,-0.6299999999999955,-5.849999999999994,1.450000000000017,-0.48749999999999716,1.5167811312117438,-0.22499999999999787,1.8232623821835687,-0.2749999999999986,1.5080842754362802,inf,-3.7999999999999545,inf,-2.0,-4.500000000000142,inf,-2.07692307692305,6,11,2004
2004-06-25,133.25,2.75,0.0,0.6999999999999886,0.0,0.0,0.0,-1.5,0.0,0.0,-0.18500000000000227,-0.19999999999998863,-5.849999999999994,-0.3125,1.628074015516484,-0.4812499999999993,1.3757952245883052,-0.09166666666666619,1.479071166357962,2.6666666666666665,-2.05769230769231,inf,-6.5,-2.1,inf,inf,6,25,2004
2004-07-02,133.15,1.6500000000000057,2.75,0.0,0.0,-2.5999999999999943,3.0,0.0,0.0,0.0,0.05000000000001137,-0.19999999999998863,-10.349999999999994,1.0499999999999972,1.1839200423452012,-0.1374999999999993,1.7933906434460911,0.13750000000000048,1.6922450123484392,1.3571428571429034,inf,-2.100000000000004,inf,3.1249999999999556,inf,-6.500000000000071,7,2,2004
2004-07-09,134.4,-1.1999999999999886,1.6500000000000057,2.75,-2.6999999999999886,0.0,-0.25,0.0,-1.5,0.0,-0.6999999999999886,-2.5,-0.19999999999998863,1.2749999999999986,1.1933845426628695,0.3937500000000007,1.5760342409260717,0.27500000000000097,1.7462297047691553,-inf,-inf,-inf,-2.038961038961028,-9.571428571429326,-inf,11.000000000000568,7,9,2004
2004-07-16,133.0,-0.25,-1.1999999999999886,1.6500000000000057,0.75,0.0,0.0,3.0,0.0,-1.5,-0.15000000000000568,0.4000000000000057,-0.19999999999998863,0.8000000000000043,1.7478558292948483,0.24375000000000213,1.672986529704114,-0.07499999999999811,1.5615406145563675,-1.0909090909090908,-0.907407407407407,-inf,1.500000000000142,-0.6031746031746004,-0.44444444444443043,-inf,7,16,2004
2004-07-23,131.5,-1.5999999999999943,-0.25,-1.1999999999999886,0.6999999999999886,-2.6999999999999886,-2.5999999999999943,-0.25,0.0,0.0,-0.5,0.13999999999998636,-2.5,0.7375000000000043,1.7899604278679784,0.21250000000000213,1.680508001426095,-0.07499999999999811,1.5615406145563675,-1.969696969696963,-3.1333333333333258,-1.5333333333333314,2.999999999999929,-inf,-4.199999999999989,7.000000000000426,7,23,2004
2004-08-13,130.5,-1.0,0.0,0.0,1.6500000000000057,0.0,-2.6999999999999886,0.0,0.0,-0.25,-0.09999999999999432,-0.18500000000000227,-0.6299999999999955,-0.4624999999999986,0.7674362079895127,0.16875000000000284,1.4202458288217952,0.008333333333335228,1.4361934114705799,-0.3749999999999978,-1.3636363636363638,-0.6153846153846145,-inf,0.4285714285714517,1.4999999999999645,-5.0,8,13,2004
2004-08-20,131.25,1.0,-1.0,0.0,-1.1999999999999886,2.75,0.75,0.0,-2.5999999999999943,0.0,-0.4000000000000057,0.05000000000001137,0.0,-0.6499999999999986,0.7895146188217944,0.04375000000000284,1.4799704388939647,-0.07499999999999811,1.4654350889752803,inf,-0.39393939393939603,inf,-1.6666666666666665,-7.666666666666414,3.0,9.000000000000568,8,20,2004
2004-08-27,131.25,1.0,1.0,-1.0,-0.25,1.6500000000000057,0.6999999999999886,-2.6999999999999886,0.0,-2.5999999999999943,0.0,-0.6999999999999886,-0.18500000000000227,0.0,0.816496580927722,-0.17499999999999716,1.104536101718724,0.23333333333333428,1.2338655690245335,inf,-1.8333333333333413,inf,inf,-3.0,-5.999999999999574,0.11111111111110406,8,27,2004
2004-09-03,131.25,1.0,1.0,1.0,-1.5999999999999943,-1.1999999999999886,0.0,0.75,0.0,0.0,0.0,-0.15000000000000568,0.05000000000001137,0.25,0.9574271077563348,-0.25624999999999787,0.9663767011737306,0.2541666666666676,1.2454386473216643,-2.0,-5.0,-1.370370370370372,inf,inf,1.0,0.42857142857142283,9,3,2004
2004-09-10,132.5,0.0,1.0,1.0,0.0,-0.25,2.75,0.6999999999999886,-2.6999999999999886,0.0,0.0,-0.5,-0.6999999999999886,0.5,0.9999999999999967,0.01875000000000071,0.972455470886528,0.27916666666666856,1.2581476884931275,-1.0,-1.0,-1.0,-1.0,-1.0,-1.0,-1.0,9,10,2004
2004-09-24,132.25,-0.8499999999999943,0.0,0.0,-1.0,0.0,-1.1999999999999886,2.75,0.6999999999999886,0.75,0.0,1.1550000000000011,-0.5,0.5,0.57735026918962,0.25,0.7071067811865465,0.0500000000000019,0.9888009267427226,-1.8499999999999943,-inf,-inf,-inf,1.1249999999999556,-inf,-3.833333333333207,9,24,2004
2004-10-08,130.25,-1.0,0.0,-0.8499999999999943,1.0,-1.0,-1.5999999999999943,-1.1999999999999886,2.75,0.0,3.0,-0.4000000000000057,1.1550000000000011,-0.21249999999999858,0.42499999999998944,0.1437500000000007,0.8068623090182628,-0.058333333333332384,0.8148712484283304,-inf,-2.0,-1.606060606060604,-inf,-inf,-0.2307692307692375,-inf,10,8,2004
2004-10-29,130.25,-2.6500000000000057,0.0,0.0,0.0,1.0,-1.0,0.0,-0.25,-1.1999999999999886,-2.5999999999999943,0.0,0.0,-0.25,0.49999999999999334,-0.10624999999999929,0.6132102296229923,0.012500000000000474,0.7211496503374415,1.6500000000000057,-inf,0.6562500000000095,-4.53333333333334,-inf,-1.5463917525773214,9.600000000000023,10,29,2004
2004-11-05,131.75,1.0,-2.6500000000000057,0.0,-0.8499999999999943,0.0,1.0,0.0,-1.5999999999999943,-0.25,0.0,-1.5,0.0,-0.9125000000000014,1.2505831972857038,-0.5625,0.9421669551775699,-0.20833333333333334,1.054176398326142,inf,inf,inf,0.4285714285714517,inf,3.0,inf,11,5,2004
2004-11-12,131.6,-1.0999999999999943,1.0,-2.6500000000000057,0.0,0.0,1.0,-1.0,0.0,-1.5999999999999943,0.0,0.0,0.0,-0.4125000000000014,1.564382199677134,-0.4375,1.0832325960489089,-0.041666666666666664,1.0755196066285462,-inf,0.2941176470588256,-inf,-inf,-1.3666666666666647,0.2941176470588256,10.000000000000568,11,12,2004
2004-11-19,130.25,-0.5,-1.0999999999999943,1.0,-1.0,-0.8499999999999943,1.0,1.0,0.0,0.0,-2.6999999999999886,0.0,-1.5,-0.6875,1.5643821996771332,-0.5749999999999993,1.0895608551810485,-0.2166666666666662,1.0613741807275832,-0.8113207547169815,-inf,-0.5,-1.1818181818181819,1.0,-0.45945945945944955,-2.842170943040401e-14,11,19,2004
2004-11-26,131.6,-1.1500000000000057,-0.5,-1.0999999999999943,0.0,0.0,0.0,1.0,-1.0,0.0,0.75,3.0,0.0,-0.8125,1.5101738310538952,-0.53125,1.083953577023877,-0.3416666666666662,0.9910585097243082,-2.1500000000000057,0.15000000000000568,-2.1500000000000057,-1.6969696969696981,-inf,-24.000000000007958,-inf,11,26,2004
2004-12-03,132.0,-0.05000000000001137,-1.1500000000000057,-0.5,0.0,-1.0,0.0,1.0,1.0,-1.0,0.6999999999999886,-0.25,0.0,-0.4375,1.0028085560065756,-0.6750000000000007,1.0796824930109257,-0.5208333333333334,0.9181152466115587,-0.9545454545454439,-inf,-1.0500000000000114,-0.9583333333333235,-0.9807692307692264,-1.0526315789473795,0.0,12,3,2004
2004-12-10,132.5,1.5,-0.05000000000001137,-1.1500000000000057,-2.6500000000000057,0.0,-0.8499999999999943,0.0,1.0,1.0,0.0,0.0,3.0,-0.7000000000000028,0.5244044240850647,-0.5562500000000021,1.0910144362014649,-0.5250000000000009,0.9156468155949035,-4.0,inf,0.5,-7.0,inf,0.03448275862067751,-31.000000000010232,12,10,2004
2004-12-17,130.25,-1.0,1.5,-0.05000000000001137,1.0,0.0,0.0,0.0,1.0,1.0,2.75,-2.5999999999999943,-0.25,-0.05000000000000426,1.1276819882691502,-0.36875000000000213,1.3076526133277364,-0.40000000000000097,1.081245073556826,-0.1304347826086999,-0.622641509433963,-inf,-0.3749999999999978,-inf,4.000000000000284,-inf,12,17,2004
2004-12-24,133.2,2.9499999999999886,-1.0,1.5,-1.0999999999999943,-2.6500000000000057,-1.0,-0.8499999999999943,0.0,1.0,1.6500000000000057,0.0,0.0,-0.17500000000000426,1.2182637919049646,-0.49375000000000213,1.3151418989165067,-0.4125000000000014,1.0877677308891056,-59.99999999998636,1.9499999999999886,inf,inf,-2.092592592592593,-1.504273504273503,3.214285714285767,12,24,2004
2004-12-31,130.5,-0.09999999999999432,2.9499999999999886,-1.0,-0.5,1.0,0.0,0.0,0.0,0.0,-1.1999999999999886,0.0,-2.5999999999999943,0.8499999999999943,1.7382941830043184,0.20624999999999716,1.4831042492979731,-0.16666666666666904,1.4593481317687573,-1.0666666666666629,-0.9090909090909138,-0.8823529411764764,-inf,-1.1333333333333258,-0.9903381642512082,0.0,12,31,2004
2005-01-07,131.25,1.0,-0.09999999999999432,2.9499999999999886,-1.1500000000000057,-1.0999999999999943,0.0,-1.0,-0.8499999999999943,0.0,-0.25,-2.6999999999999886,0.0,0.8374999999999986,1.7470808987183852,0.06874999999999787,1.44961509669685,-0.09166666666666856,1.4355602855099212,-2.0,-3.0,inf,-2.0,0.4285714285714517,-6.000000000000284,inf,1,7,2005
2005-01-21,130.5,0.25,0.0,1.0,1.5,-1.1500000000000057,1.0,0.0,-1.0,0.0,0.0,0.6999999999999886,-2.6999999999999886,0.9624999999999986,1.4150235569299336,0.39374999999999716,1.365241344441129,-0.008333333333335228,1.4699773240881395,-3.500000000000142,-5.999999999998863,inf,-0.75,-0.9090909090909091,-1.1,inf,1,21,2005
2005-01-28,130.5,0.5,0.25,0.0,-1.0,-0.05000000000001137,-1.0999999999999943,-2.6500000000000057,0.0,-1.0,0.0,0.0,0.75,0.2875000000000014,0.4972842915945152,0.5687499999999979,1.2212223092342442,0.23333333333333192,1.2119355918479624,-0.5,-0.6666666666666667,inf,-0.5,-0.696969696969698,0.24999999999998224,inf,1,28,2005
2005-02-04,131.5,0.09999999999999432,0.5,0.25,2.9499999999999886,1.5,-0.5,1.0,0.0,0.0,-1.0,2.75,0.6999999999999886,0.4375,0.4269562819149758,0.6374999999999993,1.1966471015776852,0.19166666666666524,1.1916057411846563,inf,-1.0999999999999943,-1.0377358490566015,inf,-1.0833333333333295,-0.2857142857142567,inf,2,4,2005
2005-02-18,130.5,-1.9000000000000057,0.0,0.09999999999999432,1.0,2.9499999999999886,-0.05000000000001137,-0.5,1.0,-2.6500000000000057,1.0,-1.1999999999999886,2.75,0.21249999999999858,0.21746647251165116,0.5874999999999986,1.019366049492101,0.333333333333331,1.09862172605938,-4.800000000000011,18.000000000001137,0.7272727272727413,1.2352941176470806,0.18750000000000777,-inf,-4.800000000000011,2,18,2005
2005-02-25,130.0,-1.0,-1.9000000000000057,0.0,0.0,-0.09999999999999432,1.5,-1.1500000000000057,-1.0999999999999943,1.0,1.0,-0.25,1.6500000000000057,-0.32500000000000284,1.0719919153923991,-0.01875000000000071,0.8400414530588021,0.270833333333331,1.2066969065355304,-11.000000000000568,-2.0,1.0,-inf,-inf,4.405405405405339,-1.8695652173913002,2,25,2005
2005-03-04,130.25,-2.5,-1.0,-1.9000000000000057,0.25,1.0,-1.0,-0.05000000000001137,-0.5,-1.0999999999999943,0.0,-1.5999999999999943,-1.1999999999999886,-0.7000000000000028,0.9416297927883662,-0.13125000000000142,0.9098420192538924,0.19166666666666524,1.2596596461911518,-inf,-inf,1.17391304347825,1.5,-inf,-50.99999999998863,2.5714285714286294,3,4,2005
2005-03-11,132.77,2.2700000000000102,-2.5,-1.0,0.5,0.0,2.9499999999999886,1.5,-1.1500000000000057,-0.5,0.0,0.0,-0.25,-1.3500000000000014,1.0908712114635692,-0.5687500000000014,1.108067010609015,-0.14166666666666808,1.4030540282044015,-2.194736842105265,8.080000000000041,-46.39999999998988,inf,-3.2700000000000102,-4.2428571428572095,-6.674999999999945,3,11,2005
2005-03-25,131.1,0.0,0.0,2.2700000000000102,0.0,0.5,1.0,2.9499999999999886,1.5,-0.05000000000001137,0.0,-1.0,0.0,-0.30749999999999744,2.0020551940443627,-0.31625000000000014,1.486740802657182,-0.11499999999999962,1.2499709087523898,-1.0,-1.0,-1.0,-1.0,-1.0,-1.0,-1.0,3,25,2005
2005-04-01,131.25,0.9499999999999886,0.0,0.0,-1.9000000000000057,0.09999999999999432,0.0,-0.09999999999999432,-1.0,1.5,-1.0,1.0,0.0,-0.05749999999999744,1.9484759001161247,-0.37875000000000014,1.4577520610270385,-0.10666666666666676,1.2504132650181443,-0.5814977973568352,inf,-0.6779661016949179,-0.05000000000001137,-0.05000000000001137,inf,0.8999999999999773,4,1,2005
2005-04-15,130.25,-0.25,0.0,0.9499999999999886,-2.5,-1.9000000000000057,0.5,0.0,-0.09999999999999432,2.9499999999999886,0.0,1.0,1.0,0.23749999999999716,0.47499999999998777,-0.27250000000000085,1.5269647764671692,-0.11083333333333438,1.2464674326295337,-inf,-0.75,-1.25,-0.5,-inf,1.500000000000142,-1.3846153846153813,4,15,2005
2005-04-29,130.25,-2.5,0.0,-0.25,0.0,-2.5,0.0,0.5,0.0,1.0,1.0,0.0,1.0,0.17499999999999716,0.5299371031861434,0.05874999999999986,1.3277417724413567,-0.1941666666666677,1.2260613831091474,-inf,-2.1013215859030785,-11.0,48.99999999998863,-inf,-inf,-9.333333333333018,4,29,2005
2005-05-13,130.25,-2.5999999999999943,0.0,-2.5,0.9499999999999886,0.0,-1.0,0.0,0.5,0.25,-0.5,0.0,0.0,-0.6875,1.214066857027786,-0.22500000000000142,0.9863352081605608,-0.4108333333333339,1.3883440648572105,-inf,-inf,-27.00000000000142,1.5999999999999943,-inf,-inf,0.0,5,13,2005
2005-05-20,133.15,0.6500000000000057,-2.5999999999999943,0.0,0.0,0.0,-2.5,-1.9000000000000057,0.09999999999999432,0.5,-1.1500000000000057,-1.0,-0.8499999999999943,-1.2749999999999986,1.4728091073410208,-0.5500000000000007,1.284801263119816,-0.4691666666666663,1.4689666023391663,-1.2600000000000022,-0.3157894736841964,inf,-0.7796610169491498,inf,-1.4333333333333371,-0.5185185185185123,5,20,2005
2005-06-03,130.25,-0.25,0.0,0.6500000000000057,0.0,0.0,0.0,-2.5,-1.9000000000000057,0.0,1.5,0.0,-1.0,-0.48749999999999716,1.4412812586954207,-0.5874999999999986,1.2383024094068675,-0.12333333333333248,1.326919421636125,-0.9038461538461536,0.0,-0.75,-1.25,-1.25,-inf,-2.0,6,3,2005
2005-06-10,130.5,0.25,-0.25,0.0,-2.5,-0.25,0.0,2.2700000000000102,-1.0,-1.9000000000000057,-1.0,-2.6500000000000057,0.0,-0.5499999999999972,1.418332354092882,-0.6187499999999986,1.2244350008998304,-0.3333333333333333,1.092397973878259,-0.6153846153846187,inf,-1.1,inf,-1.2272727272727284,-0.9166666666666666,-1.2941176470588256,6,10,2005
2005-06-17,134.0,3.0,0.25,-0.25,0.0,0.0,0.9499999999999886,0.0,-2.5,-1.0,2.9499999999999886,1.0,0.0,0.16250000000000142,0.3837859646556418,-0.5562499999999986,1.2582406935309076,-0.3125,1.101677440006,inf,-2.2,0.3215859030836945,11.0,-7.0,-13.0,-4.2432432432433025,6,17,2005
2005-06-24,131.5,-0.19999999999998863,3.0,0.25,-2.5999999999999943,-2.5,0.0,0.0,2.2700000000000102,-2.5,-0.09999999999999432,-1.0999999999999943,-2.6500000000000057,0.75,1.5138251770487436,-0.18124999999999858,1.7846443223070674,-0.0625,1.460872248785882,-0.20000000000004547,-inf,-inf,-1.3999999999999773,-0.8260869565217499,-inf,-5.000000000001137,6,24,2005
2005-07-01,131.5,0.4000000000000057,-0.19999999999998863,3.0,0.6500000000000057,0.0,-0.25,0.9499999999999886,0.0,2.2700000000000102,1.0,-0.5,1.0,0.7000000000000028,1.549731159481106,0.10625000000000284,1.5239604184961137,-0.15833333333333144,1.4257108806316623,0.6000000000000227,-1.1538461538461564,inf,3.000000000000284,-8.999999999998295,-1.1538461538461564,-0.5789473684210542,7,1,2005
2005-07-08,131.75,-2.25,0.4000000000000057,-0.19999999999998863,0.0,-2.5999999999999943,0.0,0.0,0.0,0.0,0.0,-1.1500000000000057,-1.0999999999999943,0.8625000000000043,1.447627369180337,0.15625000000000355,1.5265361115938245,-0.12499999999999763,1.4343988287781035,-1.75,-4.4615384615384315,-3.368421052631607,-inf,-2.5,-inf,-2.551724137931016,7,8,2005
2005-07-22,132.5,-1.25,0.0,-2.25,0.25,0.0,0.0,0.0,0.0,0.9499999999999886,0.5,1.5,-1.1500000000000057,-0.5124999999999957,1.184887477076761,0.11875000000000213,1.4280199828533802,-0.2916666666666643,1.560861261864063,-4.124999999999956,4.0,4.0,0.25,-1.4237288135593236,-0.5370370370370351,-0.7863247863247861,7,22,2005
2005-07-29,136.0,3.5,-1.25,0.0,3.0,-0.25,-2.5999999999999943,-2.5,-0.25,0.0,0.09999999999999432,-1.0,-0.05000000000001137,-0.7749999999999986,1.2086493839543917,-0.03749999999999787,1.5089613267788817,-0.18749999999999764,1.436872392638702,-2.5555555555555554,13.0,inf,-2.4,-36.00000000000199,3.666666666666667,-1.3381642512077296,7,29,2005
2005-08-19,135.5,-0.30000000000001137,0.0,0.0,-2.25,-0.19999999999998863,-0.25,0.6500000000000057,0.0,-2.5,-1.0,1.0,2.9499999999999886,0.5625,2.0450651986346693,0.02500000000000213,1.650541036837834,0.2666666666666681,1.5767246449715318,-1.085714285714289,-1.7500000000000178,-0.88461538461538,-inf,-2.2000000000000455,-1.1090909090909131,-0.8799999999999955,8,19,2005
2005-08-26,131.05,0.05000000000001137,-0.30000000000001137,0.0,0.0,0.4000000000000057,0.25,0.0,-2.5999999999999943,0.0,-2.5,0.0,-0.09999999999999432,0.7999999999999972,1.8055470085267793,0.01249999999999929,1.652865477198397,0.24166666666666714,1.5837001170063916,inf,-1.0222222222222273,-0.9230769230769063,-0.947368421052619,-0.8999999999999773,-0.969696969696963,-0.8749999999999734,8,26,2005
2005-09-02,133.6,3.3499999999999943,0.05000000000001137,-0.30000000000001137,-1.25,-2.25,3.0,-0.25,0.6500000000000057,-2.5999999999999943,2.2700000000000102,0.25,1.0,-0.0625,0.16007810593580682,-0.03125,1.6457602455139948,0.2666666666666681,1.5775892617496725,inf,inf,inf,inf,32.50000000000185,-3.7916666666666883,22.92857142857372,9,2,2005
2005-09-16,130.3,0.30000000000001137,0.0,3.3499999999999943,0.0,-1.25,0.4000000000000057,3.0,-0.25,0.0,0.0,0.09999999999999432,0.25,0.7749999999999986,1.7236105515264517,0.6687499999999993,1.754573106403458,0.27500000000000097,1.6371399673599283,4.999999999998863,-0.914285714285711,0.20000000000004547,inf,-1.1578947368421109,-1.1875000000000078,inf,9,16,2005
2005-09-23,132.15,0.30000000000001137,0.30000000000001137,0.0,0.0,3.5,-2.25,-0.19999999999998863,0.25,-0.25,0.9499999999999886,0.0,0.5,0.9250000000000043,1.621984381346906,0.8625000000000007,1.5903166800537356,0.3166666666666676,1.6303002140338396,-0.9104477611940263,inf,-0.8999999999999962,-1.1200000000000045,-1.3000000000000114,inf,-2.6216216216216632,9,23,2005
2005-10-07,128.5,0.0,0.0,0.30000000000001137,0.05000000000001137,0.0,-1.25,-2.25,-0.19999999999998863,3.0,-0.25,-1.0,0.0,0.15000000000000568,0.17320508075687333,0.46250000000000213,1.182234567007988,0.49583333333333474,1.425651100587397,-1.0,-1.0,-1.0,-1.0,-1.0,-1.0,-1.0,10,7,2005
2005-10-14,128.5,-0.4000000000000057,0.0,0.0,3.3499999999999943,-0.30000000000001137,3.5,0.0,0.4000000000000057,-0.19999999999998863,0.0,-2.5,-1.9000000000000057,0.15000000000000568,0.17320508075687333,0.46250000000000213,1.182234567007988,0.49583333333333474,1.425651100587397,-2.333333333333302,-8.999999999998295,-0.8222222222222197,-1.6153846153846187,-inf,-1.4000000000000057,1.6666666666666035,10,14,2005
2005-10-21,130.75,0.05000000000001137,-0.4000000000000057,0.0,0.0,0.05000000000001137,0.0,-1.25,-2.25,0.4000000000000057,-2.5,2.2700000000000102,-1.0,-0.02499999999999858,0.2872281323268956,0.45000000000000284,1.1919371987291434,0.5666666666666677,1.3501402845181625,inf,-0.9850746268656683,inf,inf,inf,-0.9499999999999886,-1.1000000000000227,10,21,2005
2005-10-28,129.5,0.5,0.05000000000001137,-0.4000000000000057,0.30000000000001137,3.3499999999999943,0.0,3.5,0.0,-2.25,0.0,0.0,-2.5,-0.08749999999999858,0.20966242709014007,0.45000000000000284,1.1919371987291434,0.27916666666666856,0.9872962006808209,inf,inf,-1.4,-3.0,-0.4736842105263095,-0.5,inf,10,28,2005
2005-11-04,130.85,2.049999999999983,0.5,0.05000000000001137,0.30000000000001137,0.0,-0.30000000000001137,0.0,-1.25,0.0,-2.5999999999999943,0.0,2.2700000000000102,0.03750000000000142,0.3682729965663984,0.09375000000000355,0.2731267366731313,0.32083333333333525,0.9849915397267782,-6.1249999999998845,5.833333333333018,-0.41428571428571914,7.199999999999932,inf,inf,0.7748917748917583,11,4,2005
2005-11-11,129.25,-1.25,2.049999999999983,0.5,0.0,0.30000000000001137,0.05000000000001137,0.0,3.5,-1.25,0.6500000000000057,0.9499999999999886,0.0,0.5499999999999972,1.0653637876331143,0.3500000000000014,0.7382411530116628,0.49166666666666714,1.0958254118851798,-25.999999999994316,-5.166666666666509,-inf,-1.4166666666666667,4.0,-inf,11.50000000000071,11,11,2005
2005-11-18,130.55,1.3000000000000114,-1.25,2.049999999999983,0.0,0.30000000000001137,3.3499999999999943,-0.30000000000001137,0.0,3.5,0.0,0.0,0.0,0.3374999999999986,1.3616013856240397,0.15625,0.9313728346601304,0.4125000000000014,1.1886059443352452,1.6000000000000227,inf,inf,-7.500000000000426,inf,-2.5294117647059062,-4.249999999999982,11,18,2005
2005-11-25,129.5,-0.6500000000000057,1.3000000000000114,-1.25,-0.4000000000000057,0.0,0.0,0.05000000000001137,0.0,0.0,-0.25,-0.25,0.9499999999999886,0.6499999999999986,1.415980225850623,0.28125,1.0166251943141476,0.516666666666668,1.2085553610017425,-1.3170731707317127,-inf,1.1666666666666035,-2.624999999999991,-0.7399999999999978,-inf,-inf,11,25,2005
2005-12-02,128.5,-0.5,-0.6500000000000057,1.3000000000000114,0.05000000000001137,0.0,0.30000000000001137,3.3499999999999943,-0.30000000000001137,0.0,0.25,0.0,0.0,0.36249999999999716,1.565447220445322,0.1999999999999993,1.067038625623001,0.18333333333333476,0.856348838577673,-0.6,0.24999999999998224,-10.999999999997726,-0.7777777777777778,-inf,-0.5,-inf,12,2,2005
2005-12-09,129.15,0.6500000000000057,-0.5,-0.6500000000000057,0.5,-0.4000000000000057,0.30000000000001137,0.0,0.05000000000001137,-0.30000000000001137,3.0,-2.5,-0.25,-0.2749999999999986,1.0988630487917983,0.1374999999999993,1.0947113122384602,0.14166666666666808,0.8779711460710593,-0.5,11.999999999997158,-0.8059701492537293,inf,-1.2500000000000027,inf,inf,12,9,2005
2005-12-16,128.0,0.75,0.6500000000000057,-0.5,2.049999999999983,0.05000000000001137,0.0,0.30000000000001137,3.3499999999999943,0.05000000000001137,-0.19999999999998863,0.0,0.0,0.20000000000000284,0.9354143466934887,0.2687500000000007,1.0839535770238737,0.17083333333333428,0.8894478198536554,-2.1538461538461435,0.5,inf,-1.6,0.15384615384614375,inf,-1.5,12,16,2005
2005-12-30,130.2,1.6999999999999886,0.0,0.75,1.3000000000000114,2.049999999999983,-0.4000000000000057,0.0,0.30000000000001137,0.0,-2.25,0.6500000000000057,0.0,0.22500000000000142,0.5866571968932633,0.2937499999999993,1.096890898338179,0.20833333333333334,0.9047433923829465,1.615384615384575,-2.359999999999991,4.666666666666414,inf,-7.7999999999999545,0.6999999999999886,inf,12,30,2005
2006-01-20,129.5,0.75,0.0,0.0,0.6500000000000057,-0.6500000000000057,2.049999999999983,0.05000000000001137,0.0,0.0,3.5,0.25,0.0,0.42499999999999716,0.8499999999999902,0.24374999999999858,0.7627195234347726,0.37916666666666526,0.9782773201661731,-0.5588235294117618,-2.5,-2.8749999999999734,13.99999999999659,-4.750000000000213,-1.652173913043475,inf,1,20,2006
2006-01-27,128.7,1.1999999999999886,0.75,0.0,0.75,-0.5,-1.25,0.5,-0.4000000000000057,0.0,0.0,3.0,-0.25,0.6124999999999972,0.8066132902450744,0.4187499999999993,0.6850117308693081,0.3999999999999986,0.983731301081381,inf,0.8461538461538125,22.999999999994316,-0.6417910447761221,1.999999999999929,-24.999999999994316,-1.4615384615384581,1,27,2006
2006-02-03,127.5,-0.8000000000000114,1.1999999999999886,0.75,0.0,0.6500000000000057,1.3000000000000114,2.049999999999983,0.05000000000001137,-0.4000000000000057,0.0,-0.19999999999998863,0.25,0.48749999999999716,0.5921359641163401,0.6312499999999979,0.6198718185468378,0.3291666666666657,0.8791675642678153,-inf,-2.0666666666666815,-2.6000000000000227,-inf,-0.6444444444444394,-1.5333333333333408,-inf,2,3,2006
2006-02-10,128.75,0.25,-0.8000000000000114,1.1999999999999886,1.6999999999999886,0.75,-0.6500000000000057,-1.25,0.5,0.05000000000001137,-0.30000000000001137,0.4000000000000057,3.0,0.2874999999999943,0.8778524933039686,0.44999999999999574,0.7995534467974668,0.36666666666666475,0.8127767593909536,-0.6666666666666667,inf,-0.8780487804878039,-0.16666666666669827,inf,-1.25,inf,2,10,2006
2006-02-17,128.0,-1.0,0.25,-0.8000000000000114,0.0,0.0,-0.5,1.3000000000000114,2.049999999999983,0.5,0.05000000000001137,-2.25,-0.19999999999998863,0.3499999999999943,0.8592632503100133,0.38749999999999574,0.7922616811562744,0.27916666666666384,0.7578253376763272,-1.8333333333333413,-1.588235294117651,-0.19999999999999996,-4.333333333333207,-0.19999999999999996,-1.338983050847459,-0.6296296296296281,2,17,2006
2006-02-24,127.0,-1.0,-1.0,0.25,0.0,1.6999999999999886,0.6500000000000057,-0.6500000000000057,-1.25,2.049999999999983,3.3499999999999943,0.0,0.4000000000000057,-0.08750000000000568,1.018475167427589,0.26249999999999574,0.9291893548372424,0.24999999999999764,0.8022695081058232,0.24999999999998224,-inf,-1.7692307692307625,-inf,-1.2857142857142856,9.000000000000568,-2.333333333333333,2,24,2006
2006-03-03,128.0,0.75,-1.0,-1.0,0.75,0.0,0.75,-0.5,1.3000000000000114,-1.25,0.0,-1.25,-2.25,-0.6375000000000028,0.5991313156006182,-0.07500000000000284,0.8159131606453482,0.20833333333333096,0.8559506499509832,2.0,inf,-2.1538461538461435,inf,inf,-0.25,0.07142857142858894,3,3,2006
2006-03-10,127.35,-1.200000000000017,0.75,-1.0,1.1999999999999886,0.0,0.0,0.6500000000000057,-0.6500000000000057,1.3000000000000114,0.30000000000001137,3.5,0.0,-0.25,0.8897565210026054,0.018749999999997158,0.8672359622880679,0.21666666666666382,0.8611127403047447,0.20000000000001705,-2.6000000000000227,1.400000000000034,2.0,-inf,-inf,-inf,3,10,2006
2006-03-17,127.5,0.5,-1.200000000000017,0.75,-0.8000000000000114,0.75,1.6999999999999886,0.75,-0.5,-0.6500000000000057,0.30000000000001137,0.0,-1.25,-0.6125000000000043,0.9132131916115388,-0.13125000000000497,0.9687759213121923,0.0541666666666624,0.9323621841453246,-1.5,-0.5833333333333294,-0.2307692307692375,8.999999999997726,-2.6666666666666035,1.0,-0.8181818181818181,3,17,2006
2006-03-24,127.5,0.09999999999999432,0.5,-1.200000000000017,0.25,1.1999999999999886,0.0,0.0,0.6500000000000057,-0.5,0.0,0.0,3.5,-0.23750000000000426,1.0044691798822587,-0.16250000000000497,0.9398898111708935,0.09583333333332907,0.9408551075130174,-0.8666666666666742,-1.1249999999999911,-0.8666666666666742,-0.8000000000000114,0.9999999999994316,-0.8000000000000114,-0.939393939393943,3,24,2006
2006-04-28,127.25,-0.25,0.0,0.0,0.5,0.75,0.25,1.1999999999999886,0.0,0.0,2.049999999999983,0.30000000000001137,3.3499999999999943,0.0,0.0,0.018749999999997158,0.5681659088681789,-0.20000000000000284,0.6385352556650836,-inf,-0.7916666666666696,-1.3333333333333333,-0.5,-inf,-0.9,-inf,4,28,2006
2006-05-05,127.7,-0.5499999999999972,-0.25,0.0,0.09999999999999432,-1.200000000000017,-1.0,-0.8000000000000114,0.75,0.0,-1.25,0.30000000000001137,0.0,-0.0625,0.12499999999997231,-0.10625000000000284,0.48875753556485607,-0.15416666666666856,0.6106845389074511,-inf,-2.0999999999999943,-1.4583333333333353,-1.8461538461538343,-inf,-1.242290748898676,-0.45000000000000284,5,5,2006
2006-05-12,127.25,-1.0,-0.5499999999999972,-0.25,0.0,0.5,-1.0,0.25,1.1999999999999886,0.75,1.3000000000000114,0.0,0.30000000000001137,-0.1999999999999993,0.2614064523559542,-0.025000000000000355,0.29760952365713345,-0.220833333333335,0.6062021614990004,-inf,-11.000000000000568,0.24999999999998224,-2.333333333333333,1.4999999999999645,-inf,-2.0,5,12,2006
2006-05-26,128.1,0.19999999999998863,0.0,-1.0,0.0,0.0,-1.200000000000017,-1.0,0.25,-0.8000000000000114,-0.5,-0.4000000000000057,0.0,-0.4499999999999993,0.43011626335212305,-0.22499999999999964,0.3703280399090176,-0.13750000000000165,0.5560105460085513,-1.3636363636363449,inf,-1.1999999999999886,-0.8823529411764764,-0.6000000000000227,-0.7894736842105358,-0.8000000000000114,5,26,2006
2006-06-02,128.0,-0.3499999999999943,0.19999999999998863,0.0,0.0,0.0,0.5,0.75,-1.0,0.25,0.6500000000000057,0.05000000000001137,0.0,-0.33750000000000213,0.5437140792732781,-0.20000000000000107,0.393700393700586,-0.18333333333333593,0.49558658235071246,-0.6500000000000057,-inf,-0.6500000000000057,-inf,-1.1707317073170718,-inf,-inf,6,2,2006
2006-06-09,127.5,-0.6999999999999886,-0.3499999999999943,0.19999999999998863,-0.25,0.0,0.09999999999999432,-1.200000000000017,-1.0,-1.0,0.75,0.5,-0.4000000000000057,-0.2875000000000014,0.5265849092659757,-0.24375000000000036,0.3877015604817657,-0.11250000000000071,0.38560754896419974,-inf,-inf,-1.933333333333318,-inf,-0.44000000000000905,1.7999999999999545,-inf,6,9,2006
2006-06-16,127.5,-0.6999999999999886,-0.6999999999999886,-0.3499999999999943,-0.5499999999999972,0.0,0.0,0.5,0.75,-1.0,0.0,2.049999999999983,0.05000000000001137,-0.21249999999999858,0.39660013447634174,-0.33124999999999893,0.4035003097892181,-0.21249999999999977,0.3675007730356667,-4.500000000000142,1.7999999999999545,-0.4166666666666844,-1.933333333333318,-1.538461538461525,-inf,-0.17647058823530204,6,16,2006
2006-06-23,128.1,0.5999999999999943,-0.6999999999999886,-0.6999999999999886,-1.0,-0.25,0.0,0.09999999999999432,-1.200000000000017,0.75,1.6999999999999886,-1.25,0.5,-0.38749999999999574,0.4249999999999811,-0.4187499999999975,0.39725621455176047,-0.279166666666665,0.3780682558224108,-2.714285714285726,-2.0909090909090864,0.19999999999998863,-0.5,-1.9230769230769063,-1.2399999999999978,inf,6,23,2006
2006-07-07,127.5,-0.09999999999999432,0.0,0.5999999999999943,0.19999999999998863,-1.0,0.0,0.0,0.09999999999999432,0.5,0.0,-0.6500000000000057,-1.25,-0.19999999999999574,0.6271629240742119,-0.24374999999999858,0.5381433027416641,-0.2291666666666655,0.4509879726945547,-0.857142857142863,-inf,-inf,-1.3999999999999773,-1.1538461538461438,-0.9615384615384637,-inf,7,7,2006
2006-07-14,127.75,0.25,-0.09999999999999432,0.0,-0.3499999999999943,0.0,-0.25,0.0,0.0,0.09999999999999432,0.75,-0.5,1.3000000000000114,-0.04999999999999716,0.5322906474223633,-0.13124999999999787,0.4431522634167858,-0.23749999999999835,0.4472771156473482,-0.5833333333333294,0.25000000000007105,inf,-1.25,-0.6666666666666667,-0.6153846153846187,inf,7,14,2006
2006-07-21,128.0,0.5,0.25,-0.09999999999999432,-0.6999999999999886,0.19999999999998863,-0.5499999999999972,0.0,0.0,0.0,1.1999999999999886,0.6500000000000057,-0.6500000000000057,0.1875,0.31191612120353285,-0.09999999999999787,0.4621378891320426,-0.216666666666665,0.46482319871172434,inf,-2.428571428571452,inf,-1.5,inf,inf,-1.1886792452830184,7,21,2006
2006-07-28,128.2,0.6999999999999886,0.5,0.25,-0.6999999999999886,-0.3499999999999943,-1.0,-0.25,0.0,0.0,-0.8000000000000114,0.75,-0.5,0.16250000000000142,0.2688710967483464,-0.06249999999999645,0.5005354276029884,-0.154166666666665,0.5083209139068985,-8.000000000000284,-2.0,inf,-0.06666666666668186,-0.588235294117651,-3.7999999999999545,-0.30000000000001137,7,28,2006
2006-08-04,127.8,-0.04999999999999716,0.6999999999999886,0.5,0.5999999999999943,-0.6999999999999886,0.0,-0.5499999999999972,0.0,0.0,0.25,0.0,0.6500000000000057,0.3374999999999986,0.34490336810956473,0.06875000000000142,0.549634618893046,-0.049999999999999524,0.5464763157140072,-1.1999999999999886,-0.9285714285714315,-0.8000000000000114,-0.9583333333333363,-inf,-1.1999999999999886,-0.9545454545454569,8,4,2006
2006-08-11,127.8,-0.04999999999999716,-0.04999999999999716,0.6999999999999886,0.0,-0.6999999999999886,0.19999999999998863,-1.0,-0.25,0.0,-1.0,1.6999999999999886,0.75,0.34999999999999787,0.32403703492037694,0.15000000000000036,0.46058968414723434,0.02916666666666738,0.45798885126035505,-1.0999999999999943,-1.0833333333333295,-0.9090909090909138,-1.0999999999999943,-inf,-1.0166666666666657,-0.9000000000000057,8,11,2006
2006-08-18,127.8,0.04999999999999716,-0.04999999999999716,-0.04999999999999716,-0.09999999999999432,0.5999999999999943,-0.3499999999999943,0.0,-0.5499999999999972,-0.25,-1.0,0.0,0.0,0.2749999999999986,0.3840572873934155,0.2312499999999993,0.32725863515835446,0.02500000000000095,0.45850547731435487,-0.9285714285714315,inf,-1.0499999999999972,-0.5,-0.9333333333333371,-1.25,-1.0434782608695625,8,18,2006
2006-08-25,128.1,0.3499999999999943,0.04999999999999716,-0.04999999999999716,0.25,0.0,-0.6999999999999886,0.19999999999998863,-1.0,-0.5499999999999972,0.75,0.0,1.6999999999999886,0.16249999999999787,0.3614208073700078,0.16249999999999964,0.29489707647632096,0.012500000000001657,0.4553345423472038,-8.000000000000284,-4.500000000000142,inf,inf,-0.7083333333333353,-0.12500000000002665,-7.999999999998295,8,25,2006
2006-09-01,127.75,-0.15000000000000568,0.3499999999999943,0.04999999999999716,0.5,-0.09999999999999432,-0.6999999999999886,-0.3499999999999943,0.0,-1.0,-1.200000000000017,0.75,0.0,0.07499999999999929,0.1892969448599867,0.20624999999999893,0.29330323168059513,0.07083333333333404,0.44947359783585433,2.000000000000284,-1.6000000000000227,-1.750000000000071,-inf,-0.8124999999999956,-0.9333333333333308,-1.1000000000000039,9,1,2006
2006-09-08,127.85,-0.05000000000001137,-0.15000000000000568,0.3499999999999943,0.6999999999999886,0.25,0.5999999999999943,-0.6999999999999886,0.19999999999998863,0.0,0.5,1.1999999999999886,0.0,0.04999999999999716,0.2160246899469111,0.1999999999999975,0.3011881234615367,0.11666666666666596,0.3874938904699135,-2.000000000000284,-1.1000000000000227,-0.8571428571428223,-inf,-1.2000000000000455,-inf,-0.9499999999999886,9,8,2006
2006-09-15,127.95,0.3500000000000085,-0.05000000000001137,-0.15000000000000568,-0.04999999999999716,0.5,0.0,-0.6999999999999886,-0.3499999999999943,0.19999999999998863,0.09999999999999432,-0.8000000000000114,0.75,0.049999999999993605,0.21602468994691332,0.1624999999999961,0.3125357122451259,0.17083333333333073,0.2980682756847726,4.063416270128073e-14,-0.4999999999999797,-1.5000000000000204,inf,-1.3500000000000085,-1.280000000000007,-0.8813559322033865,9,15,2006
2006-09-22,127.75,0.04999999999999716,0.3500000000000085,-0.05000000000001137,-0.04999999999999716,0.6999999999999886,-0.09999999999999432,0.5999999999999943,-0.6999999999999886,-0.3499999999999943,0.0,0.25,1.1999999999999886,0.12499999999999645,0.26299556396765034,0.14374999999999716,0.29330323168059835,0.14999999999999858,0.273030134866926,-1.3333333333333017,-2.0,-1.0714285714285685,-1.1999999999999886,-1.0499999999999972,-0.9857142857142865,-1.5,9,22,2006
2006-09-29,128.0,0.09999999999999432,0.04999999999999716,0.3500000000000085,0.04999999999999716,-0.04999999999999716,0.25,0.0,-0.6999999999999886,-0.6999999999999886,0.0,-1.0,-0.8000000000000114,0.04999999999999716,0.21602468994691987,0.062499999999998224,0.18850918886280565,0.154166666666665,0.270906167362703,-2.9999999999994316,-3.0,-0.8333333333333413,-1.1818181818181723,-0.8666666666666742,inf,-0.9000000000000057,9,29,2006
2006-10-06,127.9,0.4000000000000057,0.09999999999999432,0.04999999999999716,0.3499999999999943,-0.04999999999999716,0.5,-0.09999999999999432,0.5999999999999943,-0.6999999999999886,0.0,-1.0,0.25,0.11249999999999716,0.1701714821388386,0.08124999999999716,0.18310321055154796,0.17083333333333073,0.2597711696975983,0.14285714285713125,7.000000000000568,inf,-1.4000000000000057,-1.3333333333333333,inf,inf,10,6,2006
2006-10-13,127.8,-0.10000000000000853,0.4000000000000057,0.09999999999999432,-0.15000000000000568,0.04999999999999716,0.6999999999999886,0.25,0.0,0.5999999999999943,0.0,0.75,-1.0,0.22500000000000142,0.17559422921419854,0.1374999999999975,0.20485186285285623,0.1833333333333312,0.26742316936860505,-3.000000000000284,-1.2857142857143147,1.4210854715202004e-13,-inf,-1.200000000000017,-0.6666666666666509,-1.400000000000034,10,13,2006
2006-10-20,127.75,-0.15000000000000568,-0.10000000000000853,0.4000000000000057,-0.05000000000001137,0.3499999999999943,-0.04999999999999716,0.5,-0.09999999999999432,0.0,-0.25,-1.200000000000017,-1.0,0.11249999999999716,0.2096624270901412,0.1187499999999968,0.22028796089275013,0.1333333333333305,0.2587850400809426,-2.500000000000142,0.0,-1.6000000000000227,-1.750000000000071,-2.500000000000142,-3.9999999999994316,-1.3000000000000114,10,20,2006
2006-10-27,127.9,0.15000000000000568,-0.15000000000000568,-0.10000000000000853,0.3500000000000085,-0.15000000000000568,-0.04999999999999716,0.6999999999999886,0.25,-0.09999999999999432,-0.5499999999999972,0.5,0.75,0.06249999999999645,0.24958298553119063,0.0562499999999968,0.21619683491802535,0.062499999999997634,0.19900319778152242,-0.6249999999999911,-3.9999999999994316,-0.6999999999999886,-1.4285714285714517,inf,-0.9552238805970131,0.5000000000001421,10,27,2006
2006-11-03,128.25,0.5,0.15000000000000568,-0.15000000000000568,0.04999999999999716,-0.05000000000001137,0.04999999999999716,-0.04999999999999716,0.5,0.25,-1.0,0.09999999999999432,-1.200000000000017,0.07499999999999929,0.2533114025595038,0.09374999999999822,0.20077973005261368,0.07916666666666454,0.19709058062143975,-5.999999999999574,0.42857142857139374,-0.28571428571427415,-1.714285714285726,inf,inf,inf,11,3,2006
2006-11-10,128.2,0.04999999999998295,0.5,0.15000000000000568,0.09999999999999432,0.3500000000000085,0.3499999999999943,-0.04999999999999716,0.6999999999999886,0.5,0.0,0.0,0.5,0.09999999999999787,0.2972092416687755,0.16249999999999964,0.23566016694748027,0.12499999999999763,0.22613350843332206,-1.333333333333207,-2.8421709430404007e-13,-1.9999999999997158,-1.0714285714285483,inf,-0.8333333333333965,-1.0263157894736752,11,10,2006
2006-11-17,127.82,0.06999999999999318,0.04999999999998295,0.5,0.4000000000000057,0.04999999999999716,-0.15000000000000568,0.04999999999999716,-0.04999999999999716,0.6999999999999886,0.19999999999998863,0.0,0.09999999999999432,0.13749999999999574,0.2719528145346697,0.12499999999999645,0.2251983252919202,0.12499999999999645,0.2261335084333225,-0.5333333333333965,-0.30000000000002847,-2.399999999999943,-0.8833333333333436,inf,-0.7666666666666982,-1.0699999999999932,11,17,2006
2006-11-24,127.8,0.04999999999999716,0.06999999999999318,0.04999999999998295,-0.10000000000000853,0.09999999999999432,-0.05000000000001137,0.3499999999999943,-0.04999999999999716,-0.04999999999999716,-0.3499999999999943,0.0,0.0,0.19249999999999545,0.20950338103873567,0.12749999999999595,0.22435622185648016,0.10166666666666302,0.21497709532680792,-0.9000000000000057,-0.8750000000000089,0.0,inf,-1.1999999999999886,inf,-1.019999999999999,11,24,2006
2006-12-08,128.05,0.05000000000001137,0.0,0.04999999999999716,0.15000000000000568,-0.10000000000000853,0.04999999999999716,-0.05000000000001137,0.3499999999999943,0.04999999999999716,-0.6999999999999886,-0.25,0.0,0.04249999999999332,0.029860788111827,0.0712499999999956,0.19794930808524558,0.12249999999999754,0.19767397400770687,-0.28571428571405366,-1.3333333333333965,-1.3333333333333965,-0.7999999999999545,-1.0500000000000114,-1.1250000000000266,inf,12,8,2006
2006-12-15,128.1,0.09999999999999432,0.05000000000001137,0.0,0.5,-0.15000000000000568,0.09999999999999432,0.3500000000000085,-0.15000000000000568,0.3499999999999943,0.5999999999999943,-0.5499999999999972,0.0,0.042500000000000426,0.02986078811182938,0.08999999999999808,0.18616428996223025,0.09749999999999777,0.18484022584629126,1.0,-0.33333333333339654,-2.9999999999994316,-0.8000000000000114,inf,0.9999999999994316,inf,12,15,2006
2006-12-22,128.0,-0.09999999999999432,0.09999999999999432,0.05000000000001137,0.04999999999998295,0.15000000000000568,0.4000000000000057,0.04999999999999716,-0.05000000000001137,-0.15000000000000568,0.0,-1.0,-0.25,0.05000000000000071,0.04082482904629808,0.12124999999999808,0.1591439151029153,0.1016666666666642,0.18423469880134719,-inf,-1.1999999999999886,-1.2857142857142625,-1.142857142857137,-1.5,-1.1999999999999886,-1.105263157894732,12,22,2006
2006-12-29,128.3,0.30000000000001137,-0.09999999999999432,0.09999999999999432,0.06999999999999318,0.5,-0.10000000000000853,0.09999999999999432,0.3500000000000085,-0.05000000000001137,-0.09999999999999432,0.0,-0.5499999999999972,0.012500000000002842,0.08539125638295281,0.08999999999999808,0.17631141280618212,0.08499999999999848,0.1932261981108209,4.999999999998863,5.000000000002274,5.000000000000568,-7.000000000000568,-1.8571428571429034,-0.8536585365853591,inf,12,29,2006
2007-01-05,128.0,0.09999999999999432,0.30000000000001137,-0.09999999999999432,0.04999999999999716,0.04999999999998295,-0.15000000000000568,0.4000000000000057,0.04999999999999716,0.3500000000000085,0.25,0.19999999999998863,-1.0,0.08750000000000568,0.16520189667997223,0.0649999999999995,0.11250396818397648,0.07666666666666562,0.18011780656676588,0.0,0.42857142857148656,0.0,-3.0,-1.142857142857137,-1.0799999999999954,-1.3999999999999773,1,5,2007
2007-01-12,128.02,0.020000000000010232,0.09999999999999432,0.30000000000001137,0.0,0.06999999999999318,0.15000000000000568,-0.10000000000000853,0.09999999999999432,0.04999999999999716,0.5,-0.3499999999999943,0.0,0.10000000000000142,0.16329931618552604,0.07125000000000092,0.11293961724238016,0.09333333333333253,0.17132283896641912,-1.2000000000001136,-0.5999999999997726,-0.9499999999999751,-0.5999999999997726,-1.0285714285714436,-0.9846153846153769,inf,1,12,2007
2007-01-19,127.94,-0.010000000000005116,0.020000000000010232,0.09999999999999432,0.05000000000001137,0.04999999999999716,0.5,-0.15000000000000568,0.4000000000000057,0.09999999999999432,0.6999999999999886,-0.6999999999999886,0.19999999999998863,0.0800000000000054,0.16812693617222718,0.06500000000000306,0.11439280696666365,0.10750000000000053,0.15568762431110067,-1.0333333333333492,-inf,-0.8999999999999574,-1.0285714285714436,-1.0166666666666753,-0.9846153846153769,-0.995999999999998,1,19,2007
2007-01-26,127.85,0.04999999999999716,-0.010000000000005116,0.020000000000010232,0.09999999999999432,0.0,0.04999999999998295,0.15000000000000568,-0.10000000000000853,0.4000000000000057,-0.04999999999999716,-0.6999999999999886,-0.3499999999999943,0.1025000000000027,0.13961255912940274,0.05750000000000277,0.11744299529071701,0.09416666666666629,0.15854212708489862,-0.5,-2.8421709430404007e-13,-1.3333333333333017,-1.3333333333333017,inf,-1.0999999999999943,inf,1,26,2007
2007-02-02,127.95,-0.14999999999999147,0.04999999999999716,-0.010000000000005116,-0.09999999999999432,0.05000000000001137,0.06999999999999318,0.5,-0.15000000000000568,-0.10000000000000853,-0.04999999999999716,0.5999999999999943,-0.6999999999999886,0.03999999999999915,0.04690415759815721,0.06375000000000242,0.11525592640479176,0.05666666666666605,0.09384061277537863,-8.499999999995737,-2.5,-1.9999999999999054,1.9999999999991473,0.5,-1.2307692307692157,-0.9423076923076955,2,2,2007
2007-02-09,128.0,0.0,-0.14999999999999147,0.04999999999999716,0.30000000000001137,0.09999999999999432,0.04999999999999716,0.04999999999998295,0.15000000000000568,-0.15000000000000568,0.04999999999999716,0.0,-0.6999999999999886,-0.0224999999999973,0.08845903006472751,0.03875000000000206,0.13809287764812753,0.040000000000001514,0.11127361853474434,-1.0,-1.0,-1.0,-1.0,-1.0,-1.0,-1.0,2,9,2007
2007-02-16,127.9,-0.12999999999999545,0.0,-0.14999999999999147,0.09999999999999432,-0.09999999999999432,0.0,0.06999999999999318,0.5,0.15000000000000568,0.3499999999999943,-0.09999999999999432,0.5999999999999943,-0.027499999999999858,0.08578072821633896,0.02625000000000277,0.1362704768361104,0.03416666666666875,0.11139269874336916,-3.600000000000057,-1.4333333333333018,-3.600000000000796,-3.600000000000057,-1.259999999999991,-inf,-inf,2,16,2007
2007-02-23,128.14,-0.010000000000019327,-0.12999999999999545,0.0,0.020000000000010232,0.30000000000001137,0.05000000000001137,0.04999999999999716,0.04999999999998295,0.5,-0.15000000000000568,0.25,0.0,-0.05749999999999744,0.09776672917370902,0.02250000000000263,0.1405855103283542,0.019166666666669368,0.12078969954076836,-0.9333333333332007,-1.100000000000199,-1.1428571428574328,-1.100000000000199,-1.0142857142857422,-1.0058823529411878,-0.9599999999999227,2,23,2007
2007-03-02,128.05,-0.09999999999999432,-0.010000000000019327,-0.12999999999999545,-0.010000000000005116,0.09999999999999432,0.09999999999999432,0.0,0.06999999999999318,0.04999999999998295,-0.05000000000001137,0.5,-0.09999999999999432,-0.07250000000000156,0.07847504911323658,-0.016250000000001208,0.08484229066751763,0.018333333333334423,0.12096831541081746,-inf,-5.999999999997158,-3.0,-1.2499999999999822,1.0,-inf,-1.3999999999999773,3,2,2007
2007-03-09,128.2,0.09999999999999432,-0.09999999999999432,-0.010000000000019327,0.04999999999999716,0.020000000000010232,-0.09999999999999432,0.05000000000001137,0.04999999999999716,0.06999999999999318,0.3500000000000085,0.6999999999999886,0.25,-0.060000000000002274,0.06480740698401667,-0.04124999999999979,0.07453426824524732,0.005833333333333949,0.1250787630642966,-1.7692307692307523,-10.999999999994316,inf,-1.999999999999858,-3.0,inf,-0.9666666666666686,3,9,2007
2007-03-16,128.0,0.0,0.09999999999999432,-0.09999999999999432,-0.14999999999999147,-0.010000000000005116,0.30000000000001137,0.09999999999999432,0.0,0.04999999999999716,0.04999999999999716,-0.04999999999999716,0.5,-0.035000000000003695,0.10344080432784546,-0.031250000000001776,0.08806450557888866,0.005833333333333949,0.1250787630642966,-1.0,-1.0,-1.0,-1.0,-1.0,-1.0,-1.0,3,16,2007
2007-03-23,128.1,0.0,0.0,0.09999999999999432,0.0,0.04999999999999716,0.09999999999999432,-0.09999999999999432,0.05000000000001137,0.0,0.09999999999999432,-0.04999999999999716,0.6999999999999886,-0.0025000000000048317,0.0818026079453399,-0.030000000000001137,0.08847921466970891,0.014166666666666808,0.12063908105910574,-1.0,-1.0,-1.0,-1.0,-1.0,-1.0,-1.0,3,23,2007
2007-03-30,127.8,-0.20000000000000284,0.0,0.0,-0.12999999999999545,-0.14999999999999147,0.020000000000010232,0.30000000000001137,0.09999999999999432,0.05000000000001137,0.4000000000000057,0.04999999999999716,-0.04999999999999716,0.0,0.08164965809272498,-0.03625000000000078,0.08365533028869915,-0.010833333333334139,0.08039203186806321,-3.000000000000142,-inf,1.000000000000142,-1.4000000000000057,0.33333333333330173,-0.75,-0.9111111111111099,3,30,2007
2007-04-13,127.75,-0.30000000000001137,0.0,-0.20000000000000284,-0.09999999999999432,-0.12999999999999545,0.04999999999999716,0.020000000000010232,0.30000000000001137,-0.09999999999999432,-0.15000000000000568,-0.15000000000000568,0.04999999999999716,-0.05000000000000071,0.09999999999996632,-0.0425000000000022,0.09452890714332694,-0.03750000000000142,0.08802117513828234,-inf,28.999999999943157,-4.000000000000284,-5.285714285714866,-1.8571428571428688,-0.6999999999999886,-0.7599999999999909,4,13,2007
2007-04-20,127.8,-0.04999999999999716,-0.30000000000001137,0.0,0.09999999999999432,-0.010000000000019327,-0.14999999999999147,-0.010000000000005116,0.09999999999999432,0.30000000000001137,0.15000000000000568,-0.05000000000001137,0.3499999999999943,-0.12500000000000355,0.1499999999999815,-0.06375000000000419,0.1296079252426814,-0.06166666666666861,0.11535189901366126,-0.7500000000000178,-0.5,-3.499999999998579,-2.0,-2.0,-0.9500000000000028,-1.0142857142857136,4,20,2007
2007-04-27,127.15,-0.04999999999999716,-0.04999999999999716,-0.30000000000001137,0.0,-0.09999999999999432,0.0,0.04999999999999716,0.020000000000010232,0.09999999999999432,0.5,0.3500000000000085,-0.15000000000000568,-0.13750000000000284,0.13768926368213255,-0.06875000000000142,0.12799972098183285,-0.07000000000000146,0.11004131455543513,-inf,-1.5,3.999999999997158,-inf,-1.5,-1.0666666666666629,-inf,4,27,2007
2007-05-04,127.25,-0.04999999999999716,-0.04999999999999716,-0.04999999999999716,0.0,0.09999999999999432,-0.12999999999999545,-0.14999999999999147,-0.010000000000005116,0.020000000000010232,0.04999999999998295,0.04999999999999716,-0.05000000000001137,-0.10000000000000142,0.1354006400772464,-0.06250000000000178,0.12747548783981405,-0.06166666666666861,0.10718152260476753,-0.8333333333333491,-inf,-2.0,-1.9999999999997158,-1.1249999999999911,-0.9583333333333363,-inf,5,4,2007
2007-05-11,127.43,-0.01999999999999602,-0.04999999999999716,-0.04999999999999716,-0.20000000000000284,0.0,-0.010000000000019327,0.0,0.04999999999999716,-0.010000000000005116,0.06999999999999318,0.09999999999999432,0.3500000000000085,-0.11250000000000071,0.12499999999997902,-0.08125000000000071,0.10999188281738392,-0.06583333333333503,0.10552538112038991,-0.6000000000000568,-inf,-0.8666666666666856,-1.1999999999999715,-0.8000000000000569,-1.039999999999992,-0.9333333333333491,5,11,2007
2007-05-18,127.58,0.12999999999999545,-0.01999999999999602,-0.04999999999999716,0.0,0.0,-0.09999999999999432,-0.12999999999999545,-0.14999999999999147,0.04999999999999716,0.04999999999999716,0.4000000000000057,0.04999999999999716,-0.042499999999996874,0.014999999999766573,-0.08375000000000021,0.10809222252977997,-0.05666666666666842,0.10421423156461737,-3.600000000000057,-1.649999999999968,inf,-2.3000000000000282,-1.8666666666666036,0.30000000000002847,1.599999999999318,5,18,2007
2007-06-01,127.45,-0.04999999999999716,0.0,0.12999999999999545,-0.04999999999999716,0.0,0.0,-0.09999999999999432,-0.12999999999999545,0.0,0.05000000000001137,-0.15000000000000568,0.4000000000000057,0.015000000000000568,0.07937253933188994,-0.042500000000000426,0.11973184324027104,-0.03666666666666766,0.11625468384176742,1.5000000000003553,-0.8333333333333491,3.9999999999900524,-1.5,-1.0999999999999943,-inf,-inf,6,1,2007
2007-06-15,127.35,-0.0800000000000125,0.0,-0.04999999999999716,-0.04999999999999716,-0.04999999999999716,-0.20000000000000284,0.0,-0.09999999999999432,-0.010000000000019327,-0.09999999999999432,0.5,-0.15000000000000568,0.019999999999999574,0.07702813338856036,-0.01124999999999865,0.061280968847226454,-0.04916666666666695,0.10799480907838424,-inf,0.6000000000003411,-1.8000000000001706,6.999999999997158,-2.142857142857433,-inf,-1.2666666666666981,6,15,2007
2007-06-22,127.25,-0.09999999999999432,-0.0800000000000125,0.0,-0.01999999999999602,-0.04999999999999716,0.0,0.0,0.09999999999999432,-0.09999999999999432,0.30000000000001137,0.04999999999998295,0.15000000000000568,-0.032500000000002416,0.03947573094100572,-0.015000000000000568,0.06480740698406218,-0.05583333333333466,0.10714971118047176,1.0,1.0,-inf,-3.0,-3.0,-0.6000000000000227,-inf,6,22,2007
2007-06-29,127.1,-0.05000000000001137,-0.09999999999999432,-0.0800000000000125,0.12999999999999545,-0.04999999999999716,-0.30000000000001137,-0.20000000000000284,0.0,0.09999999999999432,0.09999999999999432,0.06999999999999318,0.5,-0.057500000000000995,0.04349329450225273,-0.021250000000000213,0.07079901129251567,-0.04750000000000062,0.09845395785939558,-inf,1.5000000000010658,-inf,-0.6666666666665719,-inf,-0.909090909090888,-inf,6,29,2007
2007-07-06,127.15,0.10000000000000853,-0.05000000000001137,-0.09999999999999432,0.0,-0.01999999999999602,-0.04999999999999716,0.0,0.0,0.0,0.020000000000010232,0.04999999999999716,0.04999999999998295,-0.05750000000000455,0.04349329450225191,-0.02125000000000199,0.07079901129251649,-0.05166666666666823,0.09731236802017908,-2.249999999999911,-0.23076923076913824,-1.5000000000000355,inf,0.9999999999997158,-1.1000000000000085,-1.2500000000000178,7,6,2007
2007-07-20,126.75,-0.09999999999999432,0.0,0.10000000000000853,0.0,0.0,-0.04999999999999716,-0.04999999999999716,0.0,-0.20000000000000284,0.04999999999999716,0.05000000000001137,0.04999999999999716,-0.01249999999999929,0.08539125638295901,-0.022500000000000853,0.06250714244901316,-0.014166666666666808,0.06828527504430532,0.9999999999994316,1.0,-0.6666666666666983,8.999999999980105,0.0,-1.5,-1.1999999999999886,7,20,2007
2007-07-27,126.75,-0.25,-0.09999999999999432,0.0,-0.0800000000000125,-0.04999999999999716,-0.01999999999999602,-0.04999999999999716,-0.30000000000001137,0.0,-0.14999999999999147,0.09999999999999432,0.0,-0.01249999999999929,0.08539125638295901,-0.03500000000000014,0.06718843437887176,-0.01833333333333324,0.07209001107620426,-3.499999999999787,-inf,4.000000000000284,1.500000000000142,-1.8333333333333017,-0.28571428571427415,-1.1219512195121961,7,27,2007
2007-08-03,127.03,-0.030000000000001137,-0.25,-0.09999999999999432,-0.09999999999999432,0.0,0.12999999999999545,-0.04999999999999716,-0.04999999999999716,-0.30000000000001137,0.0,-0.09999999999999432,0.05000000000001137,-0.06249999999999645,0.14930394055972007,-0.0600000000000005,0.10184021097497202,-0.03500000000000014,0.09839623052645717,-inf,-0.6250000000000444,-0.3999999999999432,-1.3000000000000285,-1.3000000000000285,-0.9571428571428549,-0.9759999999999991,8,3,2007
2007-08-10,126.93,0.030000000000001137,-0.030000000000001137,-0.25,-0.05000000000001137,-0.0800000000000125,0.0,-0.01999999999999602,-0.04999999999999716,-0.04999999999999716,-0.12999999999999545,0.30000000000001137,0.09999999999999432,-0.09499999999999886,0.1115048578911531,-0.06375000000000064,0.09984809891600882,-0.035833333333333904,0.09829994296985271,-1.3000000000000285,-1.3000000000000285,-1.600000000000057,inf,0.49999999999928946,-1.0428571428571451,-0.9769230769230762,8,10,2007
2007-08-17,125.95,-0.09999999999999432,0.030000000000001137,-0.030000000000001137,0.10000000000000853,-0.09999999999999432,-0.04999999999999716,0.12999999999999545,-0.04999999999999716,-0.04999999999999716,-0.010000000000019327,0.09999999999999432,-0.09999999999999432,-0.08749999999999858,0.12065791865155935,-0.049999999999998934,0.10474458731326755,-0.044166666666666764,0.08649312461726794,-0.6000000000000227,0.9999999999994316,4.0000000000007105,-inf,8.999999999994316,-1.1666666666666587,-0.8461538461538562,8,17,2007
2007-08-24,126.25,-0.06999999999999318,-0.09999999999999432,0.030000000000001137,0.0,-0.05000000000001137,0.0,0.0,-0.01999999999999602,-0.04999999999999716,-0.09999999999999432,0.020000000000010232,0.30000000000001137,-0.08749999999999858,0.12065791865155935,-0.049999999999998934,0.10474458731326755,-0.05249999999999962,0.08666812353086453,1.3333333333330177,-1.699999999999872,-1.5384615384615048,-0.6500000000000391,-2.399999999999943,-inf,-0.8600000000000136,8,24,2007
2007-08-31,126.15,-0.05999999999998806,-0.06999999999999318,-0.09999999999999432,-0.09999999999999432,0.10000000000000853,-0.0800000000000125,-0.04999999999999716,0.12999999999999545,-0.01999999999999602,0.09999999999999432,-0.010000000000005116,0.09999999999999432,-0.042499999999996874,0.056199051000226125,-0.05249999999999666,0.10498299181975485,-0.054166666666665954,0.08680786865603599,-2.9999999999995266,-inf,-inf,-inf,-0.6000000000000568,-0.4000000000000853,-1.092307692307673,8,31,2007
2007-09-14,125.9,-0.09999999999999432,0.0,-0.05999999999998806,-0.030000000000001137,-0.09999999999999432,-0.05000000000001137,-0.0800000000000125,-0.04999999999999716,0.0,0.0,-0.14999999999999147,-0.010000000000005116,-0.05749999999999389,0.04193248541794388,-0.07249999999999623,0.08514693182961983,-0.05249999999999725,0.0864580823289382,0.42857142857148656,-0.6000000000000227,-inf,1.0,-0.2307692307692476,-1.1999999999999886,-inf,9,14,2007
2007-09-21,125.2,-0.09999999999999432,-0.09999999999999432,0.0,0.030000000000001137,-0.25,0.10000000000000853,-0.09999999999999432,0.0,-0.04999999999999716,-0.20000000000000284,0.0,0.04999999999999716,-0.05749999999999389,0.04193248541794388,-0.07249999999999623,0.08514693182961983,-0.05249999999999725,0.0864580823289382,0.6666666666669034,2.3333333333330177,0.24999999999973355,1.0,8.999999999980105,-1.142857142857137,-1.0588235294117618,9,21,2007
2007-09-28,124.9,-0.09999999999999432,-0.09999999999999432,-0.09999999999999432,-0.09999999999999432,-0.030000000000001137,0.0,-0.05000000000001137,-0.0800000000000125,0.0,0.0,-0.12999999999999545,-0.14999999999999147,-0.06499999999999417,0.04725815626244943,-0.053749999999995524,0.04955156044823233,-0.0566666666666625,0.08752488823530996,-inf,-4.333333333333018,0.0,1.0,0.0,1.0,-inf,9,28,2007
2007-10-05,124.3,-0.15000000000000568,-0.09999999999999432,-0.09999999999999432,-0.06999999999999318,0.030000000000001137,-0.09999999999999432,0.10000000000000853,-0.09999999999999432,-0.0800000000000125,-0.30000000000001137,-0.010000000000019327,0.0,-0.07499999999999574,0.04999999999992697,-0.06249999999999467,0.05092010548746796,-0.0733333333333294,0.07278028371040433,0.5000000000001421,0.5000000000001421,1.9999999999994316,6.500000000001776,-2.500000000000142,2.000000000000284,-inf,10,5,2007
2007-10-12,124.35,-0.15000000000000568,-0.15000000000000568,-0.09999999999999432,-0.05999999999998806,-0.09999999999999432,-0.25,0.0,-0.05000000000001137,-0.09999999999999432,-0.04999999999999716,-0.09999999999999432,-0.12999999999999545,-0.11249999999999716,0.024999999999865304,-0.08499999999999552,0.0434248118673226,-0.08583333333332988,0.07191640770343778,0.5000000000001421,1.1428571428574328,-2.499999999999929,-2.1538461538462377,-inf,-4.000000000000284,-1.2000000000000075,10,12,2007
2007-10-19,123.0,-0.9000000000000057,-0.15000000000000568,-0.15000000000000568,0.0,-0.06999999999999318,-0.030000000000001137,-0.09999999999999432,0.10000000000000853,-0.05000000000001137,-0.04999999999999716,0.09999999999999432,-0.010000000000019327,-0.125,0.028867513459366282,-0.09124999999999694,0.04911720676095347,-0.08999999999999748,0.07422325046162011,8.000000000000568,14.000000000003078,-inf,-inf,-inf,-3.5714285714286294,-1.750000000000012,10,19,2007
2007-10-26,121.0,0.09999999999999432,-0.9000000000000057,-0.15000000000000568,-0.09999999999999432,-0.05999999999998806,0.030000000000001137,-0.25,0.0,0.10000000000000853,-0.04999999999999716,0.0,-0.09999999999999432,-0.32500000000000284,0.38405728739342354,-0.1949999999999985,0.2889389456022054,-0.14416666666666464,0.24418541142237296,-1.6666666666666035,inf,-2.0,-3.0,-1.4999999999999645,-1.6666666666666035,-1.1249999999999911,10,26,2007
2007-11-09,119.0,0.0,0.0,0.09999999999999432,-0.09999999999999432,-0.09999999999999432,-0.06999999999999318,0.030000000000001137,-0.25,-0.09999999999999432,0.12999999999999545,-0.20000000000000284,0.0,-0.23750000000000426,0.4534589286804196,-0.1750000000000007,0.3047247001100204,-0.13583333333333178,0.25083345917644717,-1.0,-1.0,-1.0,-1.0,-1.0,-1.0,-1.0,11,9,2007
2007-11-16,119.02,-0.28000000000000114,0.0,0.0,-0.15000000000000568,-0.09999999999999432,-0.05999999999998806,-0.09999999999999432,-0.030000000000001137,-0.25,0.0,0.0,0.0,-0.20000000000000284,0.4690415759823371,-0.16250000000000142,0.31024184114976966,-0.12749999999999892,0.25377602866951565,-3.8000000000001704,1.8000000000001704,-10.333333333333018,1.8000000000001704,4.600000000000341,-6.600000000000341,-0.7199999999999989,11,16,2007
2007-12-07,117.5,-0.5799999999999983,0.0,0.0,0.09999999999999432,-0.15000000000000568,-0.09999999999999432,0.0,-0.06999999999999318,-0.09999999999999432,-0.0800000000000125,-0.04999999999999716,-0.30000000000001137,-0.07000000000000028,0.13999999999997548,-0.15375000000000227,0.32332811728733124,-0.14000000000000057,0.2590542238781077,1.071428571428557,-0.3555555555555615,8.666666666668561,-inf,28.000000000005684,4.799999999999488,-2.1599999999999966,12,7,2007
2007-12-14,117.8,-0.04999999999999716,-0.5799999999999983,0.0,0.0,-0.9000000000000057,-0.09999999999999432,-0.09999999999999432,-0.05999999999998806,-0.06999999999999318,-0.09999999999999432,-0.04999999999999716,-0.04999999999999716,-0.21499999999999986,0.2768272626265808,-0.20750000000000135,0.3566410760734882,-0.1800000000000009,0.28778148275762866,-inf,-1.5,-inf,-0.5,-1.3846153846153761,-0.6666666666666983,-1.5,12,14,2007
2007-12-21,117.9,0.10000000000000853,-0.04999999999999716,-0.5799999999999983,0.0,0.09999999999999432,-0.15000000000000568,-0.09999999999999432,0.0,-0.05999999999998806,-0.05000000000001137,-0.01999999999999602,-0.04999999999999716,-0.15749999999999886,0.2826511395106331,-0.10125000000000028,0.2220963433158754,-0.17583333333333448,0.28940246695352373,inf,inf,-2.000000000000142,-1.400000000000034,inf,-0.33333333333330173,inf,12,21,2007
2007-12-28,118.2,0.3500000000000085,0.10000000000000853,-0.04999999999999716,-0.28000000000000114,0.0,-0.15000000000000568,-0.09999999999999432,-0.09999999999999432,0.0,0.10000000000000853,0.12999999999999545,-0.04999999999999716,-0.13249999999999673,0.3047813423860795,-0.10124999999999851,0.22209634331587724,-0.15916666666666757,0.29974104985753103,-1.6034482758620854,inf,-4.500000000000284,-12.666666666666508,-8.000000000000568,-0.29999999999998295,inf,12,28,2007
2008-01-04,118.1,0.3999999999999915,0.3500000000000085,0.10000000000000853,0.0,0.0,-0.9000000000000057,-0.15000000000000568,-0.09999999999999432,-0.09999999999999432,0.0,0.0,-0.01999999999999602,-0.0449999999999946,0.3929800673486237,-0.05749999999999744,0.27343058664729675,-0.11749999999999972,0.333933172410832,-9.000000000000284,-2.4285714285713924,-5.000000000000142,12.333333333332543,inf,7.000000000002558,inf,1,4,2008
2008-01-11,118.0,0.5,0.3999999999999915,0.3500000000000085,0.0,-0.28000000000000114,0.09999999999999432,-0.15000000000000568,-0.09999999999999432,-0.09999999999999432,-0.09999999999999432,-0.04999999999999716,0.12999999999999545,0.20000000000000284,0.2121320343559446,-0.007499999999998508,0.3183327100467561,-0.07166666666666661,0.36533504755182616,3.9999999999995737,inf,-4.333333333333207,-6.000000000000284,-7.249999999999023,6.142857142857839,inf,1,11,2008
2008-01-18,116.95,-0.5499999999999972,0.5,0.3999999999999915,-0.5799999999999983,0.0,0.0,-0.9000000000000057,-0.15000000000000568,-0.09999999999999432,-0.25,0.0,0.0,0.33750000000000213,0.17017148213882577,0.09000000000000163,0.34155108381783855,0.04500000000000052,0.29318005637243283,-2.571428571428525,-inf,2.666666666666509,6.857142857143582,4.500000000000284,-12.000000000000568,1.1999999999999886,1,18,2008
2008-02-01,117.5,-0.20000000000000284,0.0,-0.5499999999999972,0.10000000000000853,-0.5799999999999983,-0.28000000000000114,0.0,-0.9000000000000057,-0.15000000000000568,0.030000000000001137,-0.09999999999999432,0.0,0.08749999999999858,0.4767511580129164,0.02125000000000199,0.4106245243528413,-0.009166666666665435,0.3386190762315023,-1.4000000000000057,3.000000000000284,-3.000000000000142,-inf,-2.999999999999858,-4.999999999999147,-0.7999999999999972,2,1,2008
2008-02-08,117.5,-0.060000000000002274,-0.20000000000000284,0.0,0.3500000000000085,-0.04999999999999716,0.0,0.0,0.09999999999999432,-0.9000000000000057,-0.09999999999999432,-0.05000000000001137,-0.0800000000000125,-0.0625,0.4385107372307537,0.06875000000000142,0.3484019640751556,-0.025833333333332337,0.34302023087257705,-0.8909090909090862,-1.5999999999999717,-inf,-0.3999999999999432,-inf,-1.600000000000057,-inf,2,8,2008
2008-02-15,117.51,-0.03999999999999204,-0.060000000000002274,-0.20000000000000284,0.3999999999999915,0.10000000000000853,0.0,-0.28000000000000114,0.0,0.09999999999999432,-0.06999999999999318,0.10000000000000853,-0.09999999999999432,-0.20250000000000057,0.24635678733629174,0.06750000000000078,0.3489064549212466,-0.0074999999999991,0.3339603950389068,-inf,-1.1142857142856888,-inf,-0.6000000000000568,-0.6000000000000568,-0.6000000000000568,-1.1999999999999715,2,15,2008
2008-02-22,117.4,-0.09999999999999432,-0.03999999999999204,-0.060000000000002274,0.5,0.3500000000000085,-0.5799999999999983,0.0,0.0,0.0,-0.05999999999998806,0.0,-0.05000000000001137,-0.07499999999999929,0.08698658900462847,0.05000000000000071,0.35055058734184374,-0.01083333333333177,0.3340783341273878,-0.5000000000000355,-1.2499999999999911,-0.6428571428571646,0.0,-0.6000000000000227,-1.3333333333333017,-0.714285714285726,2,22,2008
2008-02-29,117.0,0.04999999999999716,-0.09999999999999432,-0.03999999999999204,-0.5499999999999972,0.3999999999999915,-0.04999999999999716,0.0,-0.28000000000000114,0.0,0.0,-0.09999999999999432,0.10000000000000853,-0.09999999999999787,0.07118052168016331,-0.006249999999999645,0.33109935927796985,-0.01916666666666463,0.3350293971723886,-1.8333333333332544,-0.9000000000000057,inf,-1.3333333333333017,-2.666666666666509,-0.5,-1.0714285714285685,2,29,2008
2008-03-07,116.91,0.0799999999999983,0.04999999999999716,-0.09999999999999432,0.0,0.5,0.10000000000000853,-0.5799999999999983,0.0,-0.28000000000000114,-0.09999999999999432,-0.25,0.0,-0.03749999999999787,0.0634428877021901,-0.049999999999998934,0.290369223083789,0.03333333333333499,0.2847433719663815,-3.0000000000003553,-1.145454545454543,inf,-1.5333333333333017,1.6666666666665089,2.9999999999978684,-1.1142857142857137,3,7,2008
2008-03-14,116.35,-0.20000000000000284,0.0799999999999983,0.04999999999999716,-0.20000000000000284,-0.5499999999999972,0.3500000000000085,-0.04999999999999716,0.0,0.0,-0.09999999999999432,-0.030000000000001137,-0.09999999999999432,-0.0024999999999977263,0.08261355820924507,-0.10249999999999915,0.20090865017286658,0.04416666666666794,0.2837559237133588,1.000000000000142,-inf,-0.6551724137930975,-0.777777777777776,1.000000000000142,18.999999999990052,-1.3333333333333413,3,14,2008
2008-03-28,116.99,-0.030000000000001137,0.0,-0.20000000000000284,-0.03999999999999204,-0.20000000000000284,0.5,0.3500000000000085,-0.04999999999999716,-0.5799999999999983,-0.15000000000000568,-0.09999999999999432,-0.030000000000001137,-0.017500000000001847,0.12606215398231088,-0.05874999999999986,0.104531266682671,-0.010000000000000378,0.27226324160133947,-1.3750000000000222,-0.5,-1.2999999999999858,-inf,-0.49999999999988154,-0.7999999999999811,-0.6999999999999715,3,28,2008
2008-04-04,117.47,0.09000000000000341,-0.030000000000001137,0.0,-0.09999999999999432,-0.060000000000002274,-0.5499999999999972,0.3999999999999915,0.10000000000000853,-0.04999999999999716,-0.15000000000000568,-0.06999999999999318,0.030000000000001137,-0.03750000000000142,0.11786291472155233,-0.037499999999999645,0.08762745818845397,-0.045833333333333094,0.23975208154687166,-1.4500000000000106,-3.250000000000533,-0.7428571428571393,inf,inf,inf,-0.6399999999999864,4,4,2008
2008-04-11,117.3,0.01999999999999602,0.09000000000000341,-0.030000000000001137,0.04999999999999716,-0.03999999999999204,0.0,0.5,0.3500000000000085,0.10000000000000853,-0.9000000000000057,-0.05999999999998806,-0.09999999999999432,-0.03500000000000014,0.12124355652979533,-0.018749999999998934,0.09760525454238407,-0.07999999999999947,0.17549928774783452,inf,-1.1999999999999715,-0.9500000000000088,-1.071428571428557,-1.1999999999999715,-1.1538461538461287,-0.960000000000008,4,11,2008
2008-04-18,117.65,0.30000000000001137,0.01999999999999602,0.09000000000000341,0.0799999999999983,-0.09999999999999432,-0.20000000000000284,-0.5499999999999972,0.3999999999999915,0.3500000000000085,0.09999999999999432,0.0,-0.06999999999999318,0.019999999999999574,0.05099019513586194,-0.011250000000000426,0.09804335775562709,-0.03250000000000005,0.09573875438351291,-11.0,5.000000000000568,-0.39999999999997726,inf,-4.000000000000284,-30.999999999943157,-0.5714285714285483,4,18,2008
2008-04-25,117.7,0.04999999999999716,0.30000000000001137,0.01999999999999602,-0.20000000000000284,0.04999999999999716,-0.060000000000002274,0.0,0.5,0.3999999999999915,0.0,-0.09999999999999432,-0.05999999999998806,0.09500000000000242,0.145258390463322,0.038750000000000284,0.13953366209320903,-0.0074999999999991,0.13578894050560447,-0.44444444444449704,-0.3750000000000222,-1.0909090909090862,inf,-1.5,-1.5,-2.0,4,25,2008
2008-05-02,117.76,-0.10999999999999943,0.04999999999999716,0.30000000000001137,0.0,0.0799999999999983,-0.03999999999999204,-0.20000000000000284,-0.5499999999999972,0.5,0.0,-0.09999999999999432,0.0,0.11500000000000199,0.12662279942146332,0.038750000000000284,0.13953366209320903,0.013333333333334233,0.12205314292130216,-6.500000000001066,-0.4500000000000106,-inf,-0.8103448275862073,-0.26666666666669825,-2.100000000000057,1.2000000000001139,5,2,2008
2008-05-09,117.85,-0.04000000000000625,-0.10999999999999943,0.04999999999999716,-0.030000000000001137,-0.20000000000000284,-0.09999999999999432,-0.060000000000002274,0.0,-0.5499999999999972,-0.28000000000000114,-0.09999999999999432,-0.09999999999999432,0.06500000000000128,0.17136705245367792,0.015000000000000568,0.14745459349527285,0.009166666666667803,0.12558650284551987,-1.133333333333349,-inf,-0.7999999999999716,-0.19999999999982943,-0.7333333333333018,-inf,-1.8000000000001706,5,9,2008
2008-05-16,117.82,-0.020000000000010232,-0.04000000000000625,-0.10999999999999943,0.09000000000000341,0.0,0.04999999999999716,-0.03999999999999204,-0.20000000000000284,0.0,0.0,-0.15000000000000568,-0.09999999999999432,0.05000000000000071,0.1790716802474974,0.03500000000000014,0.12294017127971084,0.00916666666666662,0.12558650284552036,-1.4000000000002273,-0.3333333333330175,-0.6666666666665088,-1.2000000000000852,-0.9777777777777665,-inf,-1.0571428571428874,5,16,2008
2008-05-23,117.75,-0.060000000000002274,-0.020000000000010232,-0.04000000000000625,0.01999999999999602,-0.030000000000001137,0.0799999999999983,-0.09999999999999432,-0.060000000000002274,-0.20000000000000284,0.0,-0.15000000000000568,-0.09999999999999432,-0.03000000000000469,0.06582805886038416,0.03249999999999886,0.12395275597696404,0.01583333333333196,0.12131539161385355,-0.45454545454543105,-1.6666666666666665,0.5000000000003553,-1.1714285714285737,-1.600000000000057,-0.6999999999999929,-0.6,5,23,2008
2008-06-06,117.75,-0.04000000000000625,0.0,-0.060000000000002274,0.04999999999999716,0.01999999999999602,0.0,0.0799999999999983,-0.09999999999999432,-0.03999999999999204,-0.04999999999999716,0.09999999999999432,-0.15000000000000568,-0.03000000000000469,0.025819888974582404,0.017499999999998295,0.12429802894655656,-1.1842378929335002e-15,0.12045368781855248,0.9999999999992895,-1.133333333333349,-1.8000000000001706,-1.0800000000000125,-inf,-0.8666666666666509,-1.1142857142857294,6,6,2008
2008-06-13,117.8,0.009999999999990905,-0.04000000000000625,0.0,-0.10999999999999943,0.30000000000001137,-0.030000000000001137,-0.20000000000000284,0.04999999999999716,-0.09999999999999432,0.10000000000000853,0.0,-0.9000000000000057,-0.03000000000000469,0.025819888974582404,0.00999999999999801,0.12592514783450504,0.013333333333331865,0.10403961949296449,-1.1666666666665089,-0.8000000000001706,-0.875000000000111,-1.0181818181818016,-1.0357142857142532,-1.1999999999998294,-0.8000000000001706,6,13,2008
2008-06-20,117.74,-0.010000000000005116,0.009999999999990905,-0.04000000000000625,-0.04000000000000625,0.04999999999999716,0.09000000000000341,0.0,0.0799999999999983,0.04999999999999716,0.3500000000000085,0.0,0.09999999999999432,-0.022500000000004405,0.03304037933589256,-0.026250000000004547,0.04838461975224377,0.01416666666666444,0.10396313449166371,-inf,-0.9090909090908621,-0.9499999999999751,-inf,-inf,-0.7999999999998864,-1.100000000000057,6,20,2008
2008-06-27,117.74,-0.030000000000001137,-0.010000000000005116,0.009999999999990905,-0.020000000000010232,-0.10999999999999943,0.01999999999999602,-0.030000000000001137,-0.20000000000000284,0.0799999999999983,0.3999999999999915,-0.28000000000000114,0.0,-0.010000000000005116,0.021602468994532706,-0.03375000000000483,0.03852179346066743,0.015833333333330774,0.10334921676558104,-0.2500000000000888,-0.2500000000000888,-inf,-0.8499999999999964,-inf,-0.3999999999999432,-1.0750000000000017,6,27,2008
2008-07-04,117.65,-0.06999999999999318,-0.030000000000001137,-0.010000000000005116,-0.060000000000002274,-0.04000000000000625,0.30000000000001137,0.09000000000000341,0.0,-0.20000000000000284,0.5,0.0,0.0,-0.0175000000000054,0.02217355782592532,-0.023750000000005045,0.023260942125573898,0.005833333333330397,0.10130586748987992,-8.000000000005684,2.4999999999978684,1.3333333333330177,0.16666666666650887,-0.8793103448275976,2.5000000000003553,-0.30000000000012794,7,4,2008
2008-07-11,117.71,0.9099999999999966,-0.06999999999999318,-0.030000000000001137,0.0,-0.020000000000010232,0.04999999999999716,0.01999999999999602,-0.030000000000001137,0.0,-0.5499999999999972,0.0,-0.28000000000000114,-0.02500000000000213,0.03415650255309051,-0.02750000000000341,0.02815771906342675,-0.0016666666666687036,0.10347009522590955,-91.9999999999531,-16.166666666666035,9.11111111111069,-23.75000000000444,-19.200000000000966,6.0000000000002185,-7.066666666666414,7,11,2008
2008-07-18,117.7,-0.009999999999990905,0.9099999999999966,-0.06999999999999318,-0.04000000000000625,-0.060000000000002274,-0.10999999999999943,0.30000000000001137,0.09000000000000341,-0.030000000000001137,0.0,-0.5799999999999983,0.0,0.1999999999999993,0.4739901546094157,0.08874999999999744,0.33301383497643416,0.049166666666663396,0.2741750712536922,-0.6666666666669825,-inf,-1.4999999999996447,-0.9000000000000853,-1.0999999999999006,-inf,-1.0666666666666036,7,18,2008
2008-07-25,117.75,-0.010000000000005116,-0.009999999999990905,0.9099999999999966,0.009999999999990905,0.0,-0.04000000000000625,0.04999999999999716,0.01999999999999602,0.09000000000000341,-0.20000000000000284,-0.04999999999999716,0.0,0.20000000000000284,0.47399015460941357,0.09499999999999886,0.3302812654173884,0.04416666666666439,0.27470507601403393,-0.8571428571427702,-0.7499999999999112,-1.0333333333333492,-1.2000000000001136,-1.0285714285714425,-0.7999999999998864,-1.0200000000000102,7,25,2008
2008-08-01,117.74,-0.010000000000005116,-0.010000000000005116,-0.009999999999990905,-0.010000000000005116,-0.04000000000000625,-0.020000000000010232,-0.10999999999999943,0.30000000000001137,0.01999999999999602,-0.060000000000002274,0.10000000000000853,-0.5799999999999983,0.20500000000000185,0.47085029467973116,0.09374999999999822,0.3307108145451855,0.05249999999999725,0.2710962593216279,-1.0109890109890167,-2.000000000001421,-1.2000000000001136,-1.1250000000000666,-1.0250000000000132,-inf,-1.2000000000001705,8,1,2008
2008-08-08,117.71,0.009999999999990905,-0.010000000000005116,-0.010000000000005116,-0.030000000000001137,0.009999999999990905,-0.060000000000002274,-0.04000000000000625,0.04999999999999716,0.30000000000001137,-0.03999999999999204,0.3500000000000085,-0.04999999999999716,0.21999999999999886,0.45999999999999097,0.09749999999999837,0.32914391120862535,0.05499999999999735,0.27030286044293694,-2.0,-1.999999999998579,-1.0909090909090087,-1.0499999999999539,-0.9800000000000182,-1.1249999999998668,-0.8571428571429731,8,8,2008
2008-08-22,117.7,-0.03999999999999204,0.0,0.009999999999990905,0.9099999999999966,-0.030000000000001137,-0.04000000000000625,-0.060000000000002274,-0.04000000000000625,-0.10999999999999943,0.04999999999999716,0.5,0.3500000000000085,-0.0025000000000048317,0.009574271077200682,0.098749999999999,0.32869601675190474,0.062499999999997634,0.2678576623371538,2.999999999997158,-0.42857142857148656,0.9999999999985789,0.3333333333330175,-inf,-0.20000000000034102,-inf,8,22,2008
2008-08-29,117.5,-0.09999999999999432,-0.03999999999999204,0.0,-0.009999999999990905,-0.06999999999999318,0.009999999999990905,0.0,-0.020000000000010232,-0.04000000000000625,0.0799999999999983,-0.5499999999999972,0.3999999999999915,-0.010000000000001563,0.0216024689945262,0.09750000000000014,0.32927409338031016,0.05916666666666496,0.2689527952273471,-11.000000000008527,-1.1098901098901042,0.6666666666665089,-2.111111111111006,-0.5000000000000355,-1.999999999999858,-2.9999999999994316,8,29,2008
2008-09-05,117.64,0.010000000000005116,-0.09999999999999432,-0.03999999999999204,-0.010000000000005116,0.9099999999999966,-0.010000000000005116,-0.04000000000000625,-0.060000000000002274,-0.020000000000010232,-0.20000000000000284,0.0,0.5,-0.03249999999999886,0.04991659710616493,0.09375,0.33161671076280147,0.054166666666665954,0.2715095288243512,inf,-2.000000000001421,inf,-0.49999999999964473,-1.1666666666667456,inf,-0.8999999999999432,9,5,2008
2008-09-12,117.57,0.0,0.010000000000005116,-0.09999999999999432,-0.010000000000005116,-0.009999999999990905,-0.030000000000001137,0.009999999999990905,0.0,-0.060000000000002274,0.0,-0.20000000000000284,-0.5499999999999972,-0.03249999999999531,0.04991659710616896,-0.018749999999998934,0.03642506985969115,0.05416666666666714,0.271509528824351,-1.0,-1.0,-1.0,-1.0,-1.0,-1.0,-1.0,9,12,2008
2008-09-19,117.69,-0.01999999999999602,0.0,0.010000000000005116,0.009999999999990905,-0.010000000000005116,-0.06999999999999318,-0.010000000000005116,-0.04000000000000625,0.0,-0.030000000000001137,-0.060000000000002274,0.0,-0.03249999999999531,0.04991659710616896,-0.01750000000000007,0.03693623849667637,0.0550000000000009,0.27130995357540366,-0.8000000000000285,0.9999999999985789,-3.000000000001421,-1.399999999999943,-0.8000000000000285,-0.9200000000000159,-1.0666666666666509,9,19,2008
2008-09-26,117.59,-0.030000000000001137,-0.01999999999999602,0.0,0.0,-0.010000000000005116,0.9099999999999966,-0.030000000000001137,0.009999999999990905,-0.04000000000000625,0.09000000000000341,-0.03999999999999204,-0.20000000000000284,-0.027499999999996305,0.0499165971061692,-0.018749999999998934,0.036815175442401434,0.05583333333333466,0.2710403637613326,-3.999999999998579,-4.000000000002842,1.999999999998579,-0.7272727272727155,-1.600000000000057,0.0,-1.3000000000000285,9,26,2008
2008-10-03,117.51,-0.1599999999999966,-0.030000000000001137,-0.01999999999999602,-0.03999999999999204,0.009999999999990905,-0.009999999999990905,-0.06999999999999318,-0.010000000000005116,0.009999999999990905,0.01999999999999602,-0.09999999999999432,-0.060000000000002274,-0.00999999999999801,0.01825741858331758,-0.021249999999998437,0.03681517544240179,0.05916666666666733,0.26959425180455443,-inf,-inf,4.333333333333018,2.9999999999992895,-3.0,-6.333333333333018,-8.999999999995737,10,3,2008
2008-10-10,117.72,0.01999999999999602,-0.1599999999999966,-0.030000000000001137,-0.09999999999999432,0.0,-0.010000000000005116,0.9099999999999966,-0.030000000000001137,-0.010000000000005116,0.30000000000001137,0.04999999999999716,-0.03999999999999204,-0.05249999999999844,0.07274384280926854,-0.042499999999996874,0.058736700622334846,-0.029999999999998767,0.050632364784134326,-2.0,-1.5,-1.2857142857142567,-1.9999999999992895,-1.0999999999999788,-1.1999999999999715,-2.999999999998579,10,10,2008
2008-10-17,117.84,0.04000000000000625,0.01999999999999602,-0.1599999999999966,0.010000000000005116,-0.03999999999999204,-0.010000000000005116,-0.009999999999990905,-0.06999999999999318,-0.030000000000001137,0.04999999999999716,0.0799999999999983,-0.09999999999999432,-0.04749999999999943,0.07804912982640724,-0.03999999999999737,0.061178894586735096,-0.027499999999999858,0.052418768325138004,-2.333333333333491,-1.4000000000000852,-0.956043956043949,-1.6666666666667456,inf,-1.5714285714287164,-0.19999999999982943,10,17,2008
2008-10-24,117.9,0.05000000000001137,0.04000000000000625,0.01999999999999602,0.0,-0.09999999999999432,0.009999999999990905,-0.010000000000005116,0.9099999999999966,-0.06999999999999318,-0.10999999999999943,-0.20000000000000284,0.04999999999999716,-0.03249999999999886,0.08995369179005172,-0.029999999999997584,0.06740072064047184,-0.023333333333332245,0.055813542399213725,-1.3125000000000777,3.999999999998579,-6.000000000005684,inf,-2.6666666666669823,-1.8333333333336888,-1.333333333333428,10,24,2008
2008-10-31,117.68,-0.029999999999986926,0.05000000000001137,0.04000000000000625,-0.01999999999999602,0.010000000000005116,0.0,-0.010000000000005116,-0.009999999999990905,0.9099999999999966,-0.04000000000000625,0.0,0.0799999999999983,-0.012499999999995737,0.0991211380079615,-0.011249999999996874,0.0659951296904185,-0.01833333333333087,0.05967081414396425,-2.4999999999996447,-inf,1.9999999999971578,-0.2500000000004441,-1.3333333333331754,-inf,-inf,10,31,2008
2008-11-07,117.7,-0.030000000000001137,-0.029999999999986926,0.05000000000001137,-0.030000000000001137,0.0,-0.03999999999999204,0.009999999999990905,-0.010000000000005116,-0.009999999999990905,-0.020000000000010232,-0.030000000000001137,-0.20000000000000284,0.02000000000000668,0.0355902608400054,-0.01624999999999588,0.06566962768280298,-0.021666666666662355,0.05905826604190385,-1.7499999999999112,0.5000000000003553,1.999999999998579,-4.000000000002842,-2.5000000000003553,-0.6999999999999715,-0.7692307692307524,11,7,2008
2008-11-14,117.82,0.03999999999999204,-0.030000000000001137,-0.029999999999986926,-0.1599999999999966,-0.01999999999999602,-0.09999999999999432,0.0,-0.010000000000005116,-0.010000000000005116,-0.060000000000002274,0.09000000000000341,0.0,0.00750000000000739,0.043493294502255246,-0.01999999999999602,0.06546536707078246,-0.02416666666666245,0.0586915408699967,-0.20000000000034102,-2.3333333333330177,3.000000000002842,-4.999999999997158,-0.8666666666666982,-1.399999999999943,-4.9999999999914735,11,14,2008
2008-11-21,117.78,-0.060000000000002274,0.03999999999999204,-0.030000000000001137,0.01999999999999602,-0.030000000000001137,0.010000000000005116,-0.03999999999999204,0.009999999999990905,-0.010000000000005116,0.0,0.01999999999999602,-0.030000000000001137,0.007500000000003837,0.04349329450225171,-0.012499999999997513,0.06881652625432431,-0.01749999999999711,0.06121868401660315,1.0000000000009472,-0.6249999999999778,-inf,1.0,-2.200000000000114,-0.3999999999999432,-0.3999999999999432,11,21,2008
2008-11-28,119.1,-0.3500000000000085,-0.060000000000002274,0.03999999999999204,0.04000000000000625,-0.1599999999999966,0.0,-0.09999999999999432,0.0,0.009999999999990905,-0.04000000000000625,0.30000000000001137,0.09000000000000341,-0.019999999999999574,0.04242640687110733,-0.016249999999997655,0.07069805008422901,-0.01416666666666444,0.05728054299723538,10.666666666666508,-18.500000000003908,7.750000000001954,4.000000000000609,2.181818181818276,1.333333333333302,-4.500000000000284,11,28,2008
2008-12-05,125.0,0.5,-0.3500000000000085,-0.060000000000002274,0.05000000000001137,0.01999999999999602,-0.01999999999999602,0.010000000000005116,-0.03999999999999204,0.0,0.009999999999990905,0.04999999999999716,0.01999999999999602,-0.10000000000000497,0.17185265006198472,-0.03999999999999915,0.13158375931050378,-0.04416666666666558,0.11180001084186189,11.500000000002487,11.499999999998046,-6.000000000000284,-0.4505494505494485,-13.499999999998046,-4.333333333333207,inf,12,5,2008
2008-12-19,132.55,-1.1999999999999886,0.0,0.5,-0.030000000000001137,0.05000000000001137,-0.1599999999999966,-0.01999999999999602,0.010000000000005116,-0.09999999999999432,-0.030000000000001137,-0.04000000000000625,0.04999999999999716,0.0224999999999973,0.35311707218238825,0.015000000000000568,0.2330542548727322,-0.0008333333333325754,0.193177183545113,2.4285714285713125,39.00000000001705,-inf,118.99999999993747,18.99999999999905,-13.000000000000568,4.999999999999858,12,19,2008
2008-12-26,136.25,-1.5,-1.1999999999999886,0.0,0.03999999999999204,-0.029999999999986926,0.01999999999999602,-0.030000000000001137,0.0,0.010000000000005116,-0.06999999999999318,-0.020000000000010232,-0.10999999999999943,-0.2624999999999993,0.7157455320619565,-0.14124999999999943,0.48695665691545964,-0.09833333333333154,0.396984848195703,-4.0,48.9999999999981,74.00000000001492,148.99999999992326,-inf,-inf,-inf,12,26,2008
2009-01-02,137.75,1.75,-1.5,-1.1999999999999886,-0.060000000000002274,-0.030000000000001137,0.04000000000000625,-0.1599999999999966,-0.01999999999999602,0.0,0.9099999999999966,-0.060000000000002274,-0.04000000000000625,-0.5499999999999972,0.9539392014169393,-0.32500000000000107,0.6786120288605854,-0.2099999999999985,0.5676746827669358,inf,42.750000000008704,-59.333333333331126,174.00000000015916,-44.749999999993165,inf,-6.833333333333112,1,2,2009
2009-01-09,146.1,2.1999999999999886,1.75,-1.5,-0.3500000000000085,0.03999999999999204,0.05000000000001137,0.01999999999999602,-0.030000000000001137,-0.01999999999999602,-0.009999999999990905,0.0,-0.020000000000010232,-0.23749999999999716,1.474999999999995,-0.10250000000000092,1.0032910131875257,-0.06583333333333148,0.8025012980259465,-2.833333333333341,-37.66666666666509,-14.750000000000222,inf,219.00000000019895,-8.857142857142785,-45.000000000002274,1,9,2009
2009-01-16,147.75,-2.25,2.1999999999999886,1.75,0.5,-0.060000000000002274,-0.029999999999986926,0.04000000000000625,-0.1599999999999966,-0.030000000000001137,-0.010000000000005116,-0.04000000000000625,-0.060000000000002274,0.3125,1.9323452935056147,0.16749999999999865,1.295274377993212,0.11416666666666704,1.0365191603134796,0.5,5.428571428571272,-113.50000000002238,55.25000000001119,223.9999999998849,-inf,44.00000000000256,1,16,2009
2009-01-30,148.5,2.4000000000000057,0.0,-2.25,-1.1999999999999886,0.5,0.03999999999999204,-0.029999999999986926,0.04000000000000625,0.01999999999999602,0.009999999999990905,-0.010000000000005116,-0.04000000000000625,0.42499999999999716,2.0201072578784802,-0.0625,1.5525900019920587,-0.07500000000000166,1.2419229957097653,0.09090909090909904,inf,46.9999999999892,238.9999999998778,-35.28571428571771,-5.13793103448278,-121.00000000002416,1,30,2009
2009-02-06,147.65,2.4000000000000057,2.4000000000000057,0.0,-1.5,0.0,-0.060000000000002274,-0.030000000000001137,0.05000000000001137,0.04000000000000625,0.0,-0.030000000000001137,0.009999999999990905,0.5874999999999986,2.1818856523658585,0.1750000000000007,1.779646834948678,0.12749999999999892,1.4332932517299242,-2.066666666666669,-3.0000000000000235,-81.00000000003506,inf,1.6373626373626533,-49.00000000000284,17.461538461539153,2,6,2009
2009-02-13,148.05,-0.44999999999998863,2.4000000000000057,2.4000000000000057,1.75,-1.1999999999999886,-0.3500000000000085,0.03999999999999204,-0.029999999999986926,0.05000000000001137,-0.03999999999999204,-0.06999999999999318,-0.010000000000005116,0.6375000000000028,2.2328513161426593,0.4750000000000014,1.9409128927241557,0.3241666666666667,1.5750928303571259,-inf,-0.7000000000000075,13.999999999999053,21.500000000003908,44.00000000003979,-5.499999999999503,-inf,2,13,2009
2009-02-20,146.5,-1.5,-0.44999999999998863,2.4000000000000057,2.1999999999999886,-1.5,0.5,-0.060000000000002274,-0.030000000000001137,-0.029999999999986926,-0.09999999999999432,0.9099999999999966,-0.030000000000001137,1.0875000000000057,1.5266384640771997,0.5687500000000014,1.8650809059432998,0.29166666666666785,1.5877132402714693,-1.6249999999999987,-1.8571428571428572,-38.50000000000746,48.9999999999981,148.99999999992326,-5.285714285714182,29.000000000001705,2,20,2009
2009-02-27,147.0,-0.05000000000001137,-1.5,-0.44999999999998863,-2.25,1.75,0.0,-0.3500000000000085,0.03999999999999204,-0.030000000000001137,0.010000000000005116,-0.009999999999990905,-0.06999999999999318,0.7125000000000057,1.9951503702728768,0.5687500000000014,1.8650809059432998,0.19583333333333522,1.6628915578994705,-1.020833333333338,-1.022727272727278,-0.16666666666650876,-0.6874999999999223,3.999999999998579,-1.125000000000031,-inf,2,27,2009
2009-03-06,147.55,0.05000000000001137,-0.05000000000001137,-1.5,0.0,2.1999999999999886,-1.1999999999999886,0.5,-0.060000000000002274,0.03999999999999204,0.0,-0.010000000000005116,0.9099999999999966,0.10000000000000142,1.6507574019219176,0.34375,1.8099797749461959,0.15000000000000094,1.6613247725836133,-1.1111111111111391,-1.0222222222222273,-1.1428571428571719,1.5000000000010658,4.000000000005684,-0.8999999999999773,-1.6250000000000444,3,6,2009
2009-03-13,147.5,-0.09999999999999432,0.05000000000001137,-0.05000000000001137,2.4000000000000057,-2.25,-1.5,0.0,-0.3500000000000085,-0.060000000000002274,-0.01999999999999602,-0.010000000000005116,-0.009999999999990905,-0.48749999999999716,0.7087253817005997,0.07500000000000284,1.6472921503398938,0.15416666666666856,1.6609770308374803,-0.9333333333333371,-inf,-1.1999999999999886,-3.499999999999467,-inf,-0.8181818181818276,0.0,3,13,2009
2009-03-27,147.0,-0.5,0.0,-0.09999999999999432,-0.44999999999998863,2.4000000000000057,2.1999999999999886,-1.5,0.0,0.5,-0.1599999999999966,0.0,-0.010000000000005116,-0.02499999999999858,0.0645497224367403,0.34375000000000355,1.36497972250768,0.37083333333333474,1.516643772720981,-10.999999999997726,-1.2083333333333328,-0.5833333333333294,15.66666666667393,4.000000000000284,1.4999999999999645,-5.999999999999574,3,27,2009
2009-04-03,147.55,0.5500000000000114,-0.5,0.0,-1.5,2.4000000000000057,-2.25,1.75,-1.1999999999999886,0.0,0.01999999999999602,-0.03999999999999204,0.009999999999990905,-0.13749999999999574,0.24958298553118816,-0.018749999999997158,1.100304341015313,0.18333333333333476,1.4689720173913405,-6.500000000000426,-2.2222222222222783,-1.3666666666666742,-19.333333333333016,53.999999999973,-10.166666666666508,inf,4,3,2009
2009-04-17,147.25,0.0,0.0,0.5500000000000114,0.05000000000001137,-1.5,2.4000000000000057,-2.25,1.75,-1.5,0.05000000000001137,0.010000000000005116,-0.03999999999999204,0.012500000000002842,0.4289036410819224,-0.19374999999999787,0.599665085098102,0.23333333333333664,1.1235765405277223,-1.0,-1.0,-1.0,-1.0,-1.0,-1.0,-1.0,4,17,2009
2009-04-24,147.0,-0.25,0.0,0.0,-0.09999999999999432,-0.05000000000001137,2.4000000000000057,0.0,2.1999999999999886,1.75,-0.029999999999986926,0.0,-0.09999999999999432,0.012500000000002842,0.4289036410819224,-0.006249999999997868,0.28465204322871873,0.23333333333333664,1.1235765405277223,-1.4545454545454453,-5.999999999998863,-0.8888888888888888,-0.28571428571430313,7.333333333333018,-6.000000000000284,7.333333333333018,4,24,2009
2009-05-01,147.5,-0.05000000000001137,-0.25,0.0,0.0,0.05000000000001137,-0.44999999999998863,2.4000000000000057,-2.25,2.1999999999999886,-0.030000000000001137,-0.01999999999999602,0.010000000000005116,0.07500000000000284,0.3378855822118834,-0.031249999999996447,0.29753451180373086,0.012500000000002842,0.8964893651450542,-inf,-0.4999999999998579,-inf,-1.1000000000000227,-0.6874999999999223,-1.6250000000001554,-2.6666666666669823,5,1,2009
2009-05-08,147.25,0.25,-0.05000000000001137,-0.25,-0.5,-0.09999999999999432,-1.5,2.4000000000000057,0.0,-2.25,0.03999999999999204,-0.030000000000001137,0.0,-0.07500000000000284,0.11902380714235107,-0.04374999999999929,0.2957285193261815,-0.19166666666666524,0.4902843948962541,inf,inf,-0.8958333333333336,inf,11.500000000002487,-2.2499999999999822,-3.500000000000142,5,8,2009
2009-05-15,147.25,0.09999999999999432,0.25,-0.05000000000001137,0.5500000000000114,0.0,-0.05000000000001137,-0.44999999999998863,2.4000000000000057,0.0,-0.060000000000002274,-0.1599999999999966,-0.01999999999999602,-0.012500000000002842,0.20564937798753508,0.0,0.31167748898958963,-0.13333333333333286,0.49833054625753387,-1.3999999999999773,-1.1999999999999886,-0.9583333333333358,-1.0833333333333295,1.499999999999467,inf,-2.4285714285714866,5,15,2009
2009-05-22,147.0,0.0,0.09999999999999432,0.25,0.0,-0.5,0.05000000000001137,-1.5,2.4000000000000057,2.4000000000000057,-0.3500000000000085,0.01999999999999602,-0.030000000000001137,0.012499999999995737,0.21360009363292254,0.01249999999999929,0.3136763573220902,0.0,0.2531618239208036,-1.0,-1.0,-1.0,-1.0,-1.0,-1.0,-1.0,5,22,2009
2009-06-05,147.0,-1.6699999999999875,0.0,0.0,-0.25,0.0,0.0,0.05000000000001137,-1.5,-0.44999999999998863,0.0,0.05000000000001137,0.01999999999999602,0.08749999999999858,0.11814539065628603,0.006249999999997868,0.1399936223036999,0.0,0.2522624895547539,-17.700000000000824,-inf,32.399999999992154,-1.7590909090909075,54.66666666666414,-84.50000000001599,15.700000000000824,6,5,2009
2009-06-12,147.0,-1.5,-1.6699999999999875,0.0,-0.05000000000001137,0.0,-0.5,-0.09999999999999432,-0.05000000000001137,-1.5,-1.1999999999999886,-0.029999999999986926,0.04000000000000625,-0.3924999999999983,0.8529703003817389,-0.20250000000000057,0.609255986546581,-0.13083333333333277,0.5455182412304342,-inf,5.0,-30.99999999999318,-0.33333333333333337,-38.50000000000746,-5.999999999999811,14.000000000000853,6,12,2009
2009-06-26,146.5,-1.8000000000000114,0.0,-1.5,0.09999999999999432,-0.05000000000001137,0.0,-0.5,-0.09999999999999432,0.05000000000001137,1.75,0.03999999999999204,-0.029999999999986926,-0.7924999999999969,0.917728173262642,-0.35875000000000057,0.7638518461436964,-0.2141666666666661,0.6693614098300646,0.07784431137726044,-8.200000000000045,-inf,-1.750000000000003,4.14285714285705,15.363636363636552,10.999999999999622,6,26,2009
2009-07-03,147.84,0.020000000000010232,-1.8000000000000114,0.0,0.0,0.25,0.0,0.5500000000000114,0.0,-0.09999999999999432,2.1999999999999886,-0.060000000000002274,-0.030000000000001137,-1.2424999999999997,0.8373917840533149,-0.5775000000000006,0.9010589008811458,-0.4100000000000013,0.7627223967771302,-1.01333333333334,-0.7999999999998864,-1.0400000000000205,-0.9916666666666625,-0.9599999999999795,-1.5000000000001776,-1.1333333333333966,7,3,2009
2009-07-10,147.0,-0.6999999999999886,0.020000000000010232,-1.8000000000000114,0.0,0.09999999999999432,-0.25,0.0,-0.5,0.0,-2.25,-0.3500000000000085,0.03999999999999204,-0.8200000000000003,0.9662297863344962,-0.6062499999999993,0.8741516295406473,-0.4083333333333338,0.763720954910688,-inf,-inf,-2.272727272727226,0.5555555555555696,-inf,33.999999999981526,-0.22222222222223975,7,10,2009
2009-07-17,148.7,0.39999999999997726,-0.6999999999999886,0.020000000000010232,-1.6699999999999875,0.0,-0.05000000000001137,0.0,0.5500000000000114,-0.5,0.0,0.5,-0.060000000000002274,-0.6199999999999974,0.8549463920815965,-0.7062499999999972,0.8262641829342472,-0.4666666666666662,0.7563949585589058,-1.222222222222208,inf,inf,-1.2666666666666515,-1.3333333333333175,-7.6666666666660355,3.0,7,17,2009
2009-07-24,150.69,-0.11000000000001364,0.39999999999997726,-0.6999999999999886,-1.5,0.0,0.25,-0.25,0.0,0.5500000000000114,2.4000000000000057,0.0,-0.3500000000000085,-0.5200000000000031,0.9676087363530043,-0.65625,0.8851139958865624,-0.4125000000000014,0.7955801199582099,-6.499999999997868,-0.9341317365269375,-inf,1.1999999999997728,-0.9266666666666575,-inf,-inf,7,24,2009
2009-07-31,156.7,0.19999999999998863,-0.11000000000001364,0.39999999999997726,0.0,-1.6699999999999875,0.09999999999999432,-0.05000000000001137,0.0,0.0,2.4000000000000057,-1.1999999999999886,0.5,-0.0975000000000037,0.4562437214179666,-0.6700000000000017,0.8742506995789453,-0.4175000000000016,0.7932800147603455,-1.285714285714274,-1.1333333333333258,-1.7999999999999545,2.999999999998863,-0.8857142857142922,-5.999999999998934,inf,7,31,2009
2009-08-07,153.8,-0.44999999999998863,0.19999999999998863,-0.11000000000001364,-1.8000000000000114,-1.5,0.0,0.25,-0.25,0.0,-0.44999999999998863,-1.5,0.0,-0.052500000000009095,0.4799565952597309,-0.4362500000000047,0.8167870416629809,-0.42166666666666924,0.7895779463316616,-2.1250000000000355,-inf,7.999999999997726,3.500000000000142,-1.2045454545454504,-46.00000000003979,0.6071428571428099,8,7,2009
2009-08-14,156.0,1.6899999999999977,-0.44999999999998863,0.19999999999998863,0.020000000000010232,0.0,0.0,0.09999999999999432,-0.05000000000001137,-0.25,-1.5,1.75,-1.1999999999999886,0.009999999999990905,0.3715732319027434,-0.30500000000000327,0.6970140396208423,-0.46750000000000114,0.7723179397113543,-16.363636363634438,-1.9388888888888816,5.759999999999991,inf,-1.75111111111111,-169.9999999999133,inf,8,14,2009
2009-08-21,156.0,0.05000000000001137,1.6899999999999977,-0.44999999999998863,-0.6999999999999886,-1.8000000000000114,-1.6699999999999875,0.0,0.25,-0.05000000000001137,-0.05000000000001137,2.1999999999999886,-1.5,0.332499999999996,0.9431286585968304,-0.09375000000000355,0.9950439688777547,-0.326666666666668,0.989006235234806,-0.749999999999929,1.4999999999992895,-0.4999999999998579,-1.1000000000000227,inf,-2.6666666666669823,inf,8,21,2009
2009-08-28,154.0,0.5,0.05000000000001137,1.6899999999999977,0.39999999999997726,0.020000000000010232,-1.5,0.0,0.09999999999999432,0.25,0.05000000000001137,-2.25,1.75,0.3725000000000023,0.9212446291114268,0.1374999999999993,0.7183662018775586,-0.3225000000000004,0.9906116108931671,-2.111111111111139,-1.714285714285726,inf,-0.0909090909091097,-0.7916666666666672,-8.142857142857839,-1.8620689655172438,8,28,2009
2009-09-04,154.0,-0.0800000000000125,0.5,0.05000000000001137,-0.11000000000001364,-0.6999999999999886,0.0,-1.6699999999999875,0.0,0.09999999999999432,-0.09999999999999432,0.0,2.1999999999999886,0.4475000000000051,0.9147085145917513,0.197499999999998,0.7271421554866038,-0.14166666666666808,0.9176435566001065,-1.0473372781065164,-1.2000000000000426,-inf,-inf,-1.0333333333333385,-1.087912087912102,0.6000000000003411,9,4,2009
2009-09-11,153.95,-0.27000000000001023,-0.0800000000000125,0.5,0.19999999999998863,0.39999999999997726,-1.8000000000000114,-1.5,0.0,0.0,0.0,2.4000000000000057,-2.25,0.5399999999999991,0.8059363084843157,0.274999999999995,0.6463745044476883,-0.023333333333335798,0.8120382137597081,-6.399999999998977,1.4545454545452432,-0.8383233532934058,-inf,-0.39999999999996205,26.00000000002558,-3.6999999999998723,9,11,2009
2009-09-18,153.75,0.25,-0.27000000000001023,-0.0800000000000125,-0.44999999999998863,-0.11000000000001364,0.020000000000010232,0.0,-1.6699999999999875,0.0,-0.5,2.4000000000000057,0.0,0.04999999999999716,0.32751590292177113,0.1912499999999966,0.6708084142073838,-0.04583333333333665,0.815067853654285,-0.5,0.25000000000007105,-1.1666666666666667,-2.0,-1.1666666666666667,-25.99999999998721,-0.28571428571430313,9,18,2009
2009-09-25,150.4,0.20000000000001705,0.25,-0.27000000000001023,1.6899999999999977,0.19999999999998863,-0.6999999999999886,-1.8000000000000114,-1.5,-1.6699999999999875,0.5500000000000114,-0.44999999999998863,2.4000000000000057,0.09999999999999432,0.3424422092363378,0.2362499999999983,0.6596955466620263,0.12499999999999763,0.6005981866590812,-3.4999999999998224,-1.4444444444444935,inf,-4.999999999999432,-4.999999999999432,-20.999999999991473,-0.4999999999999467,9,25,2009
2009-10-02,146.1,-1.5,0.20000000000001705,0.25,0.05000000000001137,-0.44999999999998863,0.39999999999997726,0.020000000000010232,0.0,-1.5,0.0,-1.5,2.4000000000000057,0.02499999999999858,0.2444722206441145,0.23625000000000185,0.659695546662026,0.1399999999999982,0.5999848482935326,4.555555555555345,-1.8875739644970426,-0.16666666666667196,-7.0,-30.99999999999318,-151.00000000013642,-4.0,10,2,2009
2009-10-09,149.45,0.04999999999998295,-1.5,0.20000000000001705,0.5,1.6899999999999977,-0.11000000000001364,-0.6999999999999886,-1.8000000000000114,0.0,0.0,-0.05000000000001137,-0.44999999999998863,-0.3299999999999983,0.8144118532208783,0.10500000000000043,0.8825450211098083,0.07333333333333059,0.7317765845508901,-0.8000000000000682,-5.684341886080801e-13,1.4999999999978684,-0.5000000000001421,-1.499999999999858,inf,-1.0909090909090604,10,9,2009
2009-10-23,149.5,-0.19999999999998863,0.0,0.04999999999998295,-0.27000000000001023,0.5,-0.44999999999998863,-0.11000000000001364,-0.6999999999999886,0.020000000000010232,-0.05000000000001137,-0.09999999999999432,-0.05000000000001137,-0.3125,0.7962150044638245,-0.10625000000000284,0.6087443164885735,0.0533333333333322,0.7230784357470643,-0.8666666666666742,1.499999999999467,-1.5,-inf,-0.6000000000000227,1.0,-7.105427357601002e-14,10,23,2009
2009-10-30,150.85,-0.25,-0.19999999999998863,0.0,0.25,-0.0800000000000125,1.6899999999999977,0.19999999999998863,0.39999999999997726,-0.6999999999999886,0.25,0.0,0.05000000000001137,-0.4125000000000014,0.7330018190063761,-0.19375000000000142,0.5572877558830267,0.020000000000000757,0.724920058288559,-6.000000000001705,-0.07407407407410915,1.272727272726991,-0.8502994011976037,-1.4545454545454453,-25.99999999998721,3.166666666666509,10,30,2009
2009-11-06,151.15,-0.549999999999983,-0.25,-0.19999999999998863,0.20000000000001705,-0.27000000000001023,0.05000000000001137,-0.44999999999998863,-0.11000000000001364,0.39999999999997726,0.09999999999999432,-0.5,-0.09999999999999432,-0.10000000000000142,0.1471960144387653,-0.21499999999999986,0.5555692061814985,0.03666666666666648,0.7153680976612761,-inf,-3.199999999999932,-3.750000000000071,-0.6333333333333446,-inf,-inf,12.75000000000231,11,6,2009
2009-11-13,151.7,-0.20000000000001705,-0.549999999999983,-0.25,-1.5,0.25,0.5,1.6899999999999977,0.19999999999998863,-0.11000000000001364,0.0,0.5500000000000114,0.0,-0.2499999999999929,0.2273030282830755,-0.24999999999999645,0.5682051943243206,-0.14999999999999858,0.5064852147173395,1.4210854715202004e-13,-2.0,-0.5555555555555065,-inf,-inf,9.000000000002842,1.0000000000002842,11,13,2009
2009-11-20,149.7,-0.9000000000000057,-0.20000000000001705,-0.549999999999983,0.04999999999998295,0.20000000000001705,-0.0800000000000125,0.05000000000001137,-0.44999999999998863,0.19999999999998863,0.0,0.0,-0.5,-0.29999999999999716,0.16832508230600426,-0.3062499999999986,0.5328075905722671,-0.17083333333333428,0.502637739301073,2.6000000000000227,-0.39999999999999625,-1.532544378698229,-0.5,2.6000000000000227,28.99999999999905,-19.000000000001137,11,20,2009
2009-11-27,149.9,-0.15000000000000568,-0.9000000000000057,-0.20000000000001705,0.0,-1.5,-0.27000000000001023,0.5,1.6899999999999977,-0.44999999999998863,-1.6699999999999875,0.0,0.5500000000000114,-0.4750000000000014,0.3227486121839369,-0.4437500000000014,0.5253825137119428,-0.2875000000000014,0.49519738947762143,-0.7272727272727084,-4.000000000001137,-3.9999999999994316,-8.499999999996447,1.9999999999994316,-0.06249999999994449,-2.875000000000111,11,27,2009
2009-12-04,150.5,1.75,-0.15000000000000568,-0.9000000000000057,-0.19999999999998863,0.04999999999998295,0.25,-0.0800000000000125,0.05000000000001137,1.6899999999999977,-1.5,-0.25,0.0,-0.45000000000000284,0.34880749227425756,-0.27500000000000213,0.3105295017040503,-0.29333333333333417,0.49293800704335594,-9.749999999999254,inf,2.5,-3.5000000000000404,6.0,86.50000000001741,-9.749999999999876,12,4,2009
2009-12-18,149.25,-1.4499999999999886,0.0,1.75,-0.549999999999983,-0.19999999999998863,-1.5,0.25,-0.0800000000000125,0.5,-1.8000000000000114,0.25,-0.25,0.17499999999999716,1.1213830746002895,-0.0625,0.7845608416724035,-0.14583333333333334,0.7614156472510826,8.666666666666224,4.7999999999999545,4.370370370370125,12.181818181816444,-inf,-29.99999999999318,47.333333333331126,12,18,2009
2010-01-08,149.9,0.9000000000000057,0.0,0.0,-0.15000000000000568,-0.20000000000001705,-0.19999999999998863,0.04999999999998295,0.20000000000001705,0.25,0.39999999999997726,0.0,0.09999999999999432,-0.36249999999999716,0.7249999999999897,-0.11875000000000213,0.9199912654864841,-0.16249999999999906,0.746240577829961,-1.6206896551724226,-2.0,-1.6000000000000036,-0.4674556213017711,-1.6000000000000036,21.50000000000462,1.9999999999999054,1,8,2010
2010-01-15,151.1,-0.30000000000001137,0.9000000000000057,0.0,1.75,-0.9000000000000057,-0.25,0.0,-1.5,0.20000000000001705,-0.11000000000001364,-1.6699999999999875,0.0,-0.13749999999999574,0.9724325169388297,0.01875000000000071,0.9859504116768293,-0.08749999999999858,0.8068245838414346,-inf,1.0,-7.000000000002274,-6.999999999998863,-inf,4.0,-7.000000000000568,1,15,2010
2010-01-29,150.88,0.37999999999999545,0.0,-0.30000000000001137,-1.4499999999999886,1.75,-0.20000000000001705,-0.25,0.0,0.04999999999998295,-0.44999999999998863,0.0,-1.6699999999999875,0.14999999999999858,0.5196152422706627,0.11250000000000071,0.9230191144902036,-0.07500000000000047,0.8074933154803514,-0.5777777777777855,inf,-2.900000000000085,-5.749999999999201,17.999999999990052,-0.2400000000000091,-10.499999999998401,1,29,2010
2010-02-05,151.46,0.1599999999999966,0.37999999999999545,0.0,0.0,0.0,-0.9000000000000057,-0.549999999999983,-0.19999999999998863,0.0,1.6899999999999977,-1.8000000000000114,-1.5,0.24499999999999744,0.5177837386399842,-0.05874999999999986,0.6675421335016942,0.0024999999999977263,0.8023729012917062,-1.5333333333333017,-1.1103448275862053,-1.6399999999999864,-1.5925925925925575,-1.2285714285714273,inf,-8.999999999995737,2,5,2010
2010-02-12,151.0,-0.18999999999999773,0.1599999999999966,0.37999999999999545,0.0,-1.4499999999999886,-0.15000000000000568,-0.20000000000001705,-0.25,-0.19999999999998863,0.05000000000001137,0.020000000000010232,0.0,0.05999999999999517,0.2861235164516566,-0.038750000000000284,0.6719361683119222,0.03249999999999886,0.8008418865623378,-inf,-inf,-0.654545454545448,-1.759999999999991,-1.4750000000000214,-0.841666666666667,2.166666666666509,2,12,2010
2010-02-19,150.6,-0.15000000000000568,-0.18999999999999773,0.1599999999999966,0.9000000000000057,0.0,1.75,-0.9000000000000057,-0.549999999999983,-0.25,0.5,-0.6999999999999886,-1.8000000000000114,0.08749999999999858,0.2418505047889262,0.11874999999999858,0.37669379379771134,0.09166666666666619,0.7503191240257601,-1.3947368421052828,-inf,-0.2500000000000355,-1.7499999999999645,0.3636363636362463,-0.8999999999999962,-inf,2,19,2010
2010-02-26,150.3,0.20000000000001705,-0.15000000000000568,-0.18999999999999773,-0.30000000000001137,0.0,0.0,-0.15000000000000568,-0.20000000000001705,-0.549999999999983,-0.0800000000000125,0.39999999999997726,0.020000000000010232,0.04999999999999716,0.26993826454702385,0.09999999999999787,0.38704004960727095,0.09166666666666619,0.7503191240257601,0.2500000000001332,-0.7777777777777602,-1.2222222222222399,-1.1333333333333446,1.4210854715202004e-13,-0.885714285714276,-5.999999999999645,2,26,2010
2010-03-05,150.45,0.23999999999998067,0.20000000000001705,-0.15000000000000568,0.0,0.9000000000000057,-1.4499999999999886,1.75,-0.9000000000000057,-0.20000000000001705,-0.27000000000001023,-0.11000000000001364,-0.6999999999999886,0.005000000000002558,0.20338797080127932,0.125,0.38611619272663705,-0.037499999999999055,0.5439105040019293,-2.2631578947367554,-1.7999999999999052,-2.5999999999998105,3.8000000000012504,-1.533333333333304,-0.8909090909090991,23.000000000019895,3,5,2010
2010-03-12,150.3,-0.09999999999999432,0.23999999999998067,0.20000000000001705,0.37999999999999545,-0.30000000000001137,0.0,0.0,-0.15000000000000568,-0.9000000000000057,0.25,0.19999999999998863,0.39999999999997726,0.02499999999999858,0.22634781495151685,0.042499999999996874,0.23956806369558936,-0.017500000000000664,0.5497954164959867,-0.33333333333339654,-inf,-1.0571428571428538,-inf,-1.0591715976331328,-0.955555555555558,8.999999999994316,3,12,2010
2010-03-19,149.45,-0.35000000000002274,-0.09999999999999432,0.23999999999998067,0.1599999999999966,0.0,0.0,-1.4499999999999886,1.75,-0.15000000000000568,0.20000000000001705,-0.44999999999998863,-0.11000000000001364,0.04749999999999943,0.2008938359764331,0.067499999999999,0.20693339162982877,0.09499999999999886,0.3202129972945548,-2.7499999999999645,-1.9210526315790182,-inf,0.7500000000002132,-7.999999999998863,-inf,10.666666666666982,3,19,2010
2010-03-26,149.0,-0.8000000000000114,-0.35000000000002274,-0.09999999999999432,-0.18999999999999773,0.37999999999999545,0.9000000000000057,0.0,0.0,1.75,-1.5,1.6899999999999977,0.19999999999998863,-0.0025000000000048317,0.27693260311249734,0.023749999999996163,0.2547232391664067,0.0658333333333303,0.3446594718198704,-4.333333333333649,-6.000000000000178,-0.4482758620689533,2.2000000000000455,-2.6000000000000227,-1.3333333333333373,10.428571428572704,3,26,2010
2010-04-02,149.7,-0.05000000000001137,-0.8000000000000114,-0.35000000000002274,-0.15000000000000568,0.1599999999999966,-0.30000000000001137,0.0,-1.4499999999999886,0.0,0.04999999999998295,0.05000000000001137,-0.44999999999998863,-0.25250000000001194,0.4378260689665015,-0.12375000000000469,0.34471261322192026,-0.0008333333333373124,0.4262619410928496,-0.4999999999998579,-0.7368421052630949,-inf,-0.9090909090908856,-0.3749999999999556,-1.020833333333338,-1.0549450549450676,4,2,2010
2010-04-09,150.4,0.20000000000001705,-0.05000000000001137,-0.8000000000000114,0.20000000000001705,-0.18999999999999773,0.0,0.9000000000000057,0.0,-1.4499999999999886,0.0,0.5,1.6899999999999977,-0.32500000000000995,0.34278273002004633,-0.15000000000000568,0.3275885921613952,-0.0800000000000054,0.3182908903960189,-1.5714285714285832,-2.3333333333333965,inf,-2.0,-1.7407407407407758,-1.4444444444444935,-21.000000000019895,4,9,2010
2010-04-16,150.0,0.09999999999999432,0.20000000000001705,-0.05000000000001137,0.23999999999998067,-0.15000000000000568,0.37999999999999545,-0.30000000000001137,0.0,0.0,-0.19999999999998863,-0.0800000000000125,0.05000000000001137,-0.2500000000000071,0.43011626335213426,-0.10125000000000384,0.34909832835054394,-0.03833333333333636,0.31959728447285757,-1.1249999999999911,-0.500000000000071,-0.888888888888896,-1.111111111111104,-0.6000000000000227,-1.0666666666666629,-10.999999999994316,4,16,2010
2010-04-23,150.0,-0.2400000000000091,0.09999999999999432,0.20000000000001705,-0.09999999999999432,0.20000000000001705,0.1599999999999966,0.0,0.9000000000000057,0.0,-0.25,-0.27000000000001023,0.5,-0.13750000000000284,0.4534589286804269,-0.07000000000000384,0.3552463933666339,-0.030000000000003507,0.3219824952893055,3.7999999999990903,-2.000000000000118,-0.19999999999999996,0.6000000000000001,-2.1999999999999433,3.7999999999990903,22.99999999998863,4,23,2010
2010-04-30,150.5,-0.19999999999998863,-0.2400000000000091,0.09999999999999432,-0.35000000000002274,0.23999999999998067,-0.18999999999999773,0.37999999999999545,-0.30000000000001137,0.9000000000000057,-0.549999999999983,0.25,-0.0800000000000125,0.0024999999999977263,0.19155068954891194,-0.1250000000000071,0.341258176249511,-0.08166666666667055,0.2991452469752432,-1.999999999999858,1.0,-inf,-1.1142857142857079,-0.8666666666666742,-4.999999999998863,-21.000000000017053,4,30,2010
2010-05-07,150.69,0.5900000000000034,-0.19999999999998863,-0.2400000000000091,-0.8000000000000114,-0.09999999999999432,-0.15000000000000568,0.1599999999999966,0.0,-0.30000000000001137,-0.20000000000001705,0.20000000000001705,-0.27000000000001023,-0.03499999999999659,0.21809783737273064,-0.18000000000000327,0.30784968502733506,-0.11166666666666931,0.2906367096044426,4.90000000000037,-2.685714285714186,0.5526315789473959,inf,10.800000000004093,-6.90000000000037,inf,5,7,2010
2010-05-14,151.12,0.7199999999999989,0.5900000000000034,-0.19999999999998863,-0.05000000000001137,-0.35000000000002274,0.20000000000001705,-0.18999999999999773,0.37999999999999545,0.0,-0.9000000000000057,-1.5,0.25,0.0625,0.3830034812722475,-0.09375000000000355,0.4123776874939517,-0.04666666666666922,0.35222238154411367,-3.9999999999998814,-1.8999999999999857,3.500000000000089,-1.4965517241379342,inf,inf,-19.000000000003553,5,14,2010
2010-05-21,151.5,-0.3499999999999943,0.7199999999999989,0.5900000000000034,0.20000000000001705,-0.8000000000000114,0.23999999999998067,-0.15000000000000568,0.1599999999999966,0.37999999999999545,-0.15000000000000568,0.04999999999998295,0.20000000000001705,0.21750000000000114,0.5082240319649003,0.03999999999999915,0.4845911384131697,0.025833333333331154,0.41326765118401526,0.750000000000071,5.999999999998295,0.8421052631578869,-inf,0.750000000000071,-0.30000000000001137,2.500000000000142,5,21,2010
2010-05-28,151.5,-0.5500000000000114,-0.3499999999999943,0.7199999999999989,0.09999999999999432,-0.05000000000001137,-0.09999999999999432,0.20000000000001705,-0.18999999999999773,0.1599999999999966,1.75,0.0,-1.5,0.19000000000000483,0.5430162674051814,0.09625000000000128,0.39005265212348994,-0.020000000000003126,0.4225894203382501,-1.9322033898305224,-3.7499999999998224,2.6666666666666035,-inf,1.2000000000000455,-2.0,-55.999999999973,5,28,2010
2010-06-11,150.8,-0.38999999999998636,0.0,-0.5500000000000114,-0.19999999999998863,0.09999999999999432,-0.8000000000000114,-0.09999999999999432,0.20000000000001705,-0.15000000000000568,-1.4499999999999886,-0.25,0.0,-0.045000000000001705,0.5583606958469247,0.008749999999999147,0.44697195501667264,-0.07750000000000294,0.44025044525299023,0.11428571428569345,0.6249999999998817,-2.6250000000000737,0.29999999999990523,0.9499999999997655,-inf,18.500000000003197,6,11,2010
2010-06-18,151.25,0.05000000000001137,-0.38999999999998636,0.0,0.5900000000000034,-0.2400000000000091,-0.05000000000001137,-0.35000000000002274,0.23999999999998067,0.20000000000001705,0.0,-0.549999999999983,-0.19999999999998863,-0.322499999999998,0.23171462333366227,-0.05249999999999844,0.4658555876786552,-0.08083333333333324,0.44264614090784266,-1.0909090909091097,-1.250000000000071,-1.500000000000142,inf,-1.0555555555555678,-1.2000000000000455,-2.6666666666669823,6,18,2010
2010-06-25,150.82,-0.36000000000001364,0.05000000000001137,-0.38999999999998636,0.7199999999999989,-0.19999999999998863,0.20000000000001705,-0.8000000000000114,-0.09999999999999432,0.23999999999998067,0.0,-0.20000000000001705,-0.25,-0.2224999999999966,0.29386788414750203,-0.01624999999999588,0.4604326381629678,-0.00999999999999801,0.3807886552931932,-inf,-1.6101694915254434,0.028571428571400714,-1.947368421052679,1.4,6.199999999998636,1.2500000000001332,6,25,2010
2010-07-02,149.7,0.04999999999998295,-0.36000000000001364,0.05000000000001137,-0.3499999999999943,0.5900000000000034,0.09999999999999432,-0.05000000000001137,-0.35000000000002274,-0.09999999999999432,0.9000000000000057,-0.9000000000000057,-0.549999999999983,-0.17499999999999716,0.23216373532486667,-0.036249999999999005,0.47286172850603214,-0.03583333333333153,0.3940341086605041,-1.128205128205089,-0.9305555555555791,-1.0624999999999778,-0.6875000000000999,-0.9714285714285812,-0.8000000000000682,1.4999999999996447,7,2,2010
2010-07-09,150.55,1.0,0.04999999999998295,-0.36000000000001364,-0.5500000000000114,0.7199999999999989,-0.2400000000000091,0.20000000000001705,-0.8000000000000114,-0.35000000000002274,-0.30000000000001137,-0.15000000000000568,-0.20000000000001705,-0.16250000000000142,0.245679330293221,-0.10375000000000156,0.4042607892367038,-0.04833333333333437,0.38820878481309345,18.999999999995453,-3.8571428571429034,-20.999999999995453,-6.263157894736905,inf,9.000000000000568,23.999999999996092,7,9,2010
2010-07-16,150.1,-0.30000000000001137,1.0,0.04999999999998295,0.0,-0.3499999999999943,-0.19999999999998863,0.09999999999999432,-0.05000000000001137,-0.8000000000000114,0.0,1.75,-0.9000000000000057,0.18499999999999517,0.5766859341675202,-0.06875000000000142,0.4890059158274908,0.0266666666666661,0.49242135197286724,-0.16666666666666663,-0.45454545454544515,-2.499999999999929,1.0,-0.7931034482758526,-inf,-6.999999999998863,7,16,2010
2010-07-23,150.0,0.05000000000001137,-0.30000000000001137,1.0,-0.38999999999998636,-0.5500000000000114,0.5900000000000034,-0.2400000000000091,0.20000000000001705,-0.05000000000001137,0.37999999999999545,0.0,-0.15000000000000568,0.09749999999998948,0.6282449097817409,-0.06250000000000355,0.48520246142350426,0.021666666666665908,0.4956691222861048,5.684341886080801e-13,inf,-0.4999999999998579,-0.7499999999999645,inf,inf,-2.666666666667772,7,23,2010
2010-08-06,149.75,0.0,0.0,0.05000000000001137,-0.36000000000001364,-0.38999999999998636,-0.3499999999999943,0.5900000000000034,-0.2400000000000091,0.09999999999999432,-0.18999999999999773,0.0,0.0,0.1875,0.563286487204036,0.01249999999999929,0.4436778110295774,-0.006666666666667709,0.4594529025884682,-1.0,-1.0,-1.0,-1.0,-1.0,-1.0,-1.0,8,6,2010
2010-08-13,150.0,-0.3499999999999943,0.0,0.0,0.04999999999998295,0.05000000000001137,-0.5500000000000114,0.7199999999999989,-0.19999999999998863,-0.2400000000000091,-0.15000000000000568,0.0,-1.4499999999999886,-0.0625,0.1600781059358086,0.061249999999997584,0.413536576375052,-0.06666666666666761,0.39896077121653906,-7.999999999998295,-0.027777777777830415,-1.5932203389830377,-8.115730310009894e-14,0.16666666666660346,-inf,4.833333333333018,8,13,2010
2010-08-20,150.44,-0.009999999999990905,-0.3499999999999943,0.0,1.0,-0.36000000000001364,0.0,-0.3499999999999943,0.5900000000000034,-0.19999999999998863,0.20000000000001705,0.9000000000000057,0.0,-0.07499999999999574,0.1848422751068053,0.011249999999996874,0.4385182029126186,-0.06666666666666761,0.39896077121653906,-inf,-1.1999999999998863,-1.0138888888888762,-0.9875000000000116,-inf,-0.9944444444444496,-0.9714285714285981,8,20,2010
2010-08-27,151.25,-0.09999999999999432,-0.009999999999990905,-0.3499999999999943,-0.30000000000001137,0.04999999999998295,-0.38999999999998636,-0.5500000000000114,0.7199999999999989,0.5900000000000034,0.23999999999998067,-0.30000000000001137,0.0,-0.0899999999999963,0.17339742404851197,0.054999999999999716,0.4128991575260369,-0.021666666666665908,0.3688023203765796,-inf,-1.0999999999999943,-0.714285714285726,0.9999999999994316,-1.2631578947368303,-5.999999999997158,-1.1999999999999886,8,27,2010
2010-09-03,150.25,-0.75,-0.09999999999999432,-0.009999999999990905,0.05000000000001137,1.0,0.05000000000001137,0.0,-0.3499999999999943,0.7199999999999989,-0.09999999999999432,0.0,0.9000000000000057,-0.11499999999999488,0.16299284237861422,0.03625000000000256,0.41654831652522206,-0.029999999999998767,0.36939754392056146,1.1428571428571779,1.4999999999999054,0.36363636363633556,-4.74999999999968,-5.6875000000001,0.07142857142858894,-inf,9,3,2010
2010-09-24,153.2,-0.45000000000001705,0.0,0.0,-0.3499999999999943,0.0,1.0,-0.36000000000001364,-0.38999999999998636,0.0,-0.05000000000001137,-0.18999999999999773,0.37999999999999545,-0.21249999999999858,0.3614208073700153,-0.15124999999999744,0.27047247021250376,-0.03416666666666638,0.40182443776838206,-0.39999999999997726,-inf,-9.999999999998295,1.2500000000002132,-3.2499999999998934,-3.250000000000213,-1.2571428571428669,9,24,2010
2010-10-01,154.5,0.30000000000001137,-0.45000000000001705,0.0,-0.009999999999990905,0.0,-0.30000000000001137,0.04999999999998295,0.05000000000001137,-0.38999999999998636,0.20000000000001705,-0.15000000000000568,0.1599999999999966,-0.30000000000000426,0.36742346141746995,-0.20749999999999957,0.28110750358435244,-0.07583333333333304,0.41790512914978206,inf,-1.8571428571429034,-1.8333333333333335,-0.49152542372879726,0.2500000000001481,-1.6666666666667087,-0.8636363636363578,10,1,2010
2010-10-08,150.75,-0.6299999999999955,0.30000000000001137,-0.45000000000001705,-0.09999999999999432,-0.3499999999999943,0.05000000000001137,1.0,-0.36000000000001364,0.05000000000001137,0.09999999999999432,0.20000000000001705,-0.18999999999999773,-0.03750000000000142,0.30923292192132545,-0.16999999999999815,0.3287204630946216,-0.13416666666666544,0.2802744866711697,-inf,62.00000000005684,-13.600000000004206,-1.8749999999999951,5.3000000000003125,-1.372781065088755,-0.720000000000002,10,8,2010
2010-10-15,152.17,0.1699999999999875,-0.6299999999999955,0.30000000000001137,-0.75,-0.009999999999990905,0.0,-0.30000000000001137,0.04999999999998295,-0.36000000000001364,-0.2400000000000091,0.23999999999998067,-0.15000000000000568,-0.19500000000000028,0.4232020793899749,-0.2049999999999983,0.3636717515248364,-0.1616666666666641,0.3123760360187494,-1.3777777777777356,-2.6999999999999718,-0.8300000000000125,-1.4857142857142578,-1.4857142857142185,2.3999999999989767,inf,10,15,2010
2010-10-22,151.25,-0.6999999999999886,0.1699999999999875,-0.6299999999999955,0.0,-0.09999999999999432,0.0,0.05000000000001137,1.0,0.04999999999998295,-0.19999999999998863,-0.09999999999999432,0.20000000000001705,-0.1525000000000034,0.45653586934653445,-0.182500000000001,0.38253851346722195,-0.1516666666666661,0.32155399188467193,-3.333333333333207,-0.06666666666668186,1.333333333333207,0.27272727272722586,-0.12500000000002665,-2.3999999999999773,-1.2916666666666612,10,22,2010
2010-10-29,150.75,0.8000000000000114,-0.6999999999999886,0.1699999999999875,0.0,-0.75,-0.3499999999999943,0.0,-0.30000000000001137,1.0,0.5900000000000034,-0.35000000000002274,0.23999999999998067,-0.2149999999999963,0.5230997355508052,-0.2575000000000003,0.42094281932686883,-0.2099999999999985,0.3534505237331947,-2.2698412698412973,inf,14.99999999999659,inf,-16.99999999999659,-10.999999999998579,-0.6666666666666627,10,29,2010
2010-11-05,150.58,0.28000000000000114,0.8000000000000114,-0.6999999999999886,-0.45000000000001705,0.0,-0.009999999999990905,0.0,0.05000000000001137,-0.30000000000001137,0.7199999999999989,-0.8000000000000114,-0.09999999999999432,-0.0899999999999963,0.7126008700527887,-0.06374999999999886,0.5093115100660036,-0.14333333333333087,0.4569530179417348,0.6470588235295396,inf,inf,-1.717948717948746,0.3999999999998862,-2.0370370370370017,-1.6222222222222404,11,5,2010
2010-11-19,150.29,0.3400000000000034,0.0,0.28000000000000114,-0.6299999999999955,-0.45000000000001705,-0.75,-0.009999999999990905,0.0,0.0,-0.5500000000000114,0.20000000000001705,-0.8000000000000114,0.09500000000000597,0.6251133230596349,-0.02874999999999872,0.5237348702212914,-0.08999999999999868,0.46729395070301866,-0.5750000000000017,0.13333333333330177,-1.9714285714285968,-1.944444444444418,-2.416666666666627,0.6999999999998721,-7.799999999998522,11,19,2010
2010-11-26,150.7,0.22999999999998977,0.3400000000000034,0.0,0.1699999999999875,0.30000000000001137,0.0,-0.09999999999999432,-0.3499999999999943,0.0,0.0,0.09999999999999432,-0.05000000000001137,0.355000000000004,0.3316122233372334,0.07000000000000384,0.5071770612208003,-0.0533333333333322,0.48342214440069753,-0.17857142857146846,-1.3650793650793513,-24.000000000019895,3.600000000001364,-2.150000000000014,-1.1533333333333264,3.599999999998749,11,26,2010
2010-12-03,151.15,0.25,0.22999999999998977,0.3400000000000034,-0.6999999999999886,-0.6299999999999955,0.0,-0.75,-0.009999999999990905,-0.3499999999999943,-0.38999999999998636,-0.2400000000000091,0.20000000000001705,0.21249999999999858,0.14863265679742155,0.06125000000000114,0.5032306344297476,0.028333333333333616,0.4354273414669415,inf,0.4705882352942259,-3.500000000000142,-0.75,-0.5762711864406804,4.000000000001705,-3.500000000000142,12,3,2010
2010-12-10,151.78,0.18000000000000682,0.25,0.22999999999998977,0.8000000000000114,0.1699999999999875,-0.45000000000001705,0.0,-0.09999999999999432,-0.009999999999990905,0.05000000000001137,-0.19999999999998863,0.09999999999999432,0.2049999999999983,0.14479871085980017,0.17125000000000057,0.4198107566851604,0.04916666666666695,0.4399061539037879,-0.4705882352941029,-1.257142857142871,-1.240000000000009,-1.6,-0.7499999999999901,inf,inf,12,10,2010
2010-12-17,154.5,-0.25,0.18000000000000682,0.25,0.28000000000000114,-0.6999999999999886,0.30000000000001137,0.0,-0.75,-0.09999999999999432,-0.36000000000001364,0.5900000000000034,-0.2400000000000091,0.25,0.06683312551916079,0.17250000000000298,0.4198213905936613,0.06416666666666752,0.44114434523558427,-2.086956521739179,-1.3124999999999956,-inf,-5.999999999998863,-0.28571428571427415,0.25000000000007105,-0.5,12,17,2010
2010-12-24,153.73,1.2800000000000011,-0.25,0.18000000000000682,0.0,0.8000000000000114,-0.6299999999999955,-0.45000000000001705,0.0,-0.75,0.04999999999998295,0.7199999999999989,-0.19999999999998863,0.10249999999999915,0.23683679331273544,0.22875000000000156,0.2989714510976369,0.0808333333333356,0.4233729998118614,4.1200000000000045,3.571428571428557,inf,inf,-3.3272727272726814,-6.1200000000000045,1.3272727272726814,12,24,2010
2010-12-31,151.95,0.04999999999998295,1.2800000000000011,-0.25,0.3400000000000034,0.28000000000000114,0.1699999999999875,0.30000000000001137,0.0,0.0,1.0,-0.3499999999999943,0.5900000000000034,0.365000000000002,0.6488194407280501,0.2887500000000003,0.44331341702488797,0.16250000000000142,0.5461955194383624,-0.7222222222223276,inf,-1.111111111111069,inf,inf,-1.0909090909090626,inf,12,31,2010
2011-01-07,152.2,0.19999999999998863,0.04999999999998295,1.2800000000000011,0.22999999999998977,0.0,-0.6999999999999886,-0.6299999999999955,-0.45000000000001705,0.0,-0.30000000000001137,-0.5500000000000114,0.7199999999999989,0.3149999999999977,0.6680568838055606,0.259999999999998,0.45134718977111543,0.2191666666666663,0.48875460162136475,-1.7999999999999545,-0.41176470588239233,-0.33333333333339654,-1.571428571428548,-1.5128205128205017,-1.999999999999858,inf,1,7,2011
2011-01-14,153.2,-0.700000000000017,0.19999999999998863,0.04999999999998295,0.25,0.3400000000000034,0.8000000000000114,0.1699999999999875,0.30000000000001137,-0.45000000000001705,0.05000000000001137,0.0,-0.3499999999999943,0.3199999999999932,0.6667833231267846,0.2849999999999966,0.4402921108277331,0.22166666666666637,0.488556935052484,-1.5468750000000129,-4.043478260869774,0.11111111111114624,69.00000000006537,-14.999999999997158,-0.22222222222220822,1.8000000000000682,1,14,2011
2011-01-21,152.25,-0.27000000000001023,-0.700000000000017,0.19999999999998863,0.18000000000000682,0.22999999999998977,0.28000000000000114,-0.6999999999999886,-0.6299999999999955,0.30000000000001137,0.0,-0.38999999999998636,-0.5500000000000114,0.20749999999998892,0.8162260716247712,0.15499999999999403,0.5592086244991995,0.22166666666666401,0.48855693505248887,-6.400000000002047,-2.080000000000041,-2.5882352941178244,1.700000000000256,-0.25,0.8,4.399999999998977,1,21,2011
2011-01-28,152.06,0.2599999999999909,-0.27000000000001023,-0.700000000000017,-0.25,0.25,0.0,0.8000000000000114,0.1699999999999875,-0.6299999999999955,0.0,0.05000000000001137,0.0,-0.18000000000001393,0.39824615503479033,0.09249999999999403,0.5772780958948656,0.13249999999999554,0.4707271937216848,0.30000000000002847,0.44444444444433917,-1.3714285714285643,-1.3466666666666545,4.200000000001592,-0.8514285714285766,0.03999999999996362,1,28,2011
2011-02-04,152.3,-0.19999999999998863,0.2599999999999909,-0.27000000000001023,1.2800000000000011,0.18000000000000682,0.3400000000000034,0.28000000000000114,-0.6999999999999886,0.1699999999999875,-0.3499999999999943,-0.36000000000001364,-0.38999999999998636,-0.12750000000001194,0.4492493739561535,0.0937499999999929,0.5776785438286601,0.13083333333332803,0.47019257821244054,-0.7142857142857375,-0.20000000000004547,-1.2499999999999822,-inf,-1.1999999999999886,-inf,-3.0,2,4,2011
2011-02-11,152.4,0.3499999999999943,-0.19999999999998863,0.2599999999999909,0.04999999999998295,-0.25,0.22999999999998977,0.0,0.8000000000000114,-0.6999999999999886,-0.009999999999990905,0.04999999999998295,0.05000000000001137,-0.22750000000000625,0.39305427954248606,0.04624999999999346,0.5851480276696776,0.11416666666666231,0.47871909268063484,-2.296296296296226,-0.7265625000000047,0.2499999999999747,inf,-2.1666666666666035,-1.2413793103448256,inf,2,11,2011
2011-02-18,153.73,0.6299999999999955,0.3499999999999943,-0.19999999999998863,0.19999999999998863,1.2800000000000011,0.25,0.3400000000000034,0.28000000000000114,0.8000000000000114,-0.09999999999999432,1.0,-0.36000000000001364,0.03499999999999659,0.31522478751941063,0.12124999999999275,0.5801831607346081,0.11499999999999488,0.47915645575418186,1.4230769230769904,11.600000000004206,inf,-2.399999999999937,11.599999999997044,inf,inf,2,18,2011
2011-03-04,154.2,-0.10000000000002274,0.0,0.6299999999999955,-0.27000000000001023,0.19999999999998863,-0.25,0.25,0.3400000000000034,0.0,0.0,0.05000000000001137,1.0,0.19500000000000028,0.36846528556521435,0.033749999999994174,0.41761012234584527,0.12749999999999537,0.5018714974971185,-1.2857142857143553,-0.8571428571428281,-1.4347826086957705,-0.8412698412698041,-inf,-1.1111111111111356,-0.9333333333333181,3,4,2011
2011-03-11,154.8,-0.04999999999998295,-0.10000000000002274,0.0,0.2599999999999909,-0.700000000000017,1.2800000000000011,0.18000000000000682,0.22999999999998977,0.3400000000000034,0.0,0.0,-0.30000000000001137,0.21999999999999176,0.33456439340331723,-0.0037500000000072475,0.4140026742494699,0.10416666666665957,0.5057030809285293,-1.0793650793650529,-0.814814814814885,-1.1999999999999318,-1.2941176470587448,-0.8571428571429036,-0.8333333333333965,-inf,3,11,2011
2011-03-18,155.55,-1.5,-0.04999999999998295,-0.10000000000002274,-0.19999999999998863,-0.27000000000001023,0.04999999999998295,-0.25,0.25,0.22999999999998977,-0.45000000000001705,0.0,0.05000000000001137,0.11999999999999744,0.34244220923633184,0.07749999999999702,0.30807002914457315,0.12083333333332764,0.4961755249054027,-inf,-6.769230769230971,-9.333333333333018,1.1428571428571779,149.00000000013642,-inf,-0.16666666666667196,3,18,2011
2011-03-25,155.35,-0.25,-1.5,-0.04999999999998295,0.3499999999999943,0.2599999999999909,0.19999999999998863,1.2800000000000011,0.18000000000000682,0.25,0.30000000000001137,-0.3499999999999943,0.0,-0.4125000000000014,0.7261485155714767,-0.0762500000000017,0.637291982868579,-0.11083333333333911,0.5516497296676768,1.4999999999994316,0.25000000000007105,0.0,-1.3124999999999956,1.500000000000142,-1.657894736842113,-13.499999999993605,3,25,2011
2011-04-01,153.9,-1.1500000000000057,-0.25,-1.5,0.6299999999999955,-0.19999999999998863,-0.700000000000017,0.04999999999998295,-0.25,0.18000000000000682,-0.6299999999999955,-0.009999999999990905,0.0,-0.4750000000000014,0.6885976086704476,-0.14000000000000057,0.6242252340759202,-0.1358333333333377,0.5504949563526389,22.000000000007958,-4.285714285714356,-1.8984375000000036,-5.107142857142861,0.533333333333341,-8.187500000000188,0.6428571428571777,4,1,2011
2011-04-08,154.3,0.05000000000001137,-1.1500000000000057,-0.25,0.0,0.3499999999999943,-0.27000000000001023,0.19999999999998863,1.2800000000000011,-0.25,0.1699999999999875,-0.09999999999999432,-0.3499999999999943,-0.7374999999999972,0.6980627956471174,-0.2587500000000027,0.7202467335176556,-0.2483333333333372,0.6103178506220148,-1.033333333333341,-0.920634920634902,5.684341886080801e-13,inf,inf,-1.263157894736905,-0.8749999999999645,4,8,2011
2011-04-15,154.75,-0.05000000000001137,0.05000000000001137,-1.1500000000000057,-0.10000000000002274,0.6299999999999955,0.2599999999999909,-0.700000000000017,0.04999999999998295,1.2800000000000011,-0.6999999999999886,-0.75,-0.009999999999990905,-0.7124999999999986,0.7318640584152227,-0.29625000000000057,0.6912501614569673,-0.18583333333333485,0.5981404264025018,-0.7999999999999545,-inf,-1.250000000000071,-1.1470588235294437,-inf,-0.6666666666666035,-0.5454545454544985,4,15,2011
2011-04-22,154.58,-0.06999999999999318,-0.05000000000001137,0.05000000000001137,-0.04999999999998295,0.0,-0.19999999999998863,-0.27000000000001023,0.19999999999998863,0.04999999999998295,0.8000000000000114,0.0,-0.09999999999999432,-0.3500000000000014,0.5477225575051634,-0.3812500000000014,0.5963804514377887,-0.16750000000000162,0.5986974497721139,-0.9391304347826149,-0.3000000000002274,-0.9000000000000121,-1.3043478260869403,-0.8444444444444655,-1.3499999999999361,-1.3499999999999859,4,22,2011
2011-04-29,154.5,0.4000000000000057,-0.06999999999999318,-0.05000000000001137,-1.5,-0.10000000000002274,0.3499999999999943,0.2599999999999909,-0.700000000000017,0.19999999999998863,0.28000000000000114,0.0,-0.75,-0.3049999999999997,0.5657738063926239,-0.39000000000000057,0.5904719661907255,-0.19500000000000028,0.5846910606154617,6.999999999998295,-9.000000000002842,-2.4814814814814463,0.6000000000000227,0.33333333333330173,0.6666666666668246,-1.888888888888924,4,29,2011
2011-05-06,154.95,0.04999999999998295,0.4000000000000057,-0.06999999999999318,-0.25,-0.04999999999998295,0.6299999999999955,-0.19999999999998863,-0.27000000000001023,-0.700000000000017,0.0,-0.45000000000001705,0.0,0.08250000000000313,0.218078731960106,-0.327499999999997,0.6491037777472224,-0.14500000000000077,0.6093588284567475,-1.9999999999994316,-1.033333333333322,-0.8076923076923666,-0.7222222222223276,-1.0793650793650529,-1.499999999999858,-0.970414201183442,5,6,2011
2011-05-13,155.7,-1.0,0.04999999999998295,0.4000000000000057,-1.1500000000000057,-1.5,0.0,0.3499999999999943,0.2599999999999909,-0.27000000000001023,0.3400000000000034,0.30000000000001137,0.0,0.08249999999999602,0.21807873196010738,-0.3150000000000013,0.6561358744302004,-0.1700000000000017,0.5931426319344949,13.285714285715677,3.0,4.000000000000284,3.0,-6.8823529411769035,1.8571428571426716,-20.999999999995453,5,13,2011
2011-05-20,156.6,0.19999999999998863,-1.0,0.04999999999998295,0.05000000000001137,-0.25,-0.10000000000002274,0.6299999999999955,-0.19999999999998863,0.2599999999999909,0.22999999999998977,-0.6299999999999955,-0.45000000000001705,-0.15500000000000114,0.5975784467331409,-0.2525000000000013,0.5408128802354559,-0.3058333333333347,0.5797720293879344,-0.5000000000000355,-1.17391304347825,-0.4285714285714518,-0.843750000000009,-1.285714285714274,-1.2499999999999822,-0.6000000000000227,5,20,2011
2011-05-27,156.6,-0.09999999999999432,0.19999999999998863,-1.0,-0.05000000000001137,-1.1500000000000057,-0.04999999999998295,0.0,0.3499999999999943,-0.19999999999998863,0.25,0.1699999999999875,0.30000000000001137,-0.08750000000000568,0.624999999999993,-0.1962500000000027,0.5640146274698885,-0.28916666666666896,0.5921065373014796,-3.0000000000005684,-2.9999999999994316,-1.1587301587301508,-3.0000000000005684,-1.1249999999999911,0.9999999999994316,0.24999999999973355,5,27,2011
2011-06-03,155.1,-0.30000000000001137,-0.09999999999999432,0.19999999999998863,-0.06999999999999318,0.05000000000001137,-1.5,-0.10000000000002274,0.6299999999999955,0.3499999999999943,0.18000000000000682,-0.6999999999999886,-0.6299999999999955,-0.21250000000000568,0.539096466321184,-0.06500000000000128,0.4120679555607254,-0.28916666666666657,0.5921065373014803,-0.6999999999999886,4.999999999998863,-inf,-2.500000000000142,-2.0714285714286076,-2.499999999999929,0.11111111111111116,6,3,2011
2011-06-10,155.4,0.700000000000017,-0.30000000000001137,-0.09999999999999432,0.4000000000000057,-0.05000000000001137,-0.25,-0.04999999999998295,0.0,0.6299999999999955,-0.25,0.8000000000000114,0.1699999999999875,-0.30000000000000426,0.5099019513592689,-0.10875000000000412,0.4166683333299952,-0.3100000000000023,0.5873050933946254,2.500000000000284,-11.000000000001219,-7.999999999998579,-2.0,inf,6.000000000000568,1.8000000000000682,6,10,2011
2011-06-17,156.5,-0.15000000000000568,0.700000000000017,-0.30000000000001137,0.04999999999998295,-0.06999999999999318,-1.1500000000000057,-1.5,-0.10000000000002274,0.0,1.2800000000000011,0.28000000000000114,-0.6999999999999886,0.125,0.4349329450233313,-0.015000000000000568,0.5064723938323646,-0.1266666666666675,0.5217859772556244,0.5000000000001421,-1.3750000000000089,2.000000000001137,-0.4444444444444444,-1.4411764705882475,-0.375,-1.7499999999999645,6,17,2011
2011-06-24,155.85,-0.6500000000000057,-0.15000000000000568,0.700000000000017,-1.0,0.4000000000000057,0.05000000000001137,-0.25,-0.04999999999998295,-0.10000000000002274,0.04999999999998295,0.0,0.8000000000000114,0.03750000000000142,0.44976845895045825,-0.02500000000000213,0.5084991923016486,-0.11833333333333466,0.5204339680992356,1.1666666666666035,-14.000000000004547,-0.5666666666666629,-3.5000000000001092,-3.8260869565218893,2.250000000000213,-0.5666666666666629,6,24,2011
2011-07-01,151.05,-1.3999999999999773,-0.6500000000000057,-0.15000000000000568,0.19999999999998863,0.04999999999998295,-0.05000000000001137,-1.1500000000000057,-1.5,-0.04999999999998295,0.19999999999998863,0.3400000000000034,0.28000000000000114,-0.10000000000000142,0.5730037812557081,-0.15625000000000355,0.5185401899288312,-0.07666666666666799,0.4448561224676697,-2.9999999999999187,0.39999999999997726,4.599999999999909,6.000000000000284,-6.599999999999909,-3.3728813559321513,-29.000000000009095,7,1,2011
2011-07-08,152.42,-0.7800000000000011,-1.3999999999999773,-0.6500000000000057,-0.09999999999999432,-1.0,-0.06999999999999318,0.05000000000001137,-0.25,-1.5,-0.700000000000017,0.22999999999998977,0.0,-0.3749999999999929,0.8817596044274142,-0.3374999999999986,0.6680194607943645,-0.19750000000000037,0.5828476332939495,4.19999999999981,-4.900000000000228,-0.32173913043478497,-3.228571428571468,-5.333333333333176,-2.0833333333333366,-inf,7,8,2011
2011-07-15,152.3,0.10000000000002274,-0.7800000000000011,-1.3999999999999773,-0.30000000000001137,0.19999999999998863,0.4000000000000057,-0.05000000000001137,-1.1500000000000057,-0.25,-0.27000000000001023,0.25,0.3400000000000034,-0.7449999999999974,0.5142308171758222,-0.3099999999999987,0.6408253606538495,-0.25833333333333286,0.6037734875285756,-1.1538461538461875,-2.000000000000284,1.0,-0.8412698412698041,-1.400000000000091,-1.2857142857143553,-1.500000000000142,7,15,2011
2011-07-22,152.0,-0.15000000000000568,0.10000000000002274,-0.7800000000000011,0.700000000000017,-0.09999999999999432,0.04999999999998295,-0.06999999999999318,0.05000000000001137,-1.1500000000000057,0.2599999999999909,0.18000000000000682,0.22999999999998977,-0.6824999999999903,0.6158124714553888,-0.32249999999999446,0.6303457101350911,-0.24416666666666487,0.6105505463898675,-0.892857142857137,-0.5,1.9999999999994316,-inf,-1.1171875000000044,-0.7272727272727226,-0.39999999999997726,7,22,2011
2011-07-29,152.7,-0.30000000000001137,-0.15000000000000568,0.10000000000002274,-0.15000000000000568,-0.30000000000001137,-1.0,0.4000000000000057,-0.05000000000001137,0.05000000000001137,-0.19999999999998863,-0.25,0.25,-0.5574999999999903,0.6727245597815812,-0.3287499999999959,0.6280681832867672,-0.28999999999999915,0.5775496830261719,-0.6153846153846014,-1.4285714285714344,3.2857142857148656,1.9999999999994316,-7.000000000002274,-inf,-0.45454545454541695,7,29,2011
2011-08-05,153.3,0.910000000000025,-0.30000000000001137,-0.15000000000000568,-0.6500000000000057,0.700000000000017,0.19999999999998863,0.04999999999998295,-0.06999999999999318,-0.05000000000001137,0.3499999999999943,1.2800000000000011,0.18000000000000682,-0.28249999999999886,0.3704389288398276,-0.3287499999999959,0.6280681832867672,-0.3191666666666653,0.5675699129275639,8.09999999999818,-7.066666666666603,1.27500000000003,-19.200000000006707,3.5500000000003835,-3.333333333333479,-5.549999999999737,8,5,2011
2011-08-12,153.55,-0.44999999999998863,0.910000000000025,-0.30000000000001137,-1.3999999999999773,-0.15000000000000568,-0.09999999999999432,-1.0,0.4000000000000057,-0.06999999999999318,0.6299999999999955,0.04999999999998295,-0.25,0.14000000000000767,0.5391969337202717,-0.3024999999999949,0.6794903552348213,-0.1599999999999966,0.6242668427115861,1.9999999999998104,-0.30769230769233125,-10.000000000002842,-0.7000000000000075,-0.35714285714288907,-9.999999999997726,-0.5000000000000158,8,12,2011
2011-08-19,153.5,0.0,-0.44999999999998863,0.910000000000025,-0.7800000000000011,-0.6500000000000057,-0.30000000000001137,0.19999999999998863,0.04999999999998295,0.4000000000000057,0.0,0.19999999999998863,1.2800000000000011,0.0025000000000048317,0.6172722251972849,-0.33999999999999275,0.6781487405324259,-0.21416666666666137,0.6183623288145644,-1.0,-1.0,-1.0,-1.0,-1.0,-1.0,-1.0,8,19,2011
2011-08-26,154.6,-0.28000000000000114,0.0,-0.44999999999998863,0.10000000000002274,-1.3999999999999773,0.700000000000017,-0.09999999999999432,-1.0,0.04999999999998295,-0.10000000000002274,-0.700000000000017,0.04999999999998295,0.04000000000000625,0.6094259594077088,-0.25874999999999204,0.6746308514397225,-0.2058333333333285,0.6207101260701827,-1.3076923076923004,-0.6410256410256401,-2.400000000000085,-0.756521739130435,-2.0769230769231193,-6.600000000001932,-1.1600000000000006,8,26,2011
2011-09-02,154.63,0.22999999999998977,-0.28000000000000114,0.0,-0.15000000000000568,-0.7800000000000011,-0.15000000000000568,-0.30000000000001137,0.19999999999998863,-1.0,-0.04999999999998295,-0.27000000000001023,0.19999999999998863,0.04500000000000881,0.6057777370180177,-0.11874999999999503,0.4967160010652874,-0.20416666666666097,0.620461094426533,-1.5111111111111013,1.2999999999993745,-3.3000000000000282,3.599999999998749,-2.150000000000014,-0.7700000000000102,inf,9,2,2011
2011-09-09,154.6,-0.9000000000000057,0.22999999999998977,-0.28000000000000114,-0.30000000000001137,0.10000000000002274,-0.6500000000000057,0.700000000000017,-0.09999999999999432,0.19999999999998863,-1.5,0.2599999999999909,-0.700000000000017,-0.125,0.3007213549672214,0.007500000000003837,0.4282772800084439,-0.24333333333332993,0.5710649275828007,-inf,4.999999999999811,1.9999999999999054,16.99999999999602,-3.5714285714286294,1.9999999999999054,-0.3793103448275774,9,9,2011
2011-09-23,156.52,-1.299999999999983,0.0,-0.9000000000000057,-0.44999999999998863,-0.30000000000001137,-0.7800000000000011,-0.6500000000000057,0.700000000000017,-0.30000000000001137,-1.1500000000000057,0.3499999999999943,0.2599999999999909,-0.23750000000000426,0.4884243373679548,-0.098749999999999,0.5323650063631187,-0.25166666666666276,0.5956483607775379,-6.652173913043655,-2.4285714285713706,7.666666666666224,-4.249999999999911,-inf,-inf,-inf,9,23,2011
2011-09-30,159.85,0.6399999999999864,-1.299999999999983,0.0,0.0,0.910000000000025,0.10000000000002274,-1.3999999999999773,-0.15000000000000568,0.700000000000017,0.05000000000001137,0.6299999999999955,-0.19999999999998863,-0.4924999999999997,0.7263321095293211,-0.22374999999999545,0.6825778343896015,-0.24333333333332993,0.5785771471044419,-1.7111111111110915,-2.422222222222228,-1.984615384615355,11.800000000004093,-7.399999999998409,inf,-0.2888888888889085,9,30,2011
2011-10-07,160.1,-3.8000000000000114,0.6399999999999864,-1.299999999999983,-0.28000000000000114,-0.44999999999998863,-0.15000000000000568,-0.7800000000000011,-0.6500000000000057,-0.15000000000000568,-0.05000000000001137,0.0,0.3499999999999943,-0.39000000000000057,0.8758234220815528,-0.2575000000000003,0.6225466132863245,-0.12499999999999763,0.6035124462074248,-inf,-inf,1.7142857142857664,2.8000000000000114,75.00000000002615,9.857142857143065,11.666666666666224,10,7,2011
2011-10-14,160.35,0.15000000000000568,-3.8000000000000114,0.6399999999999864,0.22999999999998977,0.0,-0.30000000000001137,0.10000000000002274,-1.3999999999999773,-0.6500000000000057,-0.06999999999999318,-0.10000000000002274,0.6299999999999955,-1.115000000000002,1.9635596926670351,-0.6762500000000031,1.4052141422979922,-0.45000000000000046,1.213334998333857,-1.1153846153846212,-1.5357142857143038,-1.1923076923076994,-0.24999999999992895,-1.1000000000000039,-16.00000000001421,inf,10,14,2011
2011-10-21,158.9,3.0500000000000114,0.15000000000000568,-3.8000000000000114,-0.9000000000000057,-0.28000000000000114,0.910000000000025,-0.15000000000000568,-0.7800000000000011,-1.3999999999999773,0.4000000000000057,-0.04999999999998295,0.0,-1.0775000000000006,1.9931612244539243,-0.6575000000000024,1.4164820608011337,-0.42499999999999954,1.223129369504902,3.765625000000119,12.26086956521803,29.49999999999318,-31.500000000001847,-13.200000000000045,-31.500000000001847,7.026315789473809,10,21,2011
2011-10-28,159.6,-1.0500000000000114,3.0500000000000114,0.15000000000000568,0.0,0.22999999999998977,-0.44999999999998863,-0.30000000000001137,0.10000000000002274,-0.7800000000000011,0.04999999999998295,-1.5,-0.10000000000002274,0.00999999999999801,2.8386733990839286,-0.24125000000000085,1.9369301005162072,-0.14583333333333096,1.583474076679237,-0.7236842105263136,0.16666666666667185,5.999999999999811,2.4999999999999054,-0.08695652173912505,0.40000000000001523,-7.562500000000211,10,28,2011
2011-11-04,157.1,0.6500000000000057,-1.0500000000000114,3.0500000000000114,-1.299999999999983,-0.9000000000000057,0.0,0.910000000000025,-0.15000000000000568,0.10000000000002274,-1.0,-0.25,-0.04999999999998295,-0.4125000000000014,2.8394174872087263,-0.401250000000001,1.9452905585394875,-0.3091666666666673,1.5656509441085156,3.333333333333207,inf,-3.1666666666666035,-0.07142857142858594,11.999999999997158,inf,-4.421052631579018,11,4,2011
2011-11-18,158.5,-0.05000000000001137,0.0,0.6500000000000057,-3.8000000000000114,-1.299999999999983,0.22999999999998977,0.0,0.910000000000025,-0.30000000000001137,-0.09999999999999432,0.05000000000001137,-0.25,0.6625000000000014,1.7389532291966214,-0.20749999999999957,1.9656024158366492,-0.21750000000000114,1.5886879949991926,-0.9523809523809421,-1.0781250000000195,-0.8888888888888609,-0.9230769230769063,-0.28571428571405366,-0.8888888888888679,-1.2500000000000355,11,18,2011
2011-11-25,159.5,0.05000000000001137,-0.05000000000001137,0.0,0.15000000000000568,0.6399999999999864,-0.9000000000000057,-0.28000000000000114,-0.44999999999998863,0.910000000000025,-0.30000000000001137,-0.05000000000001137,-1.1500000000000057,-0.11250000000000426,0.7016349953263944,-0.051250000000003126,1.915392071016873,-0.19833333333333533,1.5892527308217066,-0.9230769230769063,-1.0131578947368451,inf,-1.0357142857142945,-0.8749999999999734,-0.8333333333333017,-0.7916666666666026,11,25,2011
2011-12-02,161.4,0.20000000000001705,0.05000000000001137,-0.05000000000001137,3.0500000000000114,-3.8000000000000114,0.0,0.22999999999998977,0.0,-0.44999999999998863,0.700000000000017,-0.06999999999999318,0.05000000000001137,0.16250000000000142,0.32755406678388627,-0.125,1.896236874895726,-0.2133333333333335,1.5856878824680698,inf,0.33333333333339654,-1.7142857142857721,-1.256410256410278,3.0000000000017053,-1.3174603174603468,-3.000000000000284,12,2,2011
2011-12-09,161.7,-0.30000000000001137,0.20000000000001705,0.05000000000001137,-1.0500000000000114,0.15000000000000568,-1.299999999999983,-0.9000000000000057,-0.28000000000000114,0.0,-0.15000000000000568,0.4000000000000057,-0.05000000000001137,0.05000000000000426,0.1080123449734449,0.37500000000000355,1.181403523659166,-0.12166666666666497,1.5741366079873982,4.999999999998863,-1.0983606557377084,-2.304347826087064,-3.9999999999994316,-0.6999999999999886,-2.764705882353138,-0.1428571428571661,12,9,2011
2011-12-16,161.5,-0.4000000000000057,-0.30000000000001137,0.20000000000001705,0.6500000000000057,3.0500000000000114,0.6399999999999864,0.0,0.22999999999998977,-0.28000000000000114,-0.6500000000000057,0.04999999999998295,-0.06999999999999318,-0.02499999999999858,0.21015867021530518,0.3187500000000014,1.204140920799085,-0.14666666666666592,1.5744109047417414,-8.999999999998295,-0.6190476190476177,-0.555555555555552,1.6666666666666035,-3.000000000000142,-0.4285714285714112,-0.5,12,16,2011
2011-12-23,164.88,1.0,-0.4000000000000057,-0.30000000000001137,0.0,-1.0500000000000114,-3.8000000000000114,-1.299999999999983,-0.9000000000000057,0.22999999999998977,-1.3999999999999773,-1.0,0.4000000000000057,-0.11249999999999716,0.28394541729001477,-0.11250000000000071,0.4955156044825601,-0.07166666666666781,1.5354290684503922,3.9999999999995737,0.538461538461525,inf,-4.333333333333207,-11.000000000000568,0.24999999999998224,-20.999999999995453,12,23,2011
2011-12-30,162.2,-0.8000000000000114,1.0,-0.4000000000000057,-0.05000000000001137,0.6500000000000057,0.15000000000000568,0.6399999999999864,0.0,-0.9000000000000057,-0.7800000000000011,0.19999999999998863,0.04999999999998295,0.125,0.6396613687465158,0.1437500000000007,0.4708939067651763,-0.041666666666666664,1.5540026520003947,1.6666666666666035,-inf,-0.3846153846153678,-1.8791208791208676,1.6666666666666035,-3.857142857142886,-4.999999999999716,12,30,2011
2012-01-06,160.0,0.30000000000001137,-0.8000000000000114,1.0,0.05000000000001137,0.0,3.0500000000000114,-3.8000000000000114,-1.299999999999983,0.0,0.10000000000002274,-0.09999999999999432,-1.0,-0.1250000000000071,0.7804912982645402,-0.03750000000000142,0.5242341352596466,0.20833333333333334,1.0558997312359986,-1.7500000000000178,-6.999999999998863,-0.5312499999999722,-1.6666666666667087,-0.5714285714285656,inf,2.000000000000284,1,6,2012
2012-01-13,163.0,1.1899999999999977,0.30000000000001137,-0.8000000000000114,0.20000000000001705,-0.05000000000001137,-1.0500000000000114,0.15000000000000568,0.6399999999999864,-1.299999999999983,-0.15000000000000568,-0.30000000000001137,0.19999999999998863,0.02499999999999858,0.7932002689527217,0.0,0.537852874200479,0.2208333333333338,1.056034248182011,0.18999999999999773,22.799999999994544,-1.3131578947368405,inf,-8.933333333333017,2.4999999999999583,-5.958333333333136,1,13,2012
2012-01-20,160.85,-0.5500000000000114,1.1899999999999977,0.30000000000001137,-0.30000000000001137,0.05000000000001137,0.6500000000000057,3.0500000000000114,-3.8000000000000114,0.6399999999999864,-0.30000000000001137,0.700000000000017,-0.09999999999999432,0.42249999999999943,0.9003841772636096,0.15500000000000114,0.6810076567641726,0.06583333333333267,0.6683828289690057,-0.31249999999999556,-3.7499999999998224,-4.666666666666604,0.9642857142857468,-0.15384615384614375,-3.391304347826243,1.7500000000002132,1,20,2012
2012-01-27,160.9,0.6500000000000057,-0.5500000000000114,1.1899999999999977,-0.4000000000000057,0.20000000000001705,0.0,-1.0500000000000114,0.15000000000000568,-3.8000000000000114,0.910000000000025,-0.15000000000000568,-0.30000000000001137,0.03499999999999659,0.9025334712168136,0.0799999999999983,0.7257902097517103,0.10749999999999933,0.605086395033428,1.1666666666666035,-3.1666666666666035,-0.7868852459016382,1.8260869565218893,-1.464285714285726,1.6000000000000227,0.10169491525424057,1,27,2012
2012-02-03,159.95,-0.46999999999999886,0.6500000000000057,-0.5500000000000114,1.0,-0.30000000000001137,-0.05000000000001137,0.6500000000000057,3.0500000000000114,0.15000000000000568,-0.44999999999998863,-0.6500000000000057,0.700000000000017,0.39750000000000085,0.7300856114182771,0.13624999999999687,0.7533342551616803,0.10749999999999933,0.605086395033428,-1.3949579831932772,0.1749999999999805,-0.5523809523809583,-0.4777777777777823,-0.3974358974358998,-3.611111111111006,-1.6527777777777772,2,3,2012
2012-02-10,158.6,-0.30000000000001137,-0.46999999999999886,0.6500000000000057,-0.8000000000000114,-0.4000000000000057,0.05000000000001137,0.0,-1.0500000000000114,3.0500000000000114,0.0,-1.3999999999999773,-0.15000000000000568,0.2049999999999983,0.8551608035919319,0.11499999999999844,0.7696195720707002,0.06833333333333276,0.6274744954372619,-0.45454545454544515,-1.3000000000000114,-1.461538461538475,-inf,-3.9999999999994316,0.20000000000004547,-0.1428571428570965,2,10,2012
2012-02-17,158.0,-0.09999999999999432,-0.30000000000001137,-0.46999999999999886,0.30000000000001137,1.0,0.20000000000001705,-0.05000000000001137,0.6500000000000057,-1.0500000000000114,-0.28000000000000114,-0.7800000000000011,-0.6500000000000057,-0.16750000000000398,0.5548798668781079,0.12749999999999773,0.7608219239743309,0.04749999999999943,0.6358548290579918,-1.1538461538461438,-0.8750000000000089,-inf,-0.9230769230769265,-0.33333333333339654,-1.0781249999999956,-0.8181818181818323,2,17,2012
2012-02-24,157.25,0.5500000000000114,-0.09999999999999432,-0.30000000000001137,1.1899999999999977,-0.8000000000000114,-0.30000000000001137,0.05000000000001137,0.0,0.6500000000000057,0.22999999999998977,0.10000000000002274,-1.3999999999999773,-0.054999999999999716,0.49372732015421633,-0.010000000000001563,0.6751930940743663,0.034999999999998956,0.6372740241200687,-2.1702127659574737,0.8333333333333017,-11.999999999997726,-0.14062499999996392,-2.833333333333302,10.000000000003979,inf,2,24,2012
2012-03-02,157.4,0.15000000000000568,0.5500000000000114,-0.09999999999999432,-0.5500000000000114,0.30000000000001137,-0.4000000000000057,0.20000000000001705,-0.05000000000001137,0.0,-0.9000000000000057,-0.15000000000000568,-0.7800000000000011,-0.0799999999999983,0.44639295095987575,0.15875000000000128,0.6156167058904664,0.06416666666666515,0.6533196117915947,-1.5,-0.8739495798319278,1.9999999999994316,-1.0394736842105277,-0.8351648351648334,-0.24999999999992895,-1.3846153846154126,3,2,2012
2012-03-09,157.1,-0.4000000000000057,0.15000000000000568,0.5500000000000114,0.6500000000000057,1.1899999999999977,1.0,-0.30000000000001137,0.05000000000001137,-0.05000000000001137,0.0,-0.30000000000001137,0.10000000000002274,0.07500000000000284,0.3662876829305976,0.14000000000000057,0.6129786759283369,0.10166666666666657,0.6433553144305757,3.000000000000284,-0.27272727272727737,-2.999999999999858,-3.6666666666666035,-0.11111111111107608,-0.4285714285714344,-8.999999999998295,3,9,2012
2012-03-16,157.6,0.04999999999998295,-0.4000000000000057,0.15000000000000568,-0.46999999999999886,-0.5500000000000114,-0.8000000000000114,-0.4000000000000057,0.20000000000001705,0.05000000000001137,-1.299999999999983,0.910000000000025,-0.15000000000000568,0.05000000000000426,0.4020779360604922,-0.05874999999999986,0.4634170445105131,0.10166666666666657,0.6433553144305757,-0.909090909090942,-0.92307692307695,-1.1666666666666035,-0.9836065573770548,inf,-1.185185185185115,-1.1388888888888362,3,16,2012
2012-03-23,157.65,0.0,0.04999999999998295,-0.4000000000000057,-0.30000000000001137,0.6500000000000057,0.30000000000001137,1.0,-0.30000000000001137,0.20000000000001705,0.6399999999999864,-0.44999999999998863,-0.30000000000001137,0.08749999999999858,0.39024564913226895,0.01624999999999943,0.4189762182136011,0.022499999999998483,0.5778821049943762,-1.0,-1.0,-1.0,-1.0,-1.0,-1.0,-1.0,3,23,2012
2012-03-30,157.75,0.09999999999999432,0.0,0.04999999999998295,-0.09999999999999432,-0.46999999999999886,1.1899999999999977,-0.8000000000000114,-0.4000000000000057,-0.30000000000001137,-3.8000000000000114,0.0,0.910000000000025,-0.05000000000000426,0.241522945769812,-0.06500000000000128,0.33265168398362466,0.0891666666666661,0.5173438865684019,-1.2499999999999822,-1.3333333333333017,-0.9000000000000057,-0.8461538461538562,-0.5652173913043532,-1.5,-0.9000000000000057,3,30,2012
2012-04-06,157.55,-0.030000000000001137,0.09999999999999432,0.0,0.5500000000000114,-0.30000000000001137,-0.5500000000000114,0.30000000000001137,1.0,-0.4000000000000057,0.15000000000000568,-0.28000000000000114,-0.44999999999998863,-0.0625000000000071,0.22867371223352134,0.006249999999997868,0.2920830361386957,0.07249999999999801,0.5131387372206133,-1.6000000000002275,-0.6999999999999715,-0.9624999999999991,-inf,-0.9666666666666656,-1.0857142857142903,-0.9,4,6,2012
2012-04-13,157.35,-0.20000000000001705,-0.030000000000001137,0.09999999999999432,0.15000000000000568,-0.09999999999999432,0.6500000000000057,1.1899999999999977,-0.8000000000000114,1.0,3.0500000000000114,0.22999999999998977,0.0,0.02999999999999403,0.057154760664878054,0.03999999999999915,0.26608269391299705,-0.02916666666666856,0.37344729050815273,-inf,-1.363636363636387,-1.6666666666666983,2.9999999999994316,-inf,-1.3174603174603468,-4.999999999999432,4,13,2012
2012-04-20,157.15,-0.09999999999999432,-0.20000000000001705,-0.030000000000001137,-0.4000000000000057,0.5500000000000114,-0.46999999999999886,-0.5500000000000114,0.30000000000001137,-0.8000000000000114,-1.0500000000000114,-0.9000000000000057,-0.28000000000000114,-0.03250000000000597,0.12473304828042972,0.027499999999996305,0.27577164466275167,-2.3684757858670005e-15,0.34136091271156727,-2.0,-1.6666666666666035,-1.0840336134453736,-2.9999999999994316,-0.9230769230769265,-inf,-inf,4,20,2012
2012-04-27,157.55,0.13000000000002387,-0.09999999999999432,-0.20000000000001705,0.04999999999998295,0.15000000000000568,-0.30000000000001137,0.6500000000000057,1.1899999999999977,0.30000000000001137,0.6500000000000057,0.0,0.22999999999998977,-0.05750000000000455,0.12606215398231457,-0.053750000000004405,0.17840063260617103,-0.06250000000000237,0.27343355516635004,-5.3333333333339645,-1.325000000000055,-1.236363636363675,-0.34999999999993603,-0.7968749999999584,-2.299999999999943,inf,4,27,2012
2012-05-04,157.0,0.0,0.13000000000002387,-0.09999999999999432,0.0,-0.4000000000000057,-0.09999999999999432,-0.46999999999999886,-0.5500000000000114,1.1899999999999977,0.0,-1.299999999999983,-0.9000000000000057,-0.04999999999999716,0.13880441875770494,-0.05625000000000213,0.1752498216832109,-0.012500000000000474,0.2455837202185133,-1.0,-1.0,-1.0,-1.0,-1.0,-1.0,-1.0,5,4,2012
2012-05-11,157.7,0.19999999999998863,0.0,0.13000000000002387,0.09999999999999432,0.04999999999998295,0.5500000000000114,-0.30000000000001137,0.6500000000000057,-0.5500000000000114,-0.05000000000001137,0.6399999999999864,0.0,-0.042499999999996874,0.14103781998692502,-0.006250000000001421,0.10689614452487287,0.012500000000000474,0.22831895553051715,-3.0,inf,-1.4255319148935939,-1.4999999999999645,0.3333333333332069,-1.1333333333333258,-21.000000000017053,5,11,2012
2012-05-18,158.75,0.0,0.19999999999998863,0.0,-0.030000000000001137,0.0,0.15000000000000568,-0.09999999999999432,-0.46999999999999886,0.6500000000000057,0.05000000000001137,-3.8000000000000114,-1.299999999999983,0.05750000000000455,0.13375973484819492,0.01249999999999929,0.12903487900562555,0.037499999999999055,0.23128593086952448,-1.0,-1.0,-1.0,-1.0,-1.0,-1.0,-1.0,5,18,2012
2012-05-25,159.56,0.060000000000002274,0.0,0.19999999999998863,-0.20000000000001705,0.09999999999999432,-0.4000000000000057,0.5500000000000114,-0.30000000000001137,-0.46999999999999886,0.20000000000001705,0.15000000000000568,0.6399999999999864,0.08250000000000313,0.09945685831887009,0.01249999999999929,0.12903487900562555,-0.008333333333335228,0.16568498770713794,inf,-3.0,-1.600000000000057,-1.0750000000000017,-1.0571428571428587,-1.05217391304348,-1.080000000000003,5,25,2012
2012-06-01,160.35,0.75,0.060000000000002274,0.0,-0.09999999999999432,-0.030000000000001137,0.04999999999998295,0.15000000000000568,-0.09999999999999432,-0.30000000000001137,-0.30000000000001137,3.0500000000000114,-3.8000000000000114,0.06499999999999773,0.09433981132052491,0.007500000000000284,0.1258967831201282,-0.015833333333335513,0.15979864223642568,2.750000000000213,-4.74999999999968,0.36363636363633556,1.4999999999999054,0.15384615384614375,13.99999999999659,inf,6,1,2012
2012-06-08,162.75,0.44999999999998863,0.75,0.060000000000002274,0.13000000000002387,-0.20000000000001705,0.0,-0.4000000000000057,0.5500000000000114,-0.09999999999999432,-0.4000000000000057,-1.0500000000000114,0.15000000000000568,0.2524999999999977,0.3420891696619368,0.10500000000000043,0.28903781265234757,0.0799999999999983,0.23541066632202773,inf,-5.500000000000142,1.9999999999998104,-0.6218487394958072,inf,-9.999999999997726,inf,6,8,2012
2012-06-15,163.25,0.44999999999998863,0.44999999999998863,0.75,0.0,-0.09999999999999432,0.09999999999999432,0.04999999999998295,0.15000000000000568,0.5500000000000114,1.0,0.6500000000000057,3.0500000000000114,0.3149999999999977,0.3519943181359492,0.18625000000000114,0.2823340220377162,0.1133333333333321,0.25801104040272294,6.499999999999527,2.4615384615377383,-2.1249999999999556,-1.8181818181817806,-9.999999999997726,-7.4285714285718925,-1.999999999999937,6,15,2012
2012-06-22,162.81,0.3100000000000023,0.44999999999998863,0.44999999999998863,0.19999999999998863,0.13000000000002387,-0.030000000000001137,0.0,-0.4000000000000057,0.15000000000000568,-0.8000000000000114,0.0,-1.0500000000000114,0.4274999999999949,0.2828869031962992,0.254999999999999,0.26933781231540893,0.15083333333333115,0.2723453133376226,-0.5866666666666636,inf,5.20000000000216,-0.5230769230769238,5.199999999998636,-0.2250000000000053,0.033333333333301685,6,22,2012
2012-06-29,162.5,-0.0800000000000125,0.3100000000000023,0.44999999999998863,0.0,0.0,-0.20000000000001705,0.09999999999999432,0.04999999999998295,-0.4000000000000057,0.30000000000001137,-0.05000000000001137,0.6500000000000057,0.4899999999999949,0.18547236990989682,0.2774999999999963,0.2648854199730142,0.1683333333333318,0.2755105453627117,-1.17777777777781,-1.4000000000000852,-inf,-0.8297872340425262,-1.4000000000000283,-2.600000000000796,-0.8730158730158523,6,29,2012
2012-07-06,160.65,-1.299999999999983,-0.0800000000000125,0.3100000000000023,0.060000000000002274,0.19999999999998863,-0.09999999999999432,-0.030000000000001137,0.0,0.04999999999998295,1.1899999999999977,0.05000000000001137,0.0,0.28249999999999176,0.2505161338782936,0.26749999999999474,0.2780416207281536,0.1641666666666642,0.2791369274073621,-3.888888888888924,-inf,-14.000000000000568,3.333333333333112,3.333333333333112,0.29999999999998295,-8.647058823529875,7,6,2012
2012-07-13,162.15,0.0,-1.299999999999983,-0.0800000000000125,0.75,0.0,0.13000000000002387,-0.20000000000001705,0.09999999999999432,0.0,-0.5500000000000114,0.20000000000001705,-0.05000000000001137,-0.15500000000000114,0.7955920227520148,0.0799999999999983,0.6224835052318265,0.07250000000000038,0.5015815894837886,-1.0,-1.0,-1.0,-1.0,-1.0,-1.0,-1.0,7,13,2012
2012-07-20,161.1,-0.09999999999999432,0.0,-1.299999999999983,0.44999999999998863,0.060000000000002274,0.0,-0.09999999999999432,-0.030000000000001137,0.09999999999999432,0.6500000000000057,-0.30000000000001137,0.05000000000001137,-0.2674999999999983,0.7085842692768782,0.0799999999999983,0.6224835052318265,0.08083333333333324,0.4992805429876611,0.24999999999973355,-1.1333333333333258,-0.500000000000071,-1.1818181818181677,-1.0999999999999943,0.0,-1.1249999999999911,7,20,2012
2012-07-27,160.8,0.20000000000001705,-0.09999999999999432,0.0,0.44999999999998863,0.75,0.19999999999998863,0.13000000000002387,-0.20000000000001705,-0.030000000000001137,-0.46999999999999886,-0.4000000000000057,0.20000000000001705,-0.36999999999999744,0.621503553221257,0.05999999999999872,0.62577951388647,0.06166666666666506,0.5016306742348657,-1.153846153846169,-0.5555555555555065,-3.000000000000284,0.33333333333339654,-1.2500000000000178,-1.6666666666666983,-0.28571428571422774,7,27,2012
2012-08-03,161.75,0.5500000000000114,0.20000000000001705,-0.09999999999999432,0.3100000000000023,0.44999999999998863,0.0,0.0,-0.09999999999999432,-0.20000000000001705,-0.30000000000001137,1.0,-0.30000000000001137,-0.29999999999999005,0.6782329983125183,-0.008749999999999147,0.5665544356647613,0.07833333333333314,0.5027168610900529,inf,0.22222222222227828,3.2307692307685416,-2.375000000000009,0.8333333333333017,-0.2142857142857172,inf,8,3,2012
2012-08-10,158.12,-0.5799999999999841,0.5500000000000114,0.20000000000001705,-0.0800000000000125,0.44999999999998863,0.060000000000002274,0.19999999999998863,0.13000000000002387,-0.09999999999999432,-0.09999999999999432,-0.8000000000000114,-0.4000000000000057,0.16250000000000853,0.28686524130096747,0.003750000000003695,0.5790864110204644,0.1075000000000017,0.5202643558807333,4.80000000000017,-2.8709677419354187,-inf,-12.600000000003638,-1.4873949579831809,2.866666666666414,-2.7058823529411127,8,10,2012
2012-08-17,157.6,0.6500000000000057,-0.5799999999999841,0.5500000000000114,-1.299999999999983,0.3100000000000023,0.75,0.0,0.0,0.13000000000002387,0.5500000000000114,0.30000000000001137,1.0,0.017500000000012506,0.47877447718105504,-0.1249999999999929,0.5801970108752398,0.0591666666666697,0.5568165738999599,2.2499999999997513,-9.124999999998801,2.250000000000213,inf,-2.1818181818181674,-2.0,1.8260869565218893,8,17,2012
2012-08-24,157.95,-0.30000000000001137,0.6500000000000057,-0.5799999999999841,0.0,-0.0800000000000125,0.44999999999998863,0.060000000000002274,0.19999999999998863,0.0,0.15000000000000568,1.1899999999999977,-0.8000000000000114,0.2050000000000125,0.557763390695364,-0.08249999999999247,0.6271648222642164,0.10833333333333665,0.582359360053925,-1.5454545454545547,-0.7692307692307574,-inf,-4.000000000000284,-1.461538461538475,-0.7857142857142742,-2.2000000000000455,8,24,2012
2012-08-31,157.9,-0.15000000000000568,-0.30000000000001137,0.6500000000000057,-0.09999999999999432,-1.299999999999983,0.44999999999998863,0.75,0.0,0.19999999999998863,-0.4000000000000057,-0.5500000000000114,0.30000000000001137,0.0800000000000054,0.6125901294231417,-0.10999999999999233,0.6318453698719052,0.020833333333335702,0.555443448284718,-0.7413793103448107,-inf,-3.5,4.0,-0.6808510638297744,-0.8076923076923007,-1.8333333333333335,8,31,2012
2012-09-07,157.4,-0.4000000000000057,-0.15000000000000568,-0.30000000000001137,0.20000000000001705,0.0,0.3100000000000023,0.44999999999998863,0.060000000000002274,0.0,0.04999999999998295,0.6500000000000057,1.1899999999999977,-0.09499999999999886,0.5276678248039443,0.03375000000000483,0.4165826105691029,-0.029166666666663826,0.5400918833163832,-1.6153846153846187,3.000000000000284,-1.5333333333333408,0.9999999999998579,0.33333333333330173,-4.999999999999147,0.6000000000000227,9,7,2012
2012-09-14,157.3,-0.39999999999997726,-0.4000000000000057,-0.15000000000000568,0.5500000000000114,-0.09999999999999432,-0.0800000000000125,0.44999999999998863,0.75,0.060000000000002274,0.0,-0.46999999999999886,-0.5500000000000114,-0.05000000000000426,0.4778423728943812,-0.01624999999999588,0.444295188231555,-0.09999999999999669,0.5271190998764345,0.3333333333332069,-2.999999999999716,-1.8888888888888609,3.0,3.0,1.6666666666664138,-1.312499999999982,9,14,2012
2012-09-21,157.5,-0.0800000000000125,-0.39999999999997726,-0.4000000000000057,-0.5799999999999841,0.20000000000001705,-1.299999999999983,0.3100000000000023,0.44999999999998863,0.75,0.09999999999999432,-0.30000000000001137,0.6500000000000057,-0.3125,0.11814539065627948,-0.05374999999999375,0.4645716152696832,-0.15916666666666165,0.5166581133211808,-0.4666666666666035,-1.1454545454545653,-1.17777777777781,-1.6153846153845985,-1.1454545454545653,-0.7333333333333018,-2.600000000000796,9,21,2012
2012-10-05,156.95,0.44999999999998863,0.0,-0.0800000000000125,-0.30000000000001137,-0.5799999999999841,-0.09999999999999432,-1.299999999999983,0.3100000000000023,0.44999999999998863,-0.20000000000001705,0.5500000000000114,-0.30000000000001137,-0.21999999999999886,0.21039645117410302,-0.15749999999999886,0.3778416145877526,-0.05083333333332973,0.37164152653117666,-2.1250000000000355,-0.30769230769233125,-6.624999999998979,1.250000000000071,-2.1249999999999556,-2.0,-1.6428571428571108,10,5,2012
2012-10-12,157.15,0.15000000000000568,0.44999999999998863,0.0,-0.15000000000000568,0.6500000000000057,0.20000000000001705,0.0,-0.0800000000000125,0.3100000000000023,-0.09999999999999432,0.15000000000000568,-0.09999999999999432,-0.007500000000000284,0.3505590772846299,-0.028750000000002274,0.3886400280832715,-0.01333333333333068,0.39893798409215564,-2.874999999999778,-1.5,-1.1153846153846212,inf,2.000000000001137,inf,-1.5555555555555556,10,12,2012
2012-10-19,157.3,0.15000000000000568,0.15000000000000568,0.44999999999998863,-0.4000000000000057,-0.30000000000001137,0.5500000000000114,-0.09999999999999432,-1.299999999999983,-0.0800000000000125,0.13000000000002387,-0.4000000000000057,0.5500000000000114,0.12999999999999545,0.23366642891094275,-0.09125000000000227,0.2921074900003066,0.007500000000002653,0.40052522335734686,inf,-2.0,inf,1.5,inf,-1.5357142857143038,-0.42307692307688105,10,19,2012
2012-10-26,157.2,0.0,0.15000000000000568,0.15000000000000568,-0.39999999999997726,-0.15000000000000568,-0.5799999999999841,0.20000000000001705,0.0,-1.299999999999983,0.0,0.04999999999998295,0.15000000000000568,0.1875,0.1887458608817449,-0.03500000000000014,0.2894822965225909,0.0033333333333350388,0.3985960209018468,-1.0,-1.0,-1.0,-1.0,-1.0,-1.0,-1.0,10,26,2012
2012-11-02,156.75,0.25,0.0,0.15000000000000568,-0.0800000000000125,-0.4000000000000057,0.6500000000000057,0.5500000000000114,-0.09999999999999432,0.0,0.19999999999998863,0.0,-0.4000000000000057,0.1875,0.1887458608817449,-0.01624999999999943,0.2858040037708037,-0.04249999999999924,0.35975054488555125,0.6666666666666035,-1.6250000000000355,0.24999999999989342,-0.44444444444443043,-9.333333333333018,-1.277777777777776,-0.28571428571427415,11,2,2012
2012-11-09,157.3,0.20000000000001705,0.25,0.0,0.0,-0.39999999999997726,-0.30000000000001137,-0.5799999999999841,0.20000000000001705,-0.09999999999999432,0.0,0.09999999999999432,0.04999999999998295,0.13750000000000284,0.1030776406404093,0.06500000000000128,0.25145292089885046,0.0266666666666661,0.32513866505715644,0.33333333333339654,-3.4999999999998224,-0.6363636363636129,-0.5555555555555065,-2.0,inf,-0.6825396825396532,11,9,2012
2012-11-16,158.45,0.5,0.20000000000001705,0.25,0.44999999999998863,-0.0800000000000125,-0.15000000000000568,0.6500000000000057,0.5500000000000114,0.20000000000001705,0.060000000000002274,-0.030000000000001137,0.0,0.15000000000000568,0.10801234497343577,0.14000000000000057,0.1688617354946981,-0.010833333333332954,0.2675633598143618,inf,inf,-1.862068965517265,0.6129032258064397,-6.000000000000284,-1.3846153846153897,inf,11,16,2012
2012-11-23,157.4,-0.04999999999998295,0.5,0.20000000000001705,0.15000000000000568,0.0,-0.4000000000000057,-0.30000000000001137,-0.5799999999999841,0.5500000000000114,0.75,-0.20000000000001705,0.09999999999999432,0.23750000000000426,0.2056493779875337,0.21250000000000213,0.18468119248352646,0.05583333333333466,0.2878591301103306,-1.1999999999999318,-1.111111111111076,-1.07692307692305,-0.37500000000031086,-1.3846153846151827,-1.0781249999999751,-0.5000000000002842,11,23,2012
2012-11-30,157.3,0.10000000000002274,-0.04999999999998295,0.5,0.15000000000000568,0.44999999999998863,-0.39999999999997726,-0.15000000000000568,0.6500000000000057,-0.5799999999999841,0.44999999999998863,-0.09999999999999432,-0.030000000000001137,0.22500000000000853,0.2254624876411222,0.20625000000000426,0.19353386562266156,0.06416666666666988,0.28276100841308505,-0.49999999999992895,-0.333333333333207,-1.3333333333333965,-1.0769230769230955,inf,-1.02631578947369,-3.000000000001137,11,30,2012
2012-12-07,156.9,-0.3199999999999932,0.10000000000002274,-0.04999999999998295,0.0,0.15000000000000568,-0.0800000000000125,-0.4000000000000057,-0.30000000000001137,0.6500000000000057,0.44999999999998863,0.13000000000002387,-0.20000000000001705,0.1875000000000142,0.23228933107941635,0.16250000000000853,0.16850180160120365,0.10583333333333893,0.24205402602548806,-1.6399999999999864,-3.133333333333207,1.1333333333332072,-inf,-2.600000000000057,-3.133333333333207,-0.7866666666666712,12,7,2012
2012-12-14,157.55,-0.14999999999997726,-0.3199999999999932,0.10000000000002274,0.25,0.15000000000000568,0.0,-0.39999999999997726,-0.15000000000000568,-0.30000000000001137,0.3100000000000023,0.0,-0.09999999999999432,0.05750000000001165,0.3423813663153866,0.10375000000000867,0.24017478754320382,0.11250000000000426,0.22752122778085287,2.0000000000005684,-inf,-0.6250000000000622,0.4999999999998579,-inf,-1.0491803278688447,-0.40000000000009095,12,14,2012
2012-12-21,157.0,-0.09999999999999432,-0.14999999999997726,-0.3199999999999932,0.20000000000001705,0.0,0.44999999999998863,-0.0800000000000125,-0.4000000000000057,-0.15000000000000568,-0.0800000000000125,0.19999999999998863,0.13000000000002387,-0.10499999999998266,0.17635192088547075,0.0662500000000108,0.25489143347146176,0.10666666666667386,0.23371829715330084,-1.9999999999997158,-1.3999999999999773,-0.75,-1.499999999999929,-2.666666666666509,-0.9047619047619112,-0.913043478260875,12,21,2012
2012-12-28,156.1,-0.8000000000000114,-0.09999999999999432,-0.14999999999997726,0.5,0.25,0.15000000000000568,0.0,-0.39999999999997726,-0.4000000000000057,-1.299999999999983,0.0,0.0,-0.1174999999999855,0.17289206652319786,0.05375000000001151,0.26098371596709596,0.098333333333341,0.23957664681050575,1.5000000000000888,-4.999999999999716,8.999999999998579,-2.4545454545454453,-2.0666666666666815,-2.2307692307692375,-16.99999999999659,12,28,2012
2013-01-04,156.6,0.5,-0.8000000000000114,-0.09999999999999432,-0.04999999999998295,0.20000000000001705,0.15000000000000568,0.44999999999998863,-0.0800000000000125,-0.39999999999997726,0.0,0.060000000000002274,0.19999999999998863,-0.34249999999999403,0.31920474098400753,-0.07749999999998991,0.3834709897762798,-0.005833333333325659,0.32814792488458744,-4.333333333333838,0.0,inf,-1.862068965517265,0.11111111111113914,inf,-10.999999999997726,1,4,2013
2013-01-11,156.21,0.21000000000000796,0.5,-0.8000000000000114,0.10000000000002274,0.5,0.0,0.15000000000000568,0.0,-0.0800000000000125,-0.09999999999999432,0.75,0.0,-0.13749999999999574,0.531311270976501,-0.03999999999999204,0.4267150270212099,0.023333333333340533,0.3574997351132729,-3.100000000000199,-5.200000000001592,-0.5333333333333039,-0.6769230769230675,-0.5333333333333039,-5.199999999999204,-4.000000000000406,1,11,2013
2013-01-18,157.0,0.0,0.21000000000000796,0.5,-0.3199999999999932,-0.04999999999998295,0.25,0.15000000000000568,0.44999999999998863,0.0,0.20000000000001705,0.44999999999998863,0.060000000000002274,-0.04749999999999943,0.5582935309195932,-0.07624999999999105,0.3845196446774288,0.028333333333340722,0.3598442423992338,-1.0,-1.0,-1.0,-1.0,-1.0,-1.0,-1.0,1,18,2013
2013-01-25,156.9,-0.5,0.0,0.21000000000000796,-0.14999999999997726,0.10000000000002274,0.20000000000001705,0.0,0.15000000000000568,0.44999999999998863,0.5500000000000114,0.44999999999998863,0.75,-0.022500000000000853,0.5573972252053889,-0.06999999999999318,0.38541258041591725,0.028333333333340722,0.3598442423992338,-2.0,0.5625000000000333,-4.333333333333207,2.333333333333207,5.249999999999023,-3.499999999999787,-11.00000000000341,1,25,2013
2013-02-01,157.23,0.12999999999999545,-0.5,0.0,-0.09999999999999432,-0.3199999999999932,0.5,0.25,0.15000000000000568,0.15000000000000568,-0.5799999999999841,0.3100000000000023,0.44999999999998863,0.05250000000000199,0.4215348937711572,-0.14499999999999602,0.40546269865426376,-0.034166666666659275,0.3822768709464472,-0.3809523809524261,-1.8666666666667677,inf,-1.324999999999984,-1.0999999999999979,-1.4333333333333018,-1.1299999999999955,2,1,2013
2013-02-08,157.2,-0.10000000000002274,0.12999999999999545,-0.5,-0.8000000000000114,-0.14999999999997726,-0.04999999999998295,0.20000000000001705,0.0,0.15000000000000568,0.6500000000000057,-0.0800000000000125,0.44999999999998863,-0.03999999999999915,0.3186429558821714,-0.08874999999999744,0.40891625059417475,-0.03999999999999441,0.3788979234089785,-inf,2.8421709430404007e-13,-1.400000000000091,-0.749999999999929,-inf,-0.7499999999999467,-1.500000000000142,2,8,2013
2013-02-15,157.26,-0.020000000000010232,-0.10000000000002274,0.12999999999999545,0.5,-0.09999999999999432,0.10000000000002274,0.5,0.25,0.0,-0.30000000000001137,-1.299999999999983,0.3100000000000023,-0.11750000000000682,0.271830216618129,-0.08250000000000313,0.408227877539002,-0.0899999999999963,0.33860677112920495,-0.9599999999999795,-0.9749999999999875,-1.1000000000000427,-0.7499999999999112,-0.7999999999998864,-1.0200000000000102,-0.7999999999998864,2,15,2013
2013-02-22,157.4,0.05000000000001137,-0.020000000000010232,-0.10000000000002274,0.21000000000000796,-0.8000000000000114,-0.3199999999999932,-0.04999999999998295,0.20000000000001705,0.25,-0.15000000000000568,0.0,-0.0800000000000125,-0.12250000000000938,0.26911893281594196,-0.07250000000000512,0.4087175063537142,-0.08749999999999858,0.339039418464472,-0.6153846153845145,-0.8999999999999773,-0.8999999999999773,inf,-0.7499999999999645,-1.0625000000000133,-1.1666666666666983,2,22,2013
2013-03-01,158.0,-0.25,0.05000000000001137,-0.020000000000010232,0.0,0.5,-0.14999999999997726,0.10000000000002274,0.5,0.20000000000001705,-0.4000000000000057,-0.09999999999999432,-1.299999999999983,0.014999999999993463,0.09814954576221188,0.033749999999997726,0.2840491657643541,-0.09166666666666619,0.3368256450324333,1.4999999999994316,-2.1904761904761454,4.000000000001705,-1.5555555555555696,-1.4545454545454453,-1.8333333333333017,-1.3571428571428483,3,1,2013
2013-03-08,157.7,0.04999999999998295,-0.25,0.05000000000001137,-0.5,0.21000000000000796,-0.09999999999999432,-0.3199999999999932,-0.04999999999998295,0.5,-0.39999999999997726,0.20000000000001705,0.0,-0.0800000000000054,0.12884098726722865,-0.060000000000002274,0.22602149076074773,-0.08583333333333343,0.33309726489238506,-3.4999999999978684,inf,-0.5000000000002842,-0.666666666666793,-1.086206896551697,-0.9579831932773252,-1.333333333333207,3,8,2013
2013-03-15,158.5,-0.9799999999999898,0.04999999999998295,-0.25,0.12999999999999545,0.0,-0.8000000000000114,-0.14999999999997726,0.10000000000002274,-0.04999999999998295,-0.0800000000000125,0.5500000000000114,-0.09999999999999432,-0.04250000000000398,0.14221462653325356,-0.0800000000000054,0.20479955357093002,-0.06916666666667008,0.3345949609285647,-20.59999999999534,0.9599999999999795,2.0625000000000333,-7.533333333333018,-2.507692307692279,0.7818181818181265,0.5076923076922788,3,15,2013
2013-03-22,158.15,-0.37999999999999545,-0.9799999999999898,0.04999999999998295,-0.10000000000002274,-0.5,0.5,-0.09999999999999432,-0.3199999999999932,0.10000000000002274,0.0,-0.5799999999999841,0.20000000000001705,-0.28249999999999886,0.4860298344751969,-0.20250000000000412,0.3736212750136808,-0.14250000000000304,0.42593480081516244,0.5199999999999818,-3.9230769230769904,1.5333333333336872,-inf,0.26666666666660355,-1.5846153846153725,-0.7285714285714274,3,22,2013
2013-03-29,158.45,0.0,-0.37999999999999545,-0.9799999999999898,-0.020000000000010232,0.12999999999999545,0.21000000000000796,-0.8000000000000114,-0.14999999999997726,-0.3199999999999932,0.44999999999998863,0.6500000000000057,0.5500000000000114,-0.39000000000000057,0.43258910450139354,-0.18750000000000355,0.36220554543359545,-0.1075000000000017,0.3819834598989331,-1.0,-1.0,-1.0,-1.0,-1.0,-1.0,-1.0,3,29,2013
2013-04-05,157.4,-0.12000000000000455,0.0,-0.37999999999999545,0.05000000000001137,-0.10000000000002274,0.0,0.5,-0.09999999999999432,-0.14999999999997726,0.15000000000000568,-0.30000000000001137,-0.5799999999999841,-0.32750000000000057,0.47549097432722215,-0.20375000000000298,0.34858643117595894,-0.14916666666666836,0.3339422468667602,-0.8775510204081574,4.999999999997158,-0.8499999999999964,-1.5999999999999717,-0.6999999999999929,-0.6,-2.199999999999773,4,5,2013
2013-04-12,157.8,0.30000000000001137,-0.12000000000000455,0.0,-0.25,-0.020000000000010232,-0.5,0.21000000000000796,-0.8000000000000114,-0.09999999999999432,0.15000000000000568,-0.15000000000000568,0.6500000000000057,-0.36999999999999744,0.4365012409298759,-0.2062500000000007,0.3478069045564435,-0.17666666666666941,0.31471006377683486,-1.7894736842105656,4.999999999998863,-0.39999999999997726,-0.39999999999997726,-1.750000000000071,-4.000000000000284,-3.0,4,12,2013
2013-04-19,158.58,0.18000000000000682,0.30000000000001137,-0.12000000000000455,0.04999999999998295,0.05000000000001137,0.12999999999999545,0.0,0.5,-0.8000000000000114,0.0,-0.4000000000000057,-0.30000000000001137,-0.04999999999999716,0.28213471959330894,-0.166249999999998,0.3883274575480189,-0.15166666666666848,0.34085009590549364,inf,-1.7200000000000273,-0.1428571428571429,-4.600000000001364,-3.2499999999997335,-0.6727272727272671,-1.6,4,19,2013
2013-04-26,158.6,-0.30000000000001137,0.18000000000000682,0.30000000000001137,-0.9799999999999898,-0.25,-0.10000000000002274,-0.5,0.21000000000000796,0.5,0.25,-0.39999999999997726,-0.15000000000000568,0.09000000000000341,0.18654758106176517,-0.14999999999999858,0.4011768402373836,-0.09500000000000124,0.3341338871552115,1.5,-7.000000000002274,-inf,-3.9999999999994316,-inf,-3.0,-1.3296703296703332,4,26,2013
2013-05-03,157.9,-0.29999999999998295,-0.30000000000001137,0.18000000000000682,-0.37999999999999545,0.04999999999998295,-0.020000000000010232,0.12999999999999545,0.0,0.21000000000000796,0.20000000000001705,-0.0800000000000125,-0.4000000000000057,0.015000000000000568,0.2744084546802429,-0.15625,0.40334095821206045,-0.13083333333333513,0.33085174744570445,-1.9999999999999054,-0.6938775510204224,-0.4000000000000341,-0.0625000000000333,-1.6666666666666456,-0.2500000000000533,-0.33333333333335435,5,3,2013
2013-05-10,157.6,0.19999999999998863,-0.29999999999998295,-0.30000000000001137,0.0,-0.9799999999999898,0.05000000000001137,-0.10000000000002274,-0.5,0.0,0.5,0.0,-0.39999999999997726,-0.02999999999999403,0.3155946767611831,-0.19999999999999574,0.39670067881391863,-0.1474999999999985,0.33417809623013456,0.11111111111100591,-1.5263157894736605,0.5384615384615048,-2.3333333333334596,0.3333333333332069,3.000000000001137,inf,5,10,2013
2013-05-17,158.3,0.21999999999999886,0.19999999999998863,-0.29999999999998295,-0.12000000000000455,-0.37999999999999545,-0.25,-0.020000000000010232,0.12999999999999545,-0.5,-0.04999999999998295,0.44999999999998863,-0.0800000000000125,-0.054999999999999716,0.2830194339616829,-0.05249999999999844,0.2616295090390142,-0.12916666666666524,0.34757493196910777,-1.7333333333333019,inf,-3.1999999999994886,-3.200000000000114,0.4666666666666035,inf,-1.7857142857142785,5,17,2013
2013-05-24,157.9,-0.29999999999998295,0.21999999999999886,0.19999999999998863,0.30000000000001137,0.0,0.04999999999998295,0.05000000000001137,-0.10000000000002274,0.12999999999999545,0.10000000000002274,0.15000000000000568,0.0,-0.045000000000001705,0.29456182146818827,0.022500000000000853,0.23938910346366776,-0.11499999999999962,0.35882383624076813,0.0,1.4999999999997633,13.999999999991473,-0.6250000000000266,-inf,-4.0,-2.30434782608694,5,24,2013
2013-05-31,158.1,-0.20000000000001705,-0.29999999999998295,0.21999999999999886,0.18000000000000682,-0.12000000000000455,-0.9799999999999898,-0.25,-0.020000000000010232,-0.10000000000002274,-0.3199999999999932,0.15000000000000568,0.44999999999998863,-0.0449999999999946,0.29456182146818005,-0.014999999999997016,0.26549145802776547,-0.11916666666666487,0.36081872389767566,-2.000000000000142,-1.6666666666666983,-4.999999999999432,-1.400000000000034,-1.8000000000000682,5.666666666666982,-0.7777777777777602,5,31,2013
2013-06-07,159.6,0.799999999999983,-0.20000000000001705,-0.29999999999998295,-0.30000000000001137,0.30000000000001137,-0.37999999999999545,0.04999999999998295,0.05000000000001137,-0.020000000000010232,-0.14999999999997726,0.0,0.15000000000000568,-0.020000000000003126,0.26882460204872777,-0.02499999999999858,0.2714511268823719,-0.1399999999999982,0.35736408732424035,2.6363636363635776,3.444444444444181,-4.199999999999932,2.809523809523584,2.9999999999995737,-4.999999999999574,inf,6,7,2013
2013-06-14,162.5,1.4000000000000057,0.799999999999983,-0.20000000000001705,-0.29999999999998295,0.18000000000000682,0.0,-0.9799999999999898,-0.25,0.05000000000001137,-0.09999999999999432,0.25,0.15000000000000568,0.12999999999999545,0.5002665955934406,0.03749999999999787,0.3890556331866642,0.00833333333333286,0.3462482906641912,-5.666666666666951,-5.666666666666509,27.000000000009663,inf,1.8000000000000114,-15.000000000000853,-2.0769230769230953,6,14,2013
2013-06-21,159.95,-1.0500000000000114,1.4000000000000057,0.799999999999983,0.19999999999998863,-0.30000000000001137,-0.12000000000000455,-0.37999999999999545,0.04999999999998295,-0.25,-0.8000000000000114,0.20000000000001705,0.0,0.42499999999999716,0.8180260794538632,0.18999999999999773,0.6221621286173785,0.1566666666666663,0.5081755840675759,4.249999999999609,2.5000000000002367,0.07142857142859427,1.1000000000000227,20.00000000000739,-9.07692307692168,-2.640625000000053,6,21,2013
2013-06-28,162.48,0.9799999999999898,-1.0500000000000114,1.4000000000000057,0.21999999999999886,-0.29999999999998295,0.30000000000001137,0.0,-0.9799999999999898,0.04999999999998295,0.5,0.5,0.25,0.23749999999999005,1.0827241877166467,0.09624999999999773,0.7499321397871339,0.06916666666666534,0.6164629065495465,0.2250000000000134,3.9000000000002277,-3.5789473684210567,6.538461538461723,8.79999999999767,inf,-1.2578947368421018,6,28,2013
2013-07-05,161.4,0.05000000000001137,0.9799999999999898,-1.0500000000000114,-0.29999999999998295,0.19999999999998863,0.18000000000000682,-0.12000000000000455,-0.37999999999999545,-0.9799999999999898,0.21000000000000796,-0.04999999999998295,0.20000000000001705,0.5324999999999918,1.0845390726018138,0.2562499999999943,0.7888497503146117,0.16083333333333152,0.6656023701516646,-0.9642857142857063,-0.7727272727272199,inf,-1.5,-1.1562500000000389,-0.749999999999929,-0.6666666666666035,7,5,2013
2013-07-12,161.4,0.05000000000001137,0.05000000000001137,0.9799999999999898,-0.20000000000001705,0.21999999999999886,-0.30000000000001137,0.30000000000001137,0.0,-0.37999999999999545,0.0,0.10000000000002274,0.5,0.34499999999999886,1.0877040038539902,0.23749999999999716,0.7921534844063607,0.1399999999999982,0.6647624319327083,-1.0476190476190579,-1.166666666666714,-1.4166666666667456,-3.4999999999992895,-1.3333333333334596,inf,-0.9836065573770455,7,12,2013
2013-07-19,161.2,0.0,0.05000000000001137,0.05000000000001137,0.799999999999983,-0.29999999999998295,-0.29999999999998295,0.18000000000000682,-0.12000000000000455,0.0,-0.5,-0.3199999999999932,-0.04999999999998295,0.007500000000000284,0.8301957600469874,0.21624999999999872,0.794965183424493,0.12916666666666524,0.6651104943518537,-1.0,-1.0,-1.0,-1.0,-1.0,-1.0,-1.0,7,19,2013
2013-07-26,160.7,0.04999999999998295,0.0,0.05000000000001137,1.4000000000000057,-0.20000000000001705,0.19999999999998863,-0.30000000000001137,0.30000000000001137,-0.12000000000000455,0.12999999999999545,-0.14999999999997726,0.10000000000002274,0.2700000000000031,0.47391982444289554,0.2537499999999966,0.7739312907856488,0.1541666666666662,0.6530412535115032,-5.684341886080801e-13,-0.93750000000002,-0.7222222222223276,-1.1999999999999318,-1.0624999999999778,-0.9333333333333561,-0.92307692307695,7,26,2013
2013-08-02,160.09,0.4900000000000091,0.04999999999998295,0.0,-1.0500000000000114,0.799999999999983,0.21999999999999886,-0.29999999999998295,0.18000000000000682,0.30000000000001137,-0.10000000000002274,-0.09999999999999432,-0.3199999999999932,0.03750000000000142,0.024999999999862927,0.2849999999999966,0.7578729633463812,0.18333333333333002,0.6385684747696958,8.799999999997954,-0.6499999999999949,-2.6333333333333018,8.800000000003525,-0.01999999999998181,0.08888888888893653,inf,8,2,2013
2013-08-09,160.03,0.12999999999999545,0.4900000000000091,0.04999999999998295,0.9799999999999898,1.4000000000000057,-0.29999999999998295,0.19999999999998863,-0.30000000000001137,0.18000000000000682,-0.020000000000010232,-0.8000000000000114,-0.14999999999997726,0.14750000000000085,0.2295466546623196,0.24624999999999986,0.7353704120082223,0.20749999999999838,0.6447145245624745,inf,-1.123809523809518,-1.433333333333343,-1.1326530612244865,-0.3809523809524261,-0.7111111111111139,-3.599999999999318,8,9,2013
2013-08-16,161.4,0.30000000000001137,0.12999999999999545,0.4900000000000091,0.05000000000001137,-1.0500000000000114,-0.20000000000001705,0.21999999999999886,-0.29999999999998295,-0.30000000000001137,0.05000000000001137,0.5,-0.09999999999999432,0.16749999999999687,0.22156639336023679,0.08749999999999858,0.5689777801335584,0.1999999999999981,0.6450792763120453,5.000000000002274,-0.6938775510203934,0.5000000000001421,-1.7894736842105656,inf,-0.03225806451609947,4.999999999998863,8,16,2013
2013-08-23,161.3,-0.3199999999999932,0.30000000000001137,0.12999999999999545,0.05000000000001137,0.9799999999999898,0.799999999999983,-0.29999999999998295,0.19999999999998863,-0.29999999999998295,-0.25,0.21000000000000796,-0.8000000000000114,0.24249999999999972,0.1951708653120753,0.2562500000000014,0.33585445402094677,0.24999999999999764,0.6257649863821239,-1.65306122448977,-7.399999999998409,-2.454545454545431,-inf,-0.36000000000001364,2.9999999999992895,-2.5999999999998296,8,23,2013
2013-08-30,162.1,-1.4000000000000057,-0.3199999999999932,0.30000000000001137,0.0,0.05000000000001137,1.4000000000000057,-0.20000000000001705,0.21999999999999886,0.19999999999998863,0.04999999999998295,0.0,0.5,0.15000000000000568,0.3461213659975273,0.09375000000000355,0.23500379936137644,0.23999999999999963,0.6345076831686117,-11.76923076923119,-28.999999999993747,3.666666666666951,10.666666666666272,-11.76923076923119,0.07692307692309552,3.666666666666509,8,30,2013
2013-09-06,163.3,0.020000000000010232,-1.4000000000000057,-0.3199999999999932,0.04999999999998295,0.05000000000001137,-1.0500000000000114,0.799999999999983,-0.29999999999998295,0.21999999999999886,-0.9799999999999898,-0.5,0.21000000000000796,-0.322499999999998,0.7644769453685314,-0.08749999999999858,0.5797967624213551,0.05666666666666723,0.762845550117018,-0.9333333333333017,inf,-1.1000000000000427,-0.9333333333333017,-1.2000000000000568,inf,-1.050000000000025,9,6,2013
2013-09-13,161.85,-1.0,0.020000000000010232,-1.4000000000000057,0.4900000000000091,0.0,0.9799999999999898,1.4000000000000057,-0.20000000000001705,-0.29999999999998295,-0.37999999999999545,0.12999999999999545,0.0,-0.3499999999999943,0.744490877490565,-0.09124999999999872,0.578876683142199,-0.058333333333332384,0.6352785120549798,2.1250000000000666,-21.00000000000682,-2.2500000000000266,-6.555555555555345,48.99999999997442,9.000000000000568,-2.0,9,13,2013
2013-09-20,161.03,-0.06999999999999318,-1.0,0.020000000000010232,0.12999999999999545,0.04999999999998295,0.05000000000001137,-1.0500000000000114,0.799999999999983,-0.20000000000001705,0.0,-0.10000000000002274,-0.5,-0.6749999999999972,0.6429878174066251,-0.21624999999999872,0.6588070929447296,-0.054166666666664774,0.6283088171408777,-0.9500000000000051,-1.1428571428571264,-1.049999999999995,-0.7666666666666982,-2.399999999999545,-1.3499999999999361,-0.9125000000000097,9,20,2013
2013-09-27,159.85,-1.4000000000000057,-0.06999999999999318,-1.0,0.30000000000001137,0.4900000000000091,0.05000000000001137,0.9799999999999898,1.4000000000000057,0.799999999999983,-0.12000000000000455,-0.020000000000010232,0.12999999999999545,-0.6124999999999972,0.6987309925858469,-0.23124999999999574,0.6532214129112088,-0.14166666666666336,0.5377872734782342,-70.99999999996447,-11.76923076923119,0.3333333333333244,3.666666666666951,4.600000000000023,-3.5454545454545032,-5.666666666666509,9,27,2013
2013-10-04,160.2,-1.25,-1.4000000000000057,-0.06999999999999318,-0.3199999999999932,0.12999999999999545,0.0,0.05000000000001137,-1.0500000000000114,1.4000000000000057,0.30000000000001137,0.05000000000001137,-0.10000000000002274,-0.6124999999999972,0.6987309925858469,-0.4674999999999976,0.6955111172984351,-0.2624999999999981,0.6433453052740685,0.25,-5.166666666666509,-2.275510204081646,-7.250000000000355,-26.000000000008527,1.1551724137931627,-2.050420168067229,10,4,2013
2013-10-11,160.0,-0.6500000000000057,-1.25,-1.4000000000000057,-1.4000000000000057,0.30000000000001137,0.04999999999998295,0.05000000000001137,0.9799999999999898,-1.0500000000000114,0.18000000000000682,-0.25,-0.020000000000010232,-0.9299999999999997,0.5966014861977232,-0.639999999999997,0.6972804313904164,-0.3708333333333324,0.6934427725399412,8.285714285715272,1.0312500000000613,-13.999999999997158,-3.9545454545454954,-0.3367346938775383,-2.0,0.18181818181816767,10,11,2013
2013-10-18,159.85,0.15000000000000568,-0.6500000000000057,-1.25,0.020000000000010232,-0.3199999999999932,0.4900000000000091,0.0,0.05000000000001137,0.9799999999999898,-0.30000000000001137,0.04999999999998295,0.05000000000001137,-0.8425000000000011,0.6084611737818594,-0.7587499999999991,0.586403992872785,-0.42499999999999954,0.6872011747264819,-1.1071428571428608,-1.1071428571428608,1.9999999999994316,-1.5000000000000475,-1.3947368421052828,-1.5,-0.7692307692307625,10,18,2013
2013-10-25,158.55,-0.22999999999998977,0.15000000000000568,-0.6500000000000057,-1.0,-1.4000000000000057,0.12999999999999545,0.04999999999998295,0.05000000000001137,0.05000000000001137,-0.29999999999998295,-0.9799999999999898,-0.25,-0.7875000000000014,0.7040063920164351,-0.6999999999999993,0.6560487786742712,-0.4166666666666643,0.6940570232446003,-0.8160000000000082,-12.499999999993605,-inf,0.1499999999998507,-inf,0.5333333333332071,-0.510638297872361,10,25,2013
2013-11-01,158.68,-0.01999999999998181,-0.22999999999998977,0.15000000000000568,-0.06999999999999318,0.020000000000010232,0.30000000000001137,0.4900000000000091,0.0,0.05000000000001137,0.19999999999998863,-0.37999999999999545,0.04999999999998295,-0.49499999999999744,0.6000833275470983,-0.5537499999999973,0.6062280923876773,-0.4766666666666642,0.637357232973978,-0.9692307692307975,-0.9800000000000182,-1.3999999999997725,-1.0249999999999777,-0.8333333333334912,-0.9500000000000461,-0.9333333333333965,11,1,2013
2013-11-08,158.3,-0.09999999999999432,-0.01999999999998181,-0.22999999999998977,-1.4000000000000057,-1.0,-0.3199999999999932,0.12999999999999545,0.04999999999998295,0.0,0.21999999999999886,0.0,-0.9799999999999898,-0.1874999999999929,0.3452897334123879,-0.5587499999999963,0.6009620263734311,-0.4891666666666623,0.6257425891521154,-1.6666666666666035,0.42857142857148656,-1.204081632653046,-1.0714285714285672,-1.3333333333333017,-0.75,0.0,11,8,2013
2013-11-15,158.6,-0.5200000000000102,-0.09999999999999432,-0.01999999999998181,-1.25,-0.06999999999999318,-1.4000000000000057,0.30000000000001137,0.4900000000000091,0.04999999999998295,-0.29999999999998295,-0.12000000000000455,-0.37999999999999545,-0.04999999999999005,0.1589549202341957,-0.4462499999999956,0.5907123423702728,-0.5224999999999961,0.5894855229928774,1.2608695652175363,-0.6285714285714228,-5.0000000000002185,-0.5047619047619003,-3.8888888888888364,5.499999999999112,-1.9454545454545444,11,15,2013
2013-11-22,158.56,-0.3199999999999932,-0.5200000000000102,-0.09999999999999432,-0.6500000000000057,-1.4000000000000057,0.020000000000010232,-0.3199999999999932,0.12999999999999545,0.4900000000000091,-0.20000000000001705,0.30000000000001137,0.0,-0.21749999999999403,0.21945007025137017,-0.5024999999999977,0.5708577506074295,-0.5391666666666642,0.5860570610340625,15.00000000001421,-0.7440000000000054,-2.0666666666666034,-1.3265306122448943,0.06666666666660359,-inf,-3.133333333333207,11,22,2013
2013-11-29,158.35,-0.20000000000001705,-0.3199999999999932,-0.5200000000000102,0.15000000000000568,-1.25,-1.0,-1.4000000000000057,0.30000000000001137,0.12999999999999545,0.799999999999983,0.18000000000000682,-0.12000000000000455,-0.23999999999999488,0.22568414506413875,-0.36749999999999616,0.4412886972104709,-0.44916666666666316,0.5211780071640765,1.0000000000002842,-0.6923076923076688,-0.3749999999999334,-4.999999999999432,-0.33333333333323856,-1.4444444444444935,-0.4999999999999645,11,29,2013
2013-12-06,158.2,-0.5,-0.20000000000001705,-0.3199999999999932,-0.22999999999998977,-0.6500000000000057,-0.06999999999999318,0.020000000000010232,-0.3199999999999932,0.30000000000001137,1.4000000000000057,-0.30000000000001137,0.30000000000001137,-0.2850000000000037,0.18064698539784063,-0.2362499999999983,0.26038090230605104,-0.46749999999999875,0.506846309859491,-0.03846153846155742,-4.333333333333207,-0.6428571428571443,-10.999999999997726,-3.500000000000142,-4.333333333333207,-11.00000000000341,12,6,2013
2013-12-13,158.8,0.4200000000000159,-0.5,-0.20000000000001705,-0.01999999999998181,0.15000000000000568,-1.4000000000000057,-1.0,-1.4000000000000057,-0.3199999999999932,-1.0500000000000114,-0.29999999999998295,0.18000000000000682,-0.3850000000000051,0.1526433752247121,-0.21749999999999758,0.2299534114305975,-0.4258333333333321,0.478870989142614,-2.3125000000000777,-2.8260869565218893,19.999999999990052,inf,0.9090909090909913,1.7999999999999998,inf,12,13,2013
2013-12-20,158.85,0.6500000000000057,0.4200000000000159,-0.5,-0.09999999999999432,-0.22999999999998977,-1.25,-0.06999999999999318,0.020000000000010232,-1.4000000000000057,0.9799999999999898,0.19999999999998863,-0.30000000000001137,-0.14999999999999858,0.3994996871087623,-0.1837499999999963,0.30056791483551876,-0.384999999999998,0.5301200550132733,-4.249999999999751,-33.50000000002984,-1.6500000000000057,12.000000000004547,-3.1666666666668086,inf,5.500000000000426,12,20,2013
2013-12-27,160.4,0.5999999999999943,0.6500000000000057,0.4200000000000159,-0.5200000000000102,-0.01999999999998181,-0.6500000000000057,-1.4000000000000057,-1.0,0.020000000000010232,0.05000000000001137,0.21999999999999886,-0.29999999999998295,0.09250000000000114,0.5337524394948174,-0.07374999999999687,0.41894212010730175,-0.21416666666666373,0.5029089621814536,-2.1999999999999886,-7.000000000000284,-9.571428571429326,0.22448979591833296,-3.999999999999716,1.3999999999999773,-20.99999999999905,12,27,2013
2014-01-03,158.67,-0.030000000000001137,0.5999999999999943,0.6500000000000057,-0.3199999999999932,-0.09999999999999432,0.15000000000000568,-1.25,-0.06999999999999318,-1.0,0.05000000000001137,-0.29999999999998295,0.19999999999998863,0.292500000000004,0.537486433937324,0.003750000000000142,0.48278766406302054,-0.059999999999997534,0.4355560709129102,-1.0714285714285714,-0.9423076923076913,-0.9785714285714279,-1.2307692307692475,-1.0375000000000023,-1.1499999999999928,-0.8500000000000071,1,3,2014
2014-01-10,159.4,0.5,-0.030000000000001137,0.5999999999999943,-0.20000000000001705,-0.5200000000000102,-0.22999999999998977,-0.6500000000000057,-1.4000000000000057,-0.06999999999999318,0.0,-0.20000000000001705,0.21999999999999886,0.4100000000000037,0.3095157508108331,0.01249999999999929,0.48127063963161953,-0.008333333333330492,0.39399661589071255,-0.2307692307692375,-2.5625000000000333,-1.4,0.6666666666666035,-0.6428571428571443,0.0,-6.000000000000284,1,10,2014
2014-01-17,160.02,0.09000000000000341,0.5,-0.030000000000001137,-0.5,-0.3199999999999932,-0.01999999999998181,0.15000000000000568,-1.25,-1.4000000000000057,0.04999999999998295,0.799999999999983,-0.29999999999998295,0.4299999999999997,0.3129430193075522,0.14000000000000057,0.45440699189791534,0.020833333333335702,0.4189479970621942,-0.8499999999999929,-1.4499999999999786,-1.1384615384615424,-1.2812500000000167,-1.085714285714288,-2.800000000000682,-0.30769230769240863,1,17,2014
2014-01-24,160.3,0.20000000000001705,0.09000000000000341,0.5,0.4200000000000159,-0.20000000000001705,-0.09999999999999432,-0.22999999999998977,-0.6500000000000057,-1.25,0.4900000000000091,1.4000000000000057,-0.20000000000001705,0.28999999999999915,0.3069201850644427,0.19125000000000014,0.4166683333299983,0.0475000000000018,0.411651330839363,-7.666666666666982,-1.400000000000034,0.33333333333339654,-1.1428571428571543,-0.7959183673469192,0.9999999999997158,inf,1,24,2014
2014-01-31,162.61,0.3100000000000023,0.20000000000001705,0.09000000000000341,0.6500000000000057,-0.5,-0.5200000000000102,-0.01999999999998181,0.15000000000000568,-0.6500000000000057,0.12999999999999545,-1.0500000000000114,0.799999999999983,0.19000000000000483,0.2270095445864039,0.2412500000000044,0.38587331377760564,0.06583333333333503,0.413267651184015,-0.37999999999999545,-0.2619047619047845,-2.3478260869565917,14.499999999992184,5.199999999998636,-1.9687500000000278,0.5500000000000995,1,31,2014
2014-02-07,163.32,-0.030000000000001137,0.3100000000000023,0.20000000000001705,0.5999999999999943,0.4200000000000159,-0.3199999999999932,-0.09999999999999432,-0.22999999999998977,0.15000000000000568,0.30000000000001137,0.9799999999999898,1.4000000000000057,0.2750000000000057,0.1748332538925549,0.3425000000000047,0.24364787237790694,0.10000000000000142,0.41525457689996037,-1.3333333333333333,-1.0461538461538475,0.5000000000014211,-0.9699999999999989,-1.5999999999998864,-0.7999999999999621,-inf,2,7,2014
2014-02-14,162.4,-0.6999999999999886,-0.030000000000001137,0.3100000000000023,-0.030000000000001137,0.6500000000000057,-0.20000000000001705,-0.5200000000000102,-0.01999999999998181,-0.22999999999998977,-0.3199999999999932,0.05000000000001137,-1.0500000000000114,0.1425000000000054,0.14591664287071815,0.28625000000000256,0.27333587397192344,0.1408333333333355,0.370416432320886,-4.499999999999645,-2.166666666666659,6.000000000000284,9.000000000000812,-inf,6.000000000000284,-12.666666666666035,2,14,2014
2014-02-21,165.55,0.5500000000000114,-0.6999999999999886,-0.030000000000001137,0.5,0.5999999999999943,-0.5,-0.3199999999999932,-0.09999999999999432,-0.01999999999998181,-1.4000000000000057,0.05000000000001137,0.9799999999999898,-0.05499999999999261,0.4527324449016862,0.11750000000000327,0.4027672138734996,0.10916666666666923,0.42553620363731653,0.7741935483871205,-19.333333333333016,-2.057692307692309,-1.3928571428571495,10.000000000003979,-1.6875000000000044,-0.2666666666666515,2,21,2014
2014-02-28,164.89,-0.21000000000000796,0.5500000000000114,-0.6999999999999886,0.09000000000000341,-0.030000000000001137,0.4200000000000159,-0.20000000000001705,-0.5200000000000102,-0.09999999999999432,0.020000000000010232,0.0,0.05000000000001137,0.03250000000000597,0.5432234040122522,0.1112500000000054,0.3945137151336649,0.1716666666666716,0.4310417261669318,6.0,-1.420000000000016,-0.34374999999996114,-0.8319999999999936,-1.4285714285714368,-1.420000000000016,-1.466666666666696,2,28,2014
2014-03-07,164.67,0.3699999999999761,-0.21000000000000796,0.5500000000000114,0.20000000000001705,0.5,0.6500000000000057,-0.5,-0.3199999999999932,-0.5200000000000102,-1.0,0.04999999999998295,0.05000000000001137,-0.09749999999999659,0.5162283086645487,0.08875000000000455,0.40860170966707066,0.1958333333333376,0.3967242764378687,-1.5285714285714032,3.1111111111106897,-2.849999999999723,-1.5692307692307277,1.8461538461537619,0.7619047619045813,-0.17777777777781,3,7,2014
2014-03-21,164.82,0.01999999999998181,0.0,0.3699999999999761,-0.030000000000001137,0.20000000000001705,-0.030000000000001137,0.6500000000000057,-0.5,-0.20000000000001705,-1.4000000000000057,0.12999999999999545,0.04999999999998295,0.17749999999999488,0.345193182628696,0.06125000000000114,0.39288084344092333,0.13750000000000048,0.3695974468624881,-1.095238095238005,-0.9354838709678011,-0.9523809523809975,-1.0869565217390553,-1.0624999999999445,-1.0399999999999636,-1.2499999999997335,3,21,2014
2014-03-28,164.95,-0.05000000000001137,0.01999999999998181,0.0,-0.6999999999999886,0.3100000000000023,0.5,0.5999999999999943,0.4200000000000159,-0.5,-1.25,0.30000000000001137,0.4900000000000091,0.044999999999987494,0.24034697141144984,0.03874999999999673,0.3889339826463309,0.0891666666666661,0.3403863669242299,-1.1351351351351746,0.6666666666669825,-1.0769230769230937,1.5000000000028422,-0.9642857142857063,-1.3846153846154854,-0.9615384615384522,3,28,2014
2014-04-04,163.95,0.5,-0.05000000000001137,0.01999999999998181,0.5500000000000114,-0.030000000000001137,0.09000000000000341,-0.030000000000001137,0.6500000000000057,0.4200000000000159,-0.6500000000000057,-0.3199999999999932,0.12999999999999545,0.08499999999998664,0.19226717521890488,-0.006250000000004974,0.373590207121568,0.08749999999999858,0.3410711735907088,inf,-1.714285714285726,-0.16666666666665875,-6.000000000000284,23.99999999998721,-5.999999999998863,inf,4,4,2014
2014-04-11,160.9,0.12999999999999545,0.5,-0.05000000000001137,-0.21000000000000796,-0.6999999999999886,0.20000000000001705,0.5,0.5999999999999943,0.6500000000000057,0.15000000000000568,-1.4000000000000057,0.30000000000001137,0.11749999999999261,0.25669372151780856,0.05999999999999517,0.4136250890428531,0.08749999999999858,0.3410711735907088,5.500000000005684,-0.7636363636363768,-5.333333333333018,-1.2499999999999862,-1.1299999999999955,-7.499999999996447,-2.3000000000000282,4,11,2014
2014-04-18,162.22,0.020000000000010232,0.12999999999999545,0.5,0.3699999999999761,0.5500000000000114,0.3100000000000023,0.09000000000000341,-0.030000000000001137,0.5999999999999943,-0.22999999999998977,0.020000000000010232,-0.3199999999999932,0.14999999999999147,0.2448128536930396,0.16374999999999318,0.2774340333433169,0.09083333333333125,0.3412932179315296,-1.4000000000001136,-1.0952380952381404,-0.9599999999999795,-1.0625000000000333,-1.2857142857144597,-0.5999999999998863,-0.8999999999999574,4,18,2014
2014-04-25,160.79,-0.2300000000000182,0.020000000000010232,0.12999999999999545,0.0,-0.21000000000000796,-0.030000000000001137,0.20000000000001705,0.5,-0.030000000000001137,-0.01999999999998181,-1.0,-1.4000000000000057,0.14999999999999858,0.24481285369303457,0.09749999999999304,0.23150131131994106,0.07583333333333069,0.3400122546811081,-1.4600000000000364,-1.6216216216217108,-3.5555555555556606,0.1499999999999928,-0.8357142857142734,-0.07999999999992724,-1.4181818181818426,4,25,2014
2014-05-02,159.8,-0.6999999999999886,-0.2300000000000182,0.020000000000010232,0.01999999999998181,0.3699999999999761,-0.6999999999999886,0.3100000000000023,0.09000000000000341,0.5,-0.09999999999999432,-0.06999999999999318,0.020000000000010232,0.10499999999999687,0.30336996115853304,0.09499999999999176,0.23537204591878808,0.030833333333328976,0.3419319000070365,-6.384615384615485,-inf,-4.499999999999645,0.39999999999997726,-0.44000000000000905,-15.000000000004547,0.20689655172415145,5,2,2014
2014-05-09,161.15,0.25,-0.6999999999999886,-0.2300000000000182,-0.05000000000001137,0.0,0.5500000000000114,-0.030000000000001137,0.20000000000001705,0.09000000000000341,-0.5200000000000102,-1.4000000000000057,-1.0,-0.19500000000000028,0.3688269693681897,-0.03875000000000384,0.338291400169389,-0.025000000000003315,0.4021645976914917,11.499999999993605,11.500000000011369,-0.19354838709678013,-0.4047619047619273,-1.3846153846153813,-1.2551020408163291,-0.6153846153846187,5,9,2014
2014-05-16,162.3,-0.14999999999997726,0.25,-0.6999999999999886,0.5,0.01999999999998181,-0.21000000000000796,-0.6999999999999886,0.3100000000000023,0.20000000000001705,-0.3199999999999932,-1.25,-0.06999999999999318,-0.16499999999999915,0.4069807530256492,-0.007500000000003837,0.35358369387094635,0.0541666666666624,0.3469204345073751,-0.34782608695667216,1.9999999999988631,3.9999999999990523,-1.2307692307691938,-1.9999999999998104,-0.605263157894792,-0.5000000000000948,5,16,2014
2014-05-23,162.3,0.20000000000001705,-0.14999999999997726,0.25,0.12999999999999545,-0.05000000000001137,0.3699999999999761,0.5500000000000114,-0.030000000000001137,0.3100000000000023,-0.20000000000001705,-0.6500000000000057,-1.4000000000000057,-0.20749999999999602,0.38973281445967206,-0.02874999999999872,0.35678875302580393,-0.0041666666666699825,0.31317895939231966,-1.2857142857143147,-0.5999999999999659,-1.2857142857143147,-0.6666666666666351,-1.869565217391417,inf,-2.3333333333333965,5,23,2014
2014-05-30,162.69,0.09000000000000341,0.20000000000001705,-0.14999999999997726,0.020000000000010232,0.5,0.0,-0.21000000000000796,-0.6999999999999886,-0.030000000000001137,-0.5,0.15000000000000568,-1.25,-0.09999999999998721,0.4377975178854465,0.0025000000000048317,0.36550356652548777,0.029999999999998767,0.3110393135046608,-0.6399999999999864,-0.3076923076922572,-0.8363636363636335,-4.0,-5.500000000004263,-1.75,-1.2250000000000054,5,30,2014
2014-06-06,162.9,-0.6999999999999886,0.09000000000000341,0.20000000000001705,-0.2300000000000182,0.12999999999999545,0.01999999999998181,0.3699999999999761,0.5500000000000114,-0.6999999999999886,0.4200000000000159,-0.22999999999998977,-0.6500000000000057,0.0975000000000108,0.17802153427789896,-0.04874999999999474,0.3103655678619665,0.006666666666667709,0.2932058951823694,3.6666666666672985,-35.999999999981526,2.3333333333331527,-2.3999999999999773,6.000000000000284,-3.333333333333207,0.750000000000071,6,6,2014
2014-06-13,162.9,-0.29999999999998295,-0.6999999999999886,0.09000000000000341,-0.6999999999999886,0.020000000000010232,-0.05000000000001137,0.0,-0.21000000000000796,0.5500000000000114,0.6500000000000057,-0.01999999999998181,0.15000000000000568,-0.13999999999998636,0.4009156187196084,-0.15249999999999275,0.37423254802327804,-0.051666666666664675,0.3572835220822693,-2.499999999999787,0.3043478260867791,-1.8108108108108172,-4.333333333333018,-0.4230769230769672,-2.666666666666509,2.7499999999992006,6,13,2014
2014-06-20,162.77,-0.3299999999999841,-0.29999999999998295,-0.6999999999999886,0.25,-0.2300000000000182,0.5,0.01999999999998181,0.3699999999999761,-0.21000000000000796,0.5999999999999943,-0.09999999999999432,-0.22999999999998977,-0.17749999999998778,0.4090945286035074,-0.1924999999999919,0.3702412341009117,-0.07833333333332841,0.36333889347983034,-4.666666666666351,-0.5285714285714437,-inf,-2.6499999999997796,0.031249999999972244,0.09999999999990528,-inf,6,20,2014
2014-06-27,162.83,0.13000000000002387,-0.3299999999999841,-0.29999999999998295,-0.14999999999997726,-0.6999999999999886,0.12999999999999545,-0.05000000000001137,0.0,0.3699999999999761,-0.030000000000001137,-0.5200000000000102,-0.01999999999998181,-0.30999999999998806,0.32280024783136546,-0.20499999999998764,0.37336309405188156,-0.10166666666665947,0.37027835557328526,-1.1857142857143228,-0.4799999999999045,5.500000000007105,-0.5806451612902486,-1.6500000000000639,-1.4333333333334375,-0.7111111111110507,6,27,2014
2014-07-04,162.6,0.06999999999999318,0.13000000000002387,-0.3299999999999841,0.20000000000001705,0.25,0.020000000000010232,0.5,0.01999999999998181,0.0,0.5,-0.3199999999999932,-0.09999999999999432,-0.29999999999998295,0.33950945004029454,-0.10124999999998607,0.3288263762447904,-0.13249999999999082,0.3286923126019737,-1.2333333333333238,-1.4666666666666919,-2.399999999999545,-3.3333333333330177,-1.1399999999999864,-0.6500000000000142,-0.5333333333333965,7,4,2014
2014-07-11,162.28,-0.020000000000010232,0.06999999999999318,0.13000000000002387,0.09000000000000341,-0.14999999999997726,-0.2300000000000182,0.12999999999999545,-0.05000000000001137,0.01999999999998181,0.09000000000000341,-0.20000000000001705,-0.5200000000000102,-0.1074999999999875,0.24116038922950192,-0.12374999999998693,0.3067776067446825,-0.137499999999991,0.3247691487810954,-0.9393939393939055,-1.1000000000000427,-1.0400000000000205,-0.9714285714285563,-1.04761904761907,-1.090909090909138,-1.1333333333333966,7,11,2014
2014-07-18,161.9,0.09999999999999432,-0.020000000000010232,0.06999999999999318,-0.6999999999999886,0.20000000000001705,-0.6999999999999886,0.020000000000010232,0.5,-0.05000000000001137,0.20000000000001705,-0.5,-0.3199999999999932,-0.037499999999994316,0.2045116133621562,-0.10749999999999105,0.30862598724021056,-0.14083333333332604,0.32320717626295925,-0.2307692307694158,0.11111111111100591,-0.2307692307692476,-0.8181818181818323,-0.8461538461538562,-1.3333333333333333,inf,7,18,2014
2014-07-25,161.95,-0.05000000000001137,0.09999999999999432,-0.020000000000010232,-0.29999999999998295,0.09000000000000341,0.25,-0.2300000000000182,0.12999999999999545,0.5,0.3100000000000023,0.4200000000000159,-0.20000000000001705,0.07000000000000028,0.06480740698403667,-0.11999999999999389,0.29616597663181815,-0.113333333333325,0.32891925876706374,-1.7142857142859462,-0.9285714285714112,-3.4999999999992895,-0.7619047619047168,-1.083333333333353,-0.7499999999999645,-1.2000000000000455,7,25,2014
2014-08-01,161.35,-0.45000000000001705,-0.05000000000001137,0.09999999999999432,-0.3299999999999841,-0.6999999999999886,-0.14999999999997726,-0.6999999999999886,0.020000000000010232,0.12999999999999545,-0.030000000000001137,0.6500000000000057,-0.5,0.024999999999991473,0.07141428428538296,-0.13749999999999574,0.28594455006920205,-0.05916666666666023,0.27214495914470854,21.499999999989342,0.5000000000001421,0.9565217391303542,-2.216216216216341,14.0,-1.5625000000000333,-3.2499999999998934,8,1,2014
2014-08-08,162.7,0.19999999999998863,-0.45000000000001705,-0.05000000000001137,0.13000000000002387,-0.29999999999998295,0.20000000000001705,0.25,-0.2300000000000182,0.020000000000010232,-0.6999999999999886,0.5999999999999943,0.4200000000000159,-0.10500000000001108,0.2389560629069605,-0.10624999999999929,0.22225709051841352,-0.11749999999999498,0.274859468224628,1.0,-1.6060606060606009,-1.285714285714274,inf,-0.6000000000000227,-0.8571428571428659,-0.6000000000000227,8,8,2014
2014-08-15,162.0,-0.30000000000001137,0.19999999999998863,-0.45000000000001705,0.06999999999999318,-0.3299999999999841,0.09000000000000341,-0.14999999999997726,-0.6999999999999886,-0.2300000000000182,0.5500000000000114,-0.030000000000001137,0.6500000000000057,-0.05000000000001137,0.2857738033246957,-0.04375000000000284,0.23015134771958032,-0.08833333333333115,0.28928857355221654,4.999999999998863,-3.3076923076919713,-2.2000000000000455,-16.00000000001421,-4.333333333333334,-0.7142857142857065,5.000000000002274,8,15,2014
2014-08-22,161.85,-0.05000000000001137,-0.30000000000001137,0.19999999999998863,-0.020000000000010232,0.13000000000002387,-0.6999999999999886,0.20000000000001705,0.25,-0.6999999999999886,-0.21000000000000796,0.5,0.5999999999999943,-0.1500000000000128,0.28577380332469404,-0.04000000000000625,0.2250079363679644,-0.1300000000000002,0.2798376152505016,-0.8888888888888679,-1.7142857142859462,-0.6666666666665404,0.0,-1.2500000000000355,-1.0510204081632775,-1.5,8,22,2014
2014-08-29,162.21,0.18000000000000682,-0.05000000000001137,-0.30000000000001137,0.09999999999999432,0.06999999999999318,-0.29999999999998295,0.09000000000000341,-0.14999999999997726,0.25,0.3699999999999761,0.09000000000000341,-0.030000000000001137,-0.1500000000000128,0.28577380332469404,-0.06250000000001066,0.21432618665415362,-0.14166666666666808,0.27265807202872383,-0.09999999999991471,-9.999999999995737,-0.10000000000004261,-0.6399999999999864,-0.4193548387096597,2.599999999999318,-1.5625000000000333,8,29,2014
2014-09-05,162.3,0.30000000000001137,0.18000000000000682,-0.05000000000001137,-0.05000000000001137,-0.020000000000010232,-0.3299999999999841,-0.6999999999999886,0.20000000000001705,-0.14999999999997726,0.0,0.20000000000001705,0.5,0.007499999999993179,0.23428970670232582,-0.04875000000000895,0.22718384625672183,-0.06833333333333513,0.22258127558809326,-2.0,2.000000000000284,2.3333333333333335,1.3076923076924758,-11.0,4.999999999998863,-3.000000000000379,9,5,2014
2014-09-12,162.93,0.18000000000000682,0.30000000000001137,0.18000000000000682,-0.45000000000001705,0.09999999999999432,0.13000000000002387,-0.29999999999998295,0.09000000000000341,0.20000000000001705,0.01999999999998181,0.3100000000000023,0.09000000000000341,0.03249999999999886,0.264999999999998,-0.008750000000006253,0.258922906341967,-0.018333333333335606,0.2329585735054567,-4.5999999999993175,-4.5999999999993175,-1.257142857142871,7.999999999995737,-1.257142857142871,inf,-2.8000000000001704,9,12,2014
2014-09-19,163.4,-0.09999999999999432,0.18000000000000682,0.30000000000001137,0.19999999999998863,-0.05000000000001137,0.06999999999999318,-0.3299999999999841,-0.6999999999999886,0.09000000000000341,-0.05000000000001137,-0.030000000000001137,0.20000000000001705,0.1525000000000034,0.14637281168303082,0.0012499999999953104,0.26519197897803387,0.024166666666663634,0.21689789526341374,-1.555555555555503,-0.7777777777777988,-0.6666666666666667,-0.565217391304407,-1.1818181818181677,-3.0000000000005684,-0.8750000000000089,9,19,2014
2014-09-26,163.5,0.0,-0.09999999999999432,0.18000000000000682,-0.30000000000001137,-0.45000000000001705,-0.020000000000010232,0.13000000000002387,-0.29999999999998295,-0.6999999999999886,0.5,-0.6999999999999886,0.3100000000000023,0.14000000000000767,0.16970562748475307,-0.005000000000002558,0.2671543160262032,0.0049999999999954525,0.21685772461979247,-1.0,-1.0,-1.0,-1.0,-1.0,-1.0,-1.0,9,26,2014
2014-10-03,164.2,0.25,0.0,-0.09999999999999432,-0.05000000000001137,0.19999999999998863,0.09999999999999432,0.06999999999999318,-0.3299999999999841,-0.29999999999998295,0.12999999999999545,0.5500000000000114,-0.030000000000001137,0.09500000000000597,0.1791647286716733,0.051249999999999574,0.1986696827831076,-0.0008333333333373124,0.21588963229700117,0.3888888888888362,-1.8333333333333017,0.9230769230765699,0.0,-0.3243243243242807,0.9230769230769904,0.1904761904761454,10,3,2014
2014-10-10,164.6,0.09999999999999432,0.25,0.0,0.18000000000000682,-0.30000000000001137,-0.05000000000001137,-0.020000000000010232,0.13000000000002387,-0.3299999999999841,0.020000000000010232,-0.21000000000000796,-0.6999999999999886,0.08250000000000313,0.1609088769044751,0.057500000000000995,0.20471234173136962,0.02166666666666354,0.2274696116900573,-2.0,-2.9999999999994316,0.42857142857148656,-1.6666666666667298,inf,-0.6666666666666983,inf,10,10,2014
2014-10-17,165.25,0.19999999999998863,0.09999999999999432,0.25,0.30000000000001137,-0.05000000000001137,-0.45000000000001705,0.09999999999999432,0.06999999999999318,0.13000000000002387,-0.2300000000000182,0.3699999999999761,0.5500000000000114,0.0625,0.14930394055971533,0.1075000000000017,0.1450861812854579,0.02166666666666354,0.2274696116900573,inf,0.11111111111100591,-10.999999999994316,-1.4210854715202004e-13,9.000000000008527,-1.6249999999999778,-1.3999999999999773,10,17,2014
2014-10-24,164.62,-0.18000000000000682,0.19999999999998863,0.09999999999999432,0.18000000000000682,0.18000000000000682,0.19999999999998863,-0.05000000000001137,-0.020000000000010232,0.06999999999999318,-0.6999999999999886,0.0,-0.21000000000000796,0.13749999999999574,0.11086778913038466,0.1387500000000017,0.13271209439985415,0.042499999999996874,0.23171789274499865,-1.7200000000000273,-1.6,-2.8000000000001704,-3.0,2.599999999999318,-0.8714285714285671,-2.3846153846154854,10,24,2014
2014-10-31,165.55,0.25,-0.18000000000000682,0.19999999999998863,-0.09999999999999432,0.30000000000001137,-0.30000000000001137,-0.45000000000001705,0.09999999999999432,-0.020000000000010232,0.25,0.01999999999998181,0.3699999999999761,0.09249999999999403,0.19207203509792925,0.09375,0.17195825905474627,0.06499999999999773,0.18865553024204954,1.500000000000142,0.3888888888888362,-5.999999999998863,-1.357142857142863,-0.5,11.499999999993605,-3.4999999999994316,10,31,2014
2014-11-07,165.55,-4.5,0.25,-0.18000000000000682,0.0,0.18000000000000682,-0.05000000000001137,0.19999999999998863,-0.05000000000001137,0.09999999999999432,-0.14999999999997726,-0.05000000000001137,0.0,0.09249999999999403,0.19207203509792925,0.08749999999999858,0.16412103547598633,0.06916666666666534,0.19242275112760243,-23.50000000000128,44.00000000000256,8.999999999999622,14.000000000000853,-35.61538461538583,3.5,223.9999999998849,11,7,2014
2014-11-14,170.9,-1.0,-4.5,0.25,0.25,-0.09999999999999432,0.18000000000000682,-0.30000000000001137,-0.45000000000001705,-0.05000000000001137,0.20000000000001705,0.5,0.01999999999998181,-1.0575000000000045,2.3030179475346357,-0.4975000000000023,1.6251307639694699,-0.2808333333333337,1.3375109741832418,4.555555555555345,-inf,-6.000000000000284,2.0303030303031764,-50.99999999997442,13.285714285715677,-20.999999999995453,11,14,2014
2014-11-21,177.0,0.9000000000000057,-1.0,-4.5,0.09999999999999432,0.0,0.30000000000001137,-0.05000000000001137,0.19999999999998863,-0.45000000000001705,0.09000000000000341,0.12999999999999545,-0.05000000000001137,-1.3575000000000017,2.158214925966979,-0.610000000000003,1.6248340574611628,-0.35999999999999943,1.350656406075478,2.6000000000000227,2.6000000000000227,-3.9999999999999054,5.923076923075695,-4.913043478260585,-1.6428571428571443,-4.600000000000023,11,21,2014
2014-11-28,178.5,3.5999999999999943,0.9000000000000057,-1.0,0.19999999999998863,0.25,0.18000000000000682,0.18000000000000682,-0.30000000000001137,0.19999999999998863,-0.6999999999999886,0.020000000000010232,0.5,-1.0874999999999986,2.4077565629993964,-0.4975000000000023,1.7024079584937482,-0.29999999999999954,1.392179455517009,-1.7999999999999987,35.00000000000199,-72.99999999998352,50.42857142857636,-6.142857142857218,-3.8799999999999955,71.00000000002444,11,28,2014
2014-12-05,179.2,-0.6000000000000227,3.5999999999999943,0.9000000000000057,-0.18000000000000682,0.09999999999999432,-0.09999999999999432,0.30000000000001137,-0.05000000000001137,-0.30000000000001137,-0.29999999999998295,-0.2300000000000182,0.12999999999999545,-0.25,3.404408906109838,-0.07875000000000298,2.239747673926046,-0.02500000000000095,1.7904367166598298,-0.39999999999997726,-4.000000000000284,-4.333333333333334,28.99999999998579,-3.400000000000091,-0.07692307692305,-0.3877551020407868,12,5,2014
2014-12-12,179.7,-1.0,-0.6000000000000227,3.5999999999999943,0.25,0.19999999999998863,0.0,0.18000000000000682,0.18000000000000682,-0.05000000000001137,-0.3299999999999841,-0.6999999999999886,0.020000000000010232,0.7249999999999943,2.083866598417471,-0.16625000000000512,2.245433063544121,-0.09000000000000341,1.7964662282077297,-2.111111111111104,4.555555555555345,-4.333333333333207,-11.000000000000568,5.666666666667677,-7.666666666666414,1.6315789473684523,12,12,2014
2014-12-19,184.45,-0.05000000000001137,-1.0,-0.6000000000000227,-4.5,-0.18000000000000682,0.25,-0.09999999999999432,0.30000000000001137,0.18000000000000682,0.13000000000002387,0.25,-0.2300000000000182,0.7249999999999943,2.083866598417471,-0.3162500000000037,2.257520368520671,-0.1650000000000039,1.8156065853392551,-1.0138888888888922,-1.2000000000000455,-1.2777777777778305,0.0,-1.2500000000000355,-0.7826086956521148,-inf,12,19,2014
2014-12-26,181.9,0.0,-0.05000000000001137,-1.0,-1.0,0.25,0.09999999999999432,0.0,0.18000000000000682,0.30000000000001137,0.06999999999999318,-0.14999999999997726,-0.6999999999999886,0.48749999999999005,2.1112298943191066,-0.30000000000000426,2.259108547319367,-0.1691666666666715,1.8152508383307808,-1.0,-1.0,-1.0,-1.0,-1.0,-1.0,-1.0,12,26,2014
2015-01-02,183.4,0.5,0.0,-0.05000000000001137,0.9000000000000057,-4.5,0.19999999999998863,0.25,-0.09999999999999432,0.18000000000000682,-0.020000000000010232,0.20000000000001705,0.25,-0.4125000000000085,0.4767511580129177,-0.33125000000000426,2.252131926483372,-0.19000000000000483,1.8114333852203635,-1.5,-1.5,inf,1.500000000000142,-1.714285714285726,-6.000000000000284,0.6666666666666035,1,2,2015
2015-01-09,183.0,3.9000000000000057,0.5,0.0,3.5999999999999943,-1.0,-0.18000000000000682,0.09999999999999432,0.0,-0.09999999999999432,0.09999999999999432,0.09000000000000341,-0.14999999999997726,-0.13750000000000284,0.626331914137111,0.29374999999999574,1.4972444928696744,-0.15666666666667103,1.8209105281466051,-78.99999999998238,3.3333333333333126,14.600000000000023,-13.999999999999526,-14.000000000000759,-8.499999999999863,20.666666666665876,1,9,2015
2015-01-16,184.9,-0.6999999999999886,3.9000000000000057,0.5,-0.6000000000000227,0.9000000000000057,0.25,0.19999999999998863,0.25,0.0,-0.05000000000001137,-0.6999999999999886,0.20000000000001705,1.0874999999999986,1.891372958109182,0.9062499999999964,1.8524959032150594,0.15166666666666373,2.167138177133125,-inf,-1.1944444444444415,-8.000000000000284,12.99999999999659,1.121212121212189,1.187500000000011,1.333333333333207,1,16,2015
2015-01-23,189.0,1.0,-0.6999999999999886,3.9000000000000057,-1.0,3.5999999999999943,-4.5,-0.18000000000000682,0.09999999999999432,0.25,-0.45000000000001705,-0.29999999999998295,0.09000000000000341,0.9250000000000043,2.0434855843223665,0.7062499999999972,1.9376785632002318,0.10833333333333191,2.1795363699371455,1.0,-2.6666666666666035,4.000000000000284,4.555555555555345,6.692307692306279,-5.999999999999574,-4.333333333333522,1,23,2015
2015-01-30,187.5,-1.4000000000000057,1.0,-0.6999999999999886,-0.05000000000001137,-0.6000000000000227,-1.0,0.25,0.19999999999998863,0.09999999999999432,0.19999999999998863,-0.3299999999999841,-0.6999999999999886,1.1750000000000043,1.951708653120812,0.38124999999999787,1.565233323547279,0.17083333333333192,2.1946689886397386,-1.35897435897436,0.4000000000000057,6.777777777777515,-5.666666666666509,-21.00000000000203,1.8000000000000114,-8.000000000000426,1,30,2015
2015-02-06,193.8,1.3000000000000114,-1.4000000000000057,1.0,0.0,-1.0,0.9000000000000057,-4.5,-0.18000000000000682,0.19999999999998863,-0.30000000000001137,0.13000000000002387,-0.29999999999998295,0.7000000000000028,2.359378449224852,0.28125,1.6595906336890949,0.42916666666666475,1.7276439991730919,-2.857142857142904,-26.999999999994316,4.2000000000000455,6.222222222222012,-65.99999999996732,2.095238095238005,4.909090909090991,2,6,2015
2015-02-13,203.5,-2.4000000000000057,1.3000000000000114,-1.4000000000000057,0.5,-0.05000000000001137,3.5999999999999943,-1.0,0.25,-0.18000000000000682,-0.05000000000001137,0.06999999999999318,-0.3299999999999841,0.05000000000000426,1.3076696830622023,0.5687500000000014,1.6042215513183609,0.6208333333333323,1.6816466947788453,-3.4000000000000057,-inf,-0.46666666666666545,23.00000000000142,-25.00000000000142,-4.6923076923076685,7.000000000000474,2,13,2015
2015-02-27,202.5,0.0,0.0,-2.4000000000000057,-0.6999999999999886,0.5,-1.0,3.5999999999999943,-1.0,-4.5,0.30000000000001137,0.09999999999999432,0.06999999999999318,-0.625,1.617353805861089,0.27500000000000213,1.918146426706189,0.045833333333331915,1.586800430445057,-1.0,-1.0,-1.0,-1.0,-1.0,-1.0,-1.0,2,27,2015
2015-03-06,198.9,0.0,0.0,0.0,1.0,3.9000000000000057,-0.05000000000001137,-0.6000000000000227,0.9000000000000057,-1.0,0.18000000000000682,-0.05000000000001137,-0.020000000000010232,-0.2749999999999986,1.543534904043317,0.21250000000000213,1.9179136730162971,0.09583333333333381,1.5740016075614631,-1.0,-1.0,-1.0,-1.0,-1.0,-1.0,-1.0,3,6,2015
2015-03-13,199.0,-0.44999999999998863,0.0,0.0,-1.4000000000000057,-0.6999999999999886,0.0,-1.0,3.5999999999999943,0.9000000000000057,-0.09999999999999432,-0.45000000000001705,0.09999999999999432,-0.6000000000000014,1.1999999999999995,-0.2749999999999986,1.2127300959876803,0.17916666666666714,1.5367406969612598,-inf,-1.4499999999999886,-0.2500000000000474,-3.250000000000071,0.4999999999999052,-5.999999999999684,-0.5714285714285869,3,13,2015
2015-06-05,198.9,-0.04999999999998295,0.0,0.0,0.0,0.0,0.0,0.0,0.0,-2.4000000000000057,-1.0,-0.18000000000000682,0.09999999999999432,0.0,0.0,0.0,0.0,-0.037499999999999055,0.12990381056766254,-inf,-inf,-inf,-1.0128205128205083,-0.9888888888888927,-1.384615384615267,-0.950000000000017,6,5,2015
2015-06-12,198.8,-0.09999999999999432,-0.04999999999998295,0.0,0.0,0.0,0.0,-0.44999999999998863,0.0,0.0,-0.05000000000001137,0.25,0.19999999999998863,-0.012499999999995737,0.02499999999982568,-0.006249999999997868,0.017677669529470932,-0.004166666666665246,0.014433756729737589,-inf,-inf,-inf,-0.857142857142863,-0.9000000000000057,-5.999999999997158,0.42857142857148656,6,12,2015
2015-06-19,198.9,-0.04999999999998295,-0.09999999999999432,-0.04999999999998295,0.0,0.0,0.0,0.0,0.0,0.0,0.0,-4.5,-0.18000000000000682,-0.037499999999994316,0.04787135538772636,-0.018749999999997158,0.03720119045704981,-0.012499999999998105,0.031079078025400383,-inf,-inf,-0.8888888888889239,-1.049999999999983,-1.0555555555555363,-0.7826086956522653,-0.9642857142857266,6,19,2015
2015-06-26,198.93,0.05000000000001137,-0.04999999999998295,-0.09999999999999432,0.0,0.0,0.0,0.0,-0.44999999999998863,0.0,0.5,-1.0,0.25,-0.04999999999999005,0.04082482904628246,-0.024999999999995026,0.03779644730083072,-0.01666666666666335,0.03256694736394251,-2.0000000000005684,inf,inf,-1.0357142857142936,-0.9861111111111079,-1.071428571428589,-1.0400000000000091,6,26,2015
2015-07-10,198.83,-0.08999999999997499,0.0,0.05000000000001137,0.0,0.0,0.0,0.0,0.0,0.0,-0.6999999999999886,3.5999999999999943,-1.0,-0.024999999999991473,0.06454972243672608,-0.018749999999993605,0.04580626906557091,-0.012499999999995737,0.03768891807221842,0.8000000000001137,-inf,-inf,-0.9625000000000105,-0.910000000000025,-0.40000000000007574,-1.5999999999998105,7,10,2015
2015-07-17,198.93,-0.030000000000001137,-0.08999999999997499,0.0,-0.04999999999998295,0.0,0.0,0.0,0.0,0.0,1.0,-0.6000000000000227,0.9000000000000057,-0.022499999999986642,0.060759087111785084,-0.02999999999999048,0.05126959555686357,-0.01999999999999365,0.04348458452036396,-1.5999999999998864,-inf,-inf,-inf,-0.4000000000001137,-1.1499999999999928,-0.8695652173912936,7,17,2015
2015-07-24,198.86,-0.11999999999997613,-0.030000000000001137,-0.08999999999997499,-0.09999999999999432,0.0,0.0,0.0,0.0,0.0,-1.4000000000000057,-1.0,3.5999999999999943,-0.01749999999999119,0.05852349955352142,-0.03374999999999062,0.049839026589828084,-0.022499999999993747,0.043090813195132444,-inf,1.400000000000341,-inf,-inf,-inf,-2.3333333333330177,5.000000000004263,7,24,2015
2015-07-31,198.95,-0.030000000000001137,-0.11999999999997613,-0.030000000000001137,-0.04999999999998295,-0.04999999999998295,0.0,0.0,0.0,0.0,1.3000000000000114,-0.05000000000001137,-0.6000000000000227,-0.05999999999998806,0.054772255750427434,-0.04874999999998764,0.0559176690705056,-0.03249999999999176,0.05065480323630179,-0.6666666666665614,-0.6999999999999715,-inf,-inf,-1.0600000000000023,-0.9571428571428549,-0.6999999999999715,7,31,2015
2015-08-07,198.94,0.03999999999999204,-0.030000000000001137,-0.11999999999997613,0.05000000000001137,-0.09999999999999432,0.0,0.0,0.0,0.0,-2.4000000000000057,0.0,-1.0,-0.06749999999998835,0.0449999999998938,-0.04624999999998991,0.056299581322916264,-0.03499999999999185,0.049635031617152846,-2.3333333333330177,-1.8000000000001137,inf,-1.0888888888888735,-0.9897435897435918,-1.1333333333333144,-1.0769230769230602,8,7,2015
2015-08-14,198.88,0.01999999999998181,0.03999999999999204,-0.030000000000001137,0.0,-0.04999999999998295,0.0,0.0,0.0,0.0,0.0,0.5,-0.05000000000001137,-0.03499999999999659,0.06557438524294339,-0.028749999999991616,0.05890367439417687,-0.03166666666665918,0.05339958006870834,-1.1666666666665482,-0.6000000000004547,inf,inf,-1.0285714285714032,-1.0606060606060084,-1.0624999999999445,8,14,2015
2015-08-21,198.98,0.01999999999998181,0.01999999999998181,0.03999999999999204,-0.08999999999997499,0.05000000000001137,-0.04999999999998295,0.0,0.0,0.0,0.0,3.9000000000000057,0.0,-0.022500000000000853,0.07135591542861729,-0.01999999999999602,0.060474315681411164,-0.02999999999999403,0.05477225575050795,-1.666666666666035,inf,inf,inf,-0.9800000000000182,-0.8461538461540143,-1.0999999999999006,8,21,2015
2015-08-28,199.0,0.020000000000010232,0.01999999999998181,0.01999999999998181,-0.030000000000001137,0.0,-0.09999999999999432,0.0,0.0,0.0,0.0,-0.6999999999999886,0.5,0.012499999999988631,0.029860788111804426,-0.023749999999999716,0.056299581322906314,-0.02833333333332888,0.05605732996159481,-0.49999999999964473,-1.2222222222223977,inf,inf,-1.0142857142857216,-0.7142857142855403,-1.0400000000000205,8,28,2015
2015-09-11,198.98,-0.020000000000010232,0.0,0.020000000000010232,-0.030000000000001137,-0.030000000000001137,0.05000000000001137,-0.09999999999999432,0.0,0.0,0.0,-1.4000000000000057,-0.6999999999999886,0.014999999999993463,0.00999999999958111,-0.010000000000001563,0.0509901951358526,-0.014166666666663255,0.05195423393951108,-2.000000000001421,-0.8333333333332149,-0.5999999999996589,-inf,-0.9916666666666625,-1.2000000000001136,-1.0307692307692462,9,11,2015
2015-09-18,198.93,-0.009999999999990905,-0.020000000000010232,0.0,0.03999999999999204,-0.11999999999997613,0.0,-0.04999999999998295,-0.04999999999998295,0.0,0.0,1.3000000000000114,1.0,0.0049999999999954525,0.019148542154912653,-0.0087500000000027,0.0505505404802906,-0.01166666666666553,0.05078176718850004,-1.4999999999992895,-0.6666666666669825,-0.9000000000000853,-inf,-inf,-0.8000000000002274,-1.0166666666666517,9,18,2015
2015-09-25,198.98,0.01999999999998181,-0.009999999999990905,-0.020000000000010232,0.01999999999998181,-0.030000000000001137,-0.08999999999997499,0.05000000000001137,-0.09999999999999432,-0.04999999999998295,0.0,-2.4000000000000057,-1.4000000000000057,-0.0024999999999977263,0.01707825127636326,0.0049999999999954525,0.0239045721865466,-0.01666666666666572,0.04696871944240789,inf,-0.5000000000003553,-1.3999999999997725,inf,inf,-1.0444444444444023,-1.666666666666035,9,25,2015
2015-10-02,198.95,-0.030000000000001137,0.01999999999998181,-0.009999999999990905,0.01999999999998181,0.03999999999999204,-0.030000000000001137,0.0,-0.04999999999998295,-0.09999999999999432,0.0,0.0,1.3000000000000114,-0.0025000000000048317,0.017078251276350778,0.011249999999993321,0.019594095320320845,-0.015000000000000568,0.04795831523311574,0.49999999999928946,-2.500000000001421,-1.5999999999998864,-inf,-inf,-1.1500000000000141,-1.0600000000000023,10,2,2015
2015-10-09,199.18,0.18000000000000682,-0.030000000000001137,0.01999999999998181,0.020000000000010232,0.01999999999998181,-0.11999999999997613,-0.08999999999997499,0.05000000000001137,-0.04999999999998295,0.0,0.0,-2.4000000000000057,-0.010000000000005116,0.021602468994494483,0.0024999999999941735,0.02052872551869178,-0.010000000000002748,0.04221158824087842,-19.000000000017053,8.000000000008527,inf,inf,-1.4000000000000252,-1.6,1.0,10,9,2015
2015-10-16,199.05,0.13000000000002387,0.18000000000000682,-0.030000000000001137,0.0,0.01999999999998181,-0.030000000000001137,-0.030000000000001137,0.0,0.05000000000001137,0.0,0.0,0.0,0.03999999999999915,0.09556847457883626,0.0224999999999973,0.0664938235584504,0.0074999999999979155,0.06850680125492242,5.500000000007105,5.499999999997868,-2.444444444445111,inf,inf,-3.5999999999998864,-0.34999999999993603,10,16,2015
2015-10-23,198.92,-0.060000000000002274,0.13000000000002387,0.18000000000000682,-0.020000000000010232,0.020000000000010232,0.03999999999999204,-0.11999999999997613,-0.08999999999997499,0.0,0.0,-0.44999999999998863,0.0,0.07500000000000284,0.09678154093968784,0.03625000000000256,0.0765203054283733,0.02833333333333125,0.06407855028058486,1.0,-inf,1.0,-inf,-inf,-1.3333333333333333,-1.19354838709678,10,23,2015
2015-10-30,198.96,0.0800000000000125,-0.060000000000002274,0.13000000000002387,-0.009999999999990905,0.0,0.01999999999998181,-0.030000000000001137,-0.030000000000001137,-0.08999999999997499,0.0,0.0,0.0,0.05500000000000682,0.11789826122548928,0.026250000000000995,0.08382592507261848,0.025833333333331154,0.06707639245102012,-0.555555555555503,-4.999999999998579,-1.6666666666669037,-2.600000000000796,inf,-0.7333333333333018,-3.6666666666669823,10,30,2015
2015-11-06,198.87,-0.12999999999999545,0.0800000000000125,-0.060000000000002274,0.01999999999998181,-0.020000000000010232,0.01999999999998181,0.03999999999999204,-0.11999999999997613,-0.030000000000001137,0.0,0.0,-0.44999999999998863,0.08250000000001023,0.10340051579494064,0.03625000000000256,0.08501050355268092,0.029166666666666192,0.06881573991905528,-1.9999999999997815,12.000000000011369,3.3333333333330177,0.30000000000002847,-inf,-1.7222222222221695,-0.8142857142857178,11,6,2015
2015-11-13,198.85,-0.15000000000000568,-0.12999999999999545,0.0800000000000125,-0.030000000000001137,-0.009999999999990905,0.020000000000010232,0.01999999999998181,-0.030000000000001137,-0.11999999999997613,0.0,0.0,0.0,0.005000000000009663,0.12069244660151968,0.022500000000004405,0.1025043553081394,0.01666666666666809,0.08282877555902245,1.5,-8.500000000007105,-4.750000000000888,2.000000000001137,-inf,0.5000000000001421,-1.2727272727272774,11,13,2015
2015-11-20,198.9,-0.09999999999999432,-0.15000000000000568,-0.12999999999999545,0.18000000000000682,0.01999999999998181,0.0,0.01999999999998181,0.03999999999999204,-0.030000000000001137,0.0,0.0,0.0,-0.06499999999999773,0.10408329997327316,0.005000000000002558,0.11940327825121788,0.0025000000000024634,0.09573875438353155,-2.2499999999997335,2.3333333333330177,-6.000000000004263,-2.9999999999994316,-inf,-inf,-0.5238095238095689,11,20,2015
2015-12-04,198.0,-1.0,0.0,-0.09999999999999432,-0.060000000000002274,0.18000000000000682,-0.009999999999990905,0.0,0.01999999999998181,0.01999999999998181,-0.09999999999999432,0.0,0.0,-0.09499999999999886,0.06658328118473228,-0.006249999999994316,0.12443443482984734,-0.0074999999999979155,0.0999204228828716,5.666666666666414,-8.69230769230628,-50.99999999997442,10.111111111114198,-inf,-11.000000000000568,-inf,12,4,2015
2015-12-11,199.0,0.5300000000000011,-1.0,0.0,0.0800000000000125,0.13000000000002387,0.01999999999998181,-0.020000000000010232,0.020000000000010232,0.01999999999998181,-0.04999999999998295,0.0,0.0,-0.3125,0.46255630287925514,-0.15374999999999517,0.3560071227216778,-0.08916666666666373,0.30371812091098277,-6.3000000000003125,-9.833333333333018,inf,-18.666666666666035,inf,1.6500000000001562,25.50000000002416,12,11,2015
2015-12-18,198.78,0.7800000000000011,0.5300000000000011,-1.0,-0.12999999999999545,-0.060000000000002274,-0.030000000000001137,-0.009999999999990905,0.0,0.020000000000010232,0.05000000000001137,0.0,0.0,-0.1424999999999983,0.634999999999994,-0.10374999999999801,0.42328435224697025,-0.04416666666666439,0.3525867612977343,inf,8.74999999999849,-39.999999999980105,-7.500000000001303,inf,-5.333333333333176,-16.599999999996477,12,18,2015
2016-01-01,199.0,0.0,0.0,0.7800000000000011,-0.09999999999999432,-0.12999999999999545,0.13000000000002387,-0.030000000000001137,-0.009999999999990905,-0.020000000000010232,-0.08999999999997499,0.0,0.0,0.07750000000000057,0.7885165396701111,-0.008749999999999147,0.5261840389608341,0.021666666666670647,0.4255869387378372,-1.0,-1.0,-1.0,-1.0,-1.0,-1.0,-1.0,1,1,2016
2016-01-08,199.3,0.75,0.0,0.0,0.0,-0.15000000000000568,-0.060000000000002274,0.18000000000000682,0.01999999999998181,-0.009999999999990905,-0.030000000000001137,0.0,0.0,0.32750000000000057,0.3916950344336678,0.007500000000000284,0.5239070255575556,0.0066666666666700776,0.4226611222272818,-0.03846153846153988,-8.500000000000426,-25.99999999999905,36.500000000034106,-8.500000000000426,-1.75,36.499999999980815,1,8,2016
2016-01-15,198.6,-0.30000000000001137,0.75,0.0,-1.0,-0.09999999999999432,0.0800000000000125,0.13000000000002387,-0.030000000000001137,0.01999999999998181,-0.11999999999997613,-0.04999999999998295,0.0,0.3825000000000003,0.4418427322022984,0.120000000000001,0.5789892671099912,0.05833333333333476,0.4738974444737894,-inf,-inf,-2.666666666666667,-16.00000000001421,5.000000000002274,-1.333333333333344,0.3043478260869028,1,15,2016
2016-01-22,198.8,0.20000000000001705,-0.30000000000001137,0.75,0.5300000000000011,0.0,-0.12999999999999545,-0.060000000000002274,0.18000000000000682,-0.030000000000001137,-0.030000000000001137,-0.09999999999999432,0.0,0.11249999999999716,0.44791182167921717,0.09499999999999886,0.5939696961966957,0.038333333333333997,0.48429580242081943,inf,-1.200000000000017,0.5384615384613871,8.999999999995737,2.9999999999994316,-0.9444444444444396,-1.2857142857143147,1,22,2016
2016-01-29,198.8,0.20000000000001705,0.20000000000001705,-0.30000000000001137,0.7800000000000011,-1.0,-0.15000000000000568,0.0800000000000125,0.13000000000002387,0.18000000000000682,0.03999999999999204,-0.04999999999998295,-0.04999999999998295,0.16250000000000142,0.44229515032384836,0.120000000000001,0.5936088178012722,0.04833333333333437,0.4864684112576239,-0.7333333333333105,-0.6226415094339308,-4.333333333333491,inf,inf,-1.333333333333349,-0.1999999999999318,1,29,2016
2016-02-05,198.6,-0.4000000000000057,0.20000000000001705,0.20000000000001705,0.0,0.5300000000000011,-0.09999999999999432,-0.12999999999999545,-0.060000000000002274,0.13000000000002387,0.01999999999998181,0.05000000000001137,-0.09999999999999432,0.21250000000000568,0.42890364108192014,0.2700000000000031,0.38519012003350134,0.07583333333333542,0.4847953332608692,0.33333333333330173,-1.5128205128205194,-5.9999999999992895,18.999999999990052,3.444444444445743,-0.5999999999999943,1.6666666666671088,2,5,2016
2016-02-19,198.6,-0.20000000000001705,0.0,-0.4000000000000057,0.75,0.0,-1.0,-0.09999999999999432,-0.12999999999999545,0.0800000000000125,0.020000000000010232,-0.08999999999997499,0.05000000000001137,7.105427357601002e-15,0.282842712474615,0.05625000000000213,0.3519714882933349,0.06333333333333495,0.49851294016821074,-2.0,-inf,0.33333333333339654,-11.000000000009948,0.6666666666671404,-inf,-3.2222222222223276,2,19,2016
2016-02-26,198.8,0.0,-0.20000000000001705,0.0,-0.30000000000001137,0.0,0.5300000000000011,0.0,-0.15000000000000568,-0.12999999999999545,0.0,-0.030000000000001137,0.0,-0.10000000000000142,0.258198889747156,0.03125,0.3634531803213616,0.046666666666666856,0.5041344217086535,-1.0,-1.0,-1.0,-1.0,-1.0,-1.0,-1.0,2,26,2016
2016-03-04,199.03,0.030000000000001137,0.0,-0.20000000000001705,0.20000000000001705,0.75,0.7800000000000011,-1.0,-0.09999999999999432,-0.15000000000000568,-0.020000000000010232,-0.11999999999997613,-0.08999999999997499,-0.15000000000000568,0.19148542155124978,0.03125,0.3634531803213616,0.1300000000000002,0.3836428263135147,inf,-1.1,inf,-0.8333333333333334,-0.24999999999982236,-0.992307692307692,-1.1000000000000094,3,4,2016
2016-03-11,198.6,-0.20000000000001705,0.030000000000001137,0.0,0.20000000000001705,-0.30000000000001137,0.0,0.5300000000000011,0.0,-0.09999999999999432,-0.009999999999990905,-0.030000000000001137,-0.030000000000001137,-0.04250000000000398,0.1059481005020548,-0.05874999999999986,0.22145218768070318,0.08833333333333353,0.36283813905310236,0.0,-2.0,-0.799999999999983,-2.5384615384613873,-11.000000000009948,-0.7142857142856853,-0.393939393939313,3,11,2016
2016-03-25,198.8,0.0,0.0,-0.20000000000001705,0.0,0.20000000000001705,0.75,0.0,0.5300000000000011,-1.0,-0.030000000000001137,0.01999999999998181,-0.030000000000001137,-0.04250000000000398,0.1059481005020548,-0.0712500000000027,0.18527489229326852,0.00666666666666534,0.2973927104729165,-1.0,-1.0,-1.0,-1.0,-1.0,-1.0,-1.0,3,25,2016
2016-04-01,198.94,0.13999999999998636,0.0,0.0,-0.20000000000001705,-0.4000000000000057,-0.30000000000001137,0.0,0.7800000000000011,0.5300000000000011,0.18000000000000682,0.01999999999998181,0.03999999999999204,-0.04250000000000398,0.1059481005020548,-0.09625000000000483,0.15435927479189798,0.00666666666666534,0.2973927104729165,-1.699999999999872,inf,inf,-2.0769230769230096,inf,-0.8923076923077038,-7.999999999995737,4,1,2016
2016-04-08,198.9,-0.09999999999999432,0.13999999999998636,0.0,0.0,0.0,0.20000000000001705,0.75,0.0,0.7800000000000011,0.13000000000002387,0.020000000000010232,0.01999999999998181,-0.015000000000007674,0.13988090172235457,-0.028750000000005826,0.11581234821898051,-0.04416666666666913,0.1923755008657192,-inf,-0.500000000000071,-inf,-0.33333333333339654,3.999999999997158,-0.9583333333333358,-2.0,4,8,2016
2016-04-15,198.6,-0.20000000000001705,-0.09999999999999432,0.13999999999998636,0.030000000000001137,-0.20000000000001705,0.20000000000001705,-0.30000000000001137,0.0,0.0,-0.060000000000002274,0.0,0.01999999999998181,0.00999999999999801,0.09865765724627458,-0.041250000000005116,0.11764808297871059,-0.02750000000000104,0.1761778543507635,-inf,-inf,-1.2666666666666895,1.0000000000002842,19.000000000019895,-inf,2.9999999999994316,4,15,2016
2016-04-22,198.79,-0.010000000000019327,-0.20000000000001705,-0.09999999999999432,-0.20000000000001705,0.0,-0.4000000000000057,0.20000000000001705,0.75,0.0,0.0800000000000125,-0.020000000000010232,0.020000000000010232,-0.04000000000000625,0.14514360704715273,-0.041250000000005116,0.1176480829787106,-0.060833333333337215,0.16681281471013285,-1.0714285714287164,-1.333333333333965,-0.9666666666666035,-inf,-1.500000000001421,-inf,-0.9777777777777357,4,22,2016
2016-05-06,198.6,-0.20000000000001705,0.0,-0.010000000000019327,0.0,-0.20000000000001705,-0.20000000000001705,-0.4000000000000057,0.20000000000001705,-0.30000000000001137,-0.15000000000000568,0.01999999999998181,-0.020000000000010232,-0.07750000000000767,0.0932291084729376,-0.046250000000007674,0.11500776371306234,-0.045000000000006445,0.10715324624956098,0.0,-inf,-2.0,-1.3773584905660692,-2.111111111111164,-0.5555555555555065,-0.33333333333330173,5,6,2016
2016-05-13,199.0,0.44999999999998863,-0.20000000000001705,0.0,0.13999999999998636,0.0,0.0,0.0,0.20000000000001705,0.20000000000001705,-0.09999999999999432,-0.030000000000001137,-0.009999999999990905,-0.10250000000001336,0.11265729744077546,-0.046250000000007674,0.11500776371306234,-0.06166666666667453,0.11479890190584977,-45.99999999991189,inf,-2.1249999999999556,-0.42307692307693845,2.4615384615377383,inf,-9.999999999997726,5,13,2016
2016-05-27,198.8,0.10000000000002274,0.0,0.44999999999998863,-0.20000000000001705,0.13999999999998636,-0.20000000000001705,0.0,0.0,-0.4000000000000057,-1.0,0.13000000000002387,-0.030000000000001137,0.062499999999992895,0.2749999999999849,0.009999999999990905,0.2109163679890863,-0.00750000000000739,0.17899339754202354,-1.500000000000071,-2.000000000000284,-1.500000000000071,inf,0.2500000000000888,inf,-0.6666666666666035,5,27,2016
2016-06-10,199.0,0.19999999999998863,0.0,0.10000000000002274,0.0,-0.20000000000001705,0.0,-0.20000000000001705,0.0,-0.20000000000001705,0.7800000000000011,0.0800000000000125,0.13000000000002387,0.13750000000000284,0.2136000936329119,0.017499999999994742,0.2035927307150104,0.014999999999995831,0.17042727054510715,inf,-20.99999999996021,5.6666666666660355,-1.6666666666666035,-2.333333333333207,inf,-3.0,6,10,2016
2016-06-17,198.6,-0.20000000000001705,0.19999999999998863,0.0,-0.20000000000001705,-0.010000000000019327,0.13999999999998636,0.0,0.030000000000001137,0.0,0.0,-0.12999999999999545,-0.060000000000002274,0.07500000000000284,0.09574271077558737,0.06749999999999545,0.1912925956299687,0.03166666666666155,0.17841898254763633,-2.999999999999716,-inf,0.0,-2.0,1.0000000000002842,-inf,-inf,6,17,2016
2016-06-24,281.22,-2.92999999999995,-0.20000000000001705,0.19999999999998863,0.44999999999998863,0.0,-0.09999999999999432,0.0,-0.20000000000001705,0.030000000000001137,0.0,-0.15000000000000568,0.0800000000000125,0.02499999999999858,0.17078251276597586,0.04374999999999574,0.21286732957406648,0.014999999999993463,0.1905732977575366,-inf,13.649999999998501,-inf,-15.649999999998501,-inf,-inf,-12.7199999999998,6,24,2016
2016-07-08,282.22,0.5,0.0,-2.92999999999995,0.10000000000002274,0.44999999999998863,-0.010000000000019327,-0.09999999999999432,0.0,0.0,-0.30000000000001137,0.0,-0.15000000000000568,-0.7324999999999946,1.4740731551271709,-0.2974999999999959,1.0803008840133168,-0.2325000000000017,0.8691074313758342,-3.499999999999787,inf,2.5714285714289193,inf,-0.056603773584907646,inf,1.500000000000142,7,8,2016
2016-07-15,283.97,1.25,0.5,0.0,0.0,0.0,0.0,-0.20000000000001705,0.13999999999998636,0.0,0.20000000000001705,-1.0,-0.09999999999999432,-0.6574999999999918,1.5433378329667737,-0.29124999999999446,1.0853760046308965,-0.17416666666666694,0.8946046189476095,-1.4266211604095635,11.499999999997158,-13.50000000000071,-7.249999999999467,0.6025641025641002,inf,-7.944444444444181,7,15,2016
2016-07-22,305.0,13.0,1.25,0.5,0.19999999999998863,0.10000000000002274,-0.20000000000001705,-0.010000000000019327,-0.09999999999999432,0.13999999999998636,0.20000000000001705,0.5300000000000011,0.0,-0.2949999999999875,1.8302367788530998,-0.13499999999999446,1.215471689744925,-0.06916666666666534,0.9850007691121306,inf,inf,-65.99999999999446,inf,inf,inf,51.0,7,22,2016
2016-07-29,318.0,-4.0,13.0,1.25,-0.20000000000001705,0.0,0.44999999999998863,0.0,-0.20000000000001705,-0.09999999999999432,-0.4000000000000057,0.7800000000000011,-1.0,3.6875,6.229549876729992,1.4775000000000027,4.810900569094546,1.014166666666668,3.900903061724255,-9.0,-21.000000000001137,398.99999999922693,-134.33333333332828,-inf,79.00000000002728,-0.11111111111111116,7,29,2016
2016-08-05,316.5,6.5,-4.0,13.0,-2.92999999999995,0.19999999999998863,0.0,-0.20000000000001705,-0.010000000000019327,-0.20000000000001705,0.0,0.0,0.5300000000000011,2.6875,7.255385930465725,0.9775000000000027,5.180090319124336,0.6975000000000028,4.154426171949837,4.2,-33.49999999999723,inf,-33.49999999999723,7.666666666666666,-66.0000000000037,-7.5,8,5,2016
2016-08-12,311.0,-2.5,6.5,-4.0,0.0,-0.20000000000001705,0.10000000000002274,0.44999999999998863,0.0,-0.010000000000019327,-0.20000000000001705,0.0,0.7800000000000011,4.1875,7.272594103894428,1.7650000000000041,5.513173833127852,1.2016666666666704,4.476294801676395,-1.1923076923076923,-0.1467576791808728,11.499999999998934,-inf,7.333333333333018,49.00000000001705,-3.7777777777777604,8,12,2016
2016-08-19,340.0,19.0,-2.5,6.5,0.5,-2.92999999999995,0.0,0.0,-0.20000000000001705,0.0,0.0,0.75,0.0,3.25,7.984359711335656,1.4775000000000063,5.6874969387746805,0.9933333333333371,4.593937375069514,-5.75,inf,41.22222222222329,inf,93.9999999999919,378.9999999999136,4.277777777777786,8,19,2016
2016-08-26,310.5,-4.5,19.0,-2.5,1.25,0.0,0.19999999999998863,0.10000000000002274,0.44999999999998863,-0.20000000000001705,0.030000000000001137,-0.30000000000001137,0.0,4.75,10.571187255932987,4.21875,8.052769598981813,2.568333333333335,6.91389488090775,-1.6923076923076923,-10.0,-inf,-33.14285714286027,-23.49999999999808,-inf,6.499999999999716,8,26,2016
2016-09-02,315.0,9.0,-4.5,19.0,13.0,0.5,-0.20000000000001705,0.0,0.0,0.44999999999998863,-0.20000000000001705,0.20000000000001705,0.75,4.625,10.711170181948686,3.65625,8.532435488015297,2.193333333333335,7.1826740188182026,-4.6,6.2,88.99999999997954,-91.00000000000512,-23.49999999999968,-101.0000000000278,-10.0,9,2,2016
2016-09-09,315.0,10.0,9.0,-4.5,-4.0,1.25,-2.92999999999995,0.19999999999998863,0.10000000000002274,0.0,0.0,0.20000000000001705,-0.30000000000001137,5.25,10.927793311857004,4.71875,8.612115116840593,2.9266666666666694,7.40640304470436,-0.4736842105263158,-0.23076923076923073,inf,-50.99999999999574,inf,-334.3333333333207,-200.99999999995453,9,9,2016
2016-09-16,305.0,-10.5,10.0,9.0,6.5,13.0,0.0,-0.20000000000001705,0.0,0.10000000000002274,0.0,-0.4000000000000057,0.20000000000001705,8.375,9.689986240100309,5.8125,8.664119360080068,3.776666666666671,7.597779978787261,1.3333333333333335,1.625,-53.500000000002984,1048.9999999979707,51.499999999995524,86.50000000001741,-inf,9,16,2016
2016-09-23,323.4,18.399999999999977,-10.5,10.0,-2.5,-4.0,0.5,-2.92999999999995,0.19999999999998863,0.0,0.13999999999998636,0.0,0.20000000000001705,1.0,10.124228365658293,2.875,9.7897541191945,3.1458333333333335,8.469502999622001,1.044444444444442,1.8307692307692274,-92.99999999999204,inf,inf,-614.3333333333094,35.799999999999955,9,23,2016
2016-09-30,304.5,-18.75,18.399999999999977,-10.5,19.0,6.5,1.25,0.0,-0.20000000000001705,0.19999999999998863,-0.09999999999999432,-0.20000000000001705,-0.4000000000000057,6.724999999999994,12.232572637566195,5.674999999999997,10.703237160517634,4.6791666666666645,9.456298005546195,-2.875,6.5,5.399317406143454,92.74999999999201,-625.9999999999764,-469.7500000000933,-5.8076923076923,9,30,2016
2016-10-07,304.0,-0.25,-18.75,18.399999999999977,-4.5,-2.5,13.0,0.5,-2.92999999999995,-0.20000000000001705,-0.20000000000001705,0.0,0.0,-0.21250000000000568,17.32235429534141,2.518749999999997,13.722347193537987,3.074999999999998,11.615888413563708,-0.9761904761904762,-1.013157894736842,-inf,-1.5555555555555696,0.24999999999989342,-13.500000000011369,-0.642857142857137,10,7,2016
2016-10-14,304.0,-0.25,-0.25,-18.75,9.0,19.0,-4.0,1.25,0.0,-2.92999999999995,-0.010000000000019327,0.030000000000001137,-0.20000000000001705,-2.7750000000000057,16.016996181140403,2.799999999999997,13.627519426303733,2.949999999999998,11.645346319843428,-1.0135869565217392,-0.9444444444444444,-1.5,-inf,-inf,-13.500000000011369,-1.25,10,14,2016
2016-10-21,304.25,-0.25,-0.25,-0.25,10.0,-4.5,6.5,13.0,0.5,0.0,0.0,-0.20000000000001705,0.0,-0.21250000000000568,15.16648580478241,0.39374999999999716,11.955316734168342,1.8458333333333314,11.226439132960218,-0.9866666666666667,-1.0277777777777777,-1.2,-3.4999999999994316,-inf,-13.499999999993605,-0.8214285714285722,10,21,2016
2016-10-28,304.5,-13.050000000000011,-0.25,-0.25,-10.5,9.0,-2.5,-4.0,1.25,0.5,-0.20000000000001705,0.0,0.030000000000001137,-4.875,9.249999999999998,0.9249999999999972,11.800211862504838,2.1583333333333314,11.100406080478098,51.200000000000045,-2.305000000000001,-2.0038461538461547,-inf,-94.21428571429487,-inf,-11.03846153846146,10,28,2016
2016-11-04,304.2,0.0,-13.050000000000011,-0.25,18.399999999999977,10.0,19.0,6.5,13.0,1.25,0.44999999999998863,0.0,-0.20000000000001705,-3.450000000000003,6.400000000000003,-1.8312500000000043,12.212608750795217,0.5291666666666638,11.816791949158493,-1.0,-1.0,-1.0,-1.0,-1.0,-1.0,-1.0,11,4,2016
2016-12-16,304.5,0.05000000000001137,0.0,0.0,0.0,-0.25,-18.75,-10.5,9.0,-4.5,-2.92999999999995,-0.20000000000001705,-0.010000000000019327,0.0,0.0,-1.6625000000000014,4.602076394721972,-1.1791666666666696,8.759033215988387,inf,-1.003831417624522,-0.9949999999999989,-0.9961538461538453,inf,-1.8333333333334911,inf,12,16,2016
2016-12-30,304.2,-0.05000000000001137,0.0,0.05000000000001137,0.0,0.0,-0.25,-18.75,-10.5,10.0,0.5,0.0,-0.20000000000001705,0.012500000000002842,0.024999999999153033,0.006250000000001421,0.017677669529606685,-1.1458333333333333,3.7506034867940383,-inf,-inf,-1.0027173913043483,-1.0076923076923094,-inf,-0.6153846153845145,-inf,12,30,2016
2017-01-20,304.48,-10.949999999999989,0.0,0.0,0.0,0.0,0.0,-0.25,-0.25,-18.75,-4.0,0.19999999999998863,0.10000000000002274,-0.012500000000002842,0.024999999999153033,0.0,0.02672612419120818,-1.087500000000001,3.767270835160996,217.99999999994998,-inf,42.799999999999955,1.433333333333331,2.737201365187773,-inf,-inf,1,20,2017
2017-01-27,304.2,-9.480000000000018,-10.949999999999989,0.0,0.05000000000001137,0.0,0.0,-13.050000000000011,-0.25,-0.25,6.5,-0.20000000000001705,0.0,-2.75,5.466717479438632,-1.3687499999999986,3.871501877271178,-0.9124999999999991,3.161064622157317,-inf,-inf,36.92000000000007,-2.0533333333333355,-inf,8.480000000000018,-inf,1,27,2017
2017-02-10,304.0,-0.19999999999998863,0.0,-9.480000000000018,-0.05000000000001137,0.05000000000001137,0.0,0.0,-13.050000000000011,-0.25,19.0,0.0,-0.20000000000001705,-5.107500000000002,5.928087802993471,-2.553750000000001,4.744994166788527,-1.7025000000000006,3.988572597262889,-0.9817351598173526,-inf,-inf,-0.980952380952382,-1.1599999999999908,-1.2564102564102415,-inf,2,10,2017
2017-02-17,304.5,0.05000000000001137,-0.19999999999998863,0.0,0.0,0.0,0.0,0.0,0.0,-13.050000000000011,-4.5,0.5,-2.92999999999995,-5.157499999999999,5.871220060600693,-2.585000000000001,4.726182391740717,-1.7191666666666663,3.9812228782197905,-1.0052742616033767,-2.0,inf,-0.9972826086956516,-0.9961538461538453,inf,inf,2,17,2017
2017-02-24,304.48,0.28000000000002956,0.05000000000001137,-0.19999999999998863,0.0,-0.05000000000001137,0.0,0.0,0.0,0.0,9.0,1.25,0.0,-2.407499999999999,4.716237024012549,-2.5787499999999994,4.730120619120466,-1.7149999999999987,3.983211358599089,inf,inf,inf,-1.014933333333335,-1.0700000000000074,inf,-6.600000000002501,2,24,2017
2017-03-03,304.2,-0.25,0.28000000000002956,0.05000000000001137,-10.949999999999989,0.0,0.05000000000001137,0.0,0.0,0.0,10.0,13.0,0.5,0.032500000000013074,0.19720970226291226,-2.5374999999999943,4.756687773170383,-1.6916666666666629,3.9949737360232085,0.25000000000007105,-inf,-inf,0.0,-1.0384615384615385,-1.3333333333333333,1.500000000000142,3,3,2017
2017-03-10,304.77,0.12000000000000455,-0.25,0.28000000000002956,-9.480000000000018,0.0,0.0,0.0,0.0,0.0,-10.5,-4.0,1.25,-0.029999999999986926,0.24481285369296965,-2.5687499999999943,4.738421791211565,-1.7124999999999961,3.9859916639971327,1.3999999999995452,-1.0109589041095894,inf,-1.4800000000000182,-1.0480000000000018,-1.4,-3.4000000000009094,3,10,2017
2017-03-17,305.7,0.21999999999997044,0.12000000000000455,-0.25,0.0,-10.949999999999989,-0.05000000000001137,0.05000000000001137,0.0,0.0,18.399999999999977,6.5,13.0,0.05000000000001137,0.2219609575277328,-2.5537499999999937,4.747895586467761,-1.7066666666666634,3.988855687659028,-0.21428571428590282,-1.0232067510548493,inf,-1.8799999999998818,-0.9884210526315805,0.0999999999997585,3.3999999999984087,3,17,2017
2017-03-24,307.0,-3.4399999999999977,0.21999999999997044,0.12000000000000455,-0.19999999999998863,-9.480000000000018,0.0,0.0,0.0,0.0,-18.75,-2.5,-4.0,0.09250000000000114,0.23767975653518436,-1.1574999999999989,3.367876609548352,-1.6883333333333326,3.9979081651495907,12.759999999999991,-inf,-69.79999999998431,-0.7363984674329507,-0.23555555555555607,-18.19999999999852,-inf,3,24,2017
2017-03-31,305.35,-0.0999999999999659,-3.4399999999999977,0.21999999999997044,0.05000000000001137,0.0,0.0,-0.05000000000001137,0.05000000000001137,0.0,-0.25,19.0,6.5,-0.8375000000000057,1.746737434953119,-0.4024999999999963,1.2411831912677957,-1.9708333333333314,3.9913826684572205,-1.8333333333330175,-0.5000000000001421,-inf,-inf,-1.0111111111111073,-0.7500000000000888,0.111111111111041,3,31,2017
2017-04-07,305.15,-7.670000000000016,-0.0999999999999659,-3.4399999999999977,0.28000000000002956,-0.19999999999998863,-10.949999999999989,0.0,0.0,0.05000000000001137,-0.25,-4.5,-2.5,-0.7999999999999972,1.7650684594843957,-0.41499999999999204,1.2370471754487429,-1.9791666666666619,3.9869958121448654,-35.86363636364112,-154.39999999996544,152.39999999996544,-inf,-1.7670000000000017,-inf,254.6666666666575,4,7,2017
2017-04-14,305.1,-4.259999999999991,-7.670000000000016,-0.0999999999999659,-0.25,0.05000000000001137,-9.480000000000018,0.0,-0.05000000000001137,0.0,-0.25,9.0,19.0,-2.7475000000000023,3.675408140601532,-1.3487499999999955,2.8366400521945545,-2.61833333333333,4.2471762455313975,0.23837209302325402,-16.214285714284074,-inf,-inf,-0.5942857142857152,20.29999999999814,34.500000000006985,4,14,2017
2017-04-28,304.74,-0.060000000000002274,0.0,-4.259999999999991,0.21999999999997044,-0.25,-0.19999999999998863,-9.480000000000018,0.0,0.0,0.0,-10.5,9.0,-3.007499999999993,3.6881013633937356,-1.9224999999999994,2.912469497081229,-1.2708333333333286,2.516962304529873,-0.9921773142112122,-1.5,-0.9945205479452053,-inf,-0.9967999999999999,-3.0,-2.5000000000003553,4,28,2017
2017-05-05,314.68,9.980000000000018,-0.060000000000002274,0.0,-3.4399999999999977,0.12000000000000455,0.05000000000001137,0.0,-10.949999999999989,0.0,0.0,18.399999999999977,10.0,-2.9975000000000023,3.6986517813927815,-1.8987499999999997,2.92878540159081,-1.2758333333333287,2.5142664150922216,-3.342723004694845,44.36363636364254,-2.052742616033755,inf,-40.92000000000007,-50.899999999995835,498.00000000045475,5,5,2017
2017-05-19,304.45,-9.740000000000009,0.0,9.980000000000018,-7.670000000000016,-3.4399999999999977,-0.25,0.05000000000001137,0.0,-9.480000000000018,0.0,-0.25,18.399999999999977,2.480000000000004,5.000079999360016,-0.6937499999999943,5.13494731507262,-0.4316666666666625,4.116394789206469,161.33333333332735,96.40000000003332,47.70000000000282,-inf,37.960000000000036,-inf,-487.9999999997513,5,19,2017
2017-06-02,304.4,0.01999999999998181,0.0,-9.740000000000009,0.0,-7.670000000000016,0.21999999999997044,-0.25,0.05000000000001137,-0.19999999999998863,0.0,-0.25,-0.25,0.060000000000002274,8.050954394770027,-1.46875,6.02601843793112,-1.2458333333333325,4.90574145694862,inf,-1.004694835680747,-0.9285714285715011,inf,inf,-1.1999999999998294,-1.999999999998579,6,2,2017
2017-06-09,304.58,0.029999999999972715,0.01999999999998181,0.0,-0.060000000000002274,-4.259999999999991,-3.4399999999999977,0.12000000000000455,0.28000000000002956,0.05000000000001137,0.05000000000001137,-13.050000000000011,-0.25,-2.430000000000007,4.873342453251837,-0.5075000000000003,5.484512610198707,-1.2541666666666675,4.903294733383295,-1.0030800821355208,inf,-1.1199999999998909,inf,inf,-1.1499999999998507,-4.0,6,9,2017
2017-06-16,304.7,-17.980000000000018,0.029999999999972715,0.01999999999998181,9.980000000000018,0.0,-0.0999999999999659,0.21999999999997044,-0.25,0.28000000000002956,0.0,0.0,-0.25,-2.4225000000000136,4.878349276821678,0.02874999999999517,5.270758789233842,-1.2700000000000007,4.8984060487246195,-inf,298.6666666666556,-150.8333333333278,0.6420091324200947,-inf,1796.9999999965269,-900.0000000008185,6,16,2017
2017-06-23,304.8,-18.879999999999995,-17.980000000000018,0.029999999999972715,0.0,-0.060000000000002274,-7.670000000000016,-3.4399999999999977,0.12000000000000455,-0.25,-0.05000000000001137,0.0,-13.050000000000011,-4.482500000000016,8.998341976905152,-2.218750000000007,8.266718881843552,-2.481666666666669,6.881039606091964,-945.0000000008583,-2.8917835671342647,-86.81818181819332,0.9915611814345948,-inf,-inf,628.3333333333094,6,23,2017
2017-07-07,323.68,18.680000000000007,0.0,-18.879999999999995,0.0,0.0,0.0,-7.670000000000016,-3.4399999999999977,0.21999999999997044,0.0,0.0,0.0,-9.20750000000001,10.655569357539427,-5.8187500000000085,8.483099900895391,-3.4075000000000037,8.273850510658711,-2.0389321468298105,-2.917864476386036,-187.8000000000638,-94.40000000000535,inf,40.51111111111217,142.69230769228136,7,7,2017
2017-07-14,304.98,-0.01999999999998181,18.680000000000007,0.0,0.01999999999998181,-9.740000000000009,-0.060000000000002274,-4.259999999999991,-0.0999999999999659,-3.4399999999999977,-10.949999999999989,0.0,0.0,-4.545000000000002,17.758088298012265,-3.4837500000000077,12.109346965405338,-1.4958333333333371,10.428544270705322,-0.9989406779661026,-inf,-0.9973924380704066,-1.3999999999995452,-1.3999999999995452,-inf,-0.6666666666669825,7,14,2017
2017-07-21,304.78,-14.900000000000034,-0.01999999999998181,18.680000000000007,0.029999999999972715,0.0,9.980000000000018,0.0,-7.670000000000016,-0.0999999999999659,-9.480000000000018,0.0,0.0,-0.05499999999999261,15.333896004168889,-2.2687500000000043,11.877355931711886,-1.4975000000000023,10.428285072122586,-inf,-746.0000000006793,2.49765258215964,-54.214285714280216,-inf,-149.99999999996646,-187.24999999997132,7,21,2017
2017-07-28,304.68,-13.71999999999997,-14.900000000000034,-0.01999999999998181,-17.980000000000018,0.01999999999998181,0.0,-0.060000000000002274,-4.259999999999991,-7.670000000000016,0.0,0.05000000000001137,0.0,0.9399999999999977,13.752798503092633,-4.1312500000000085,12.61603904050034,-2.7341666666666717,11.100568747372893,-1.734475374732332,-458.33333333374827,-inf,53.87999999999988,273.399999999937,-inf,104.538461538465,7,28,2017
2017-08-04,307.0,-7.5,-13.71999999999997,-14.900000000000034,-18.879999999999995,0.029999999999972715,-9.740000000000009,9.980000000000018,0.0,-4.259999999999991,-0.19999999999998863,0.0,0.0,-2.489999999999995,15.645987771097527,-5.848750000000003,12.902180809570808,-4.709166666666671,10.735158429904596,374.00000000034106,-0.5828698553948837,123.99999999999527,-63.499999999997634,-inf,-38.50000000000213,48.9999999999981,8,4,2017
2017-08-11,314.5,-0.5,-7.5,-13.71999999999997,0.0,-17.980000000000018,0.0,0.0,-0.060000000000002274,0.0,0.05000000000001137,-0.05000000000001137,0.05000000000001137,-9.034999999999997,6.830663706161112,-6.789999999999999,12.684879637922133,-5.334166666666671,10.654085395098953,-0.9664429530201343,-0.9735169491525424,-1.0501002004008015,-3.272727272727578,-inf,1.4999999999997868,4.000000000000284,8,11,2017
2017-08-18,305.2,0.05000000000001137,-0.5,-7.5,18.680000000000007,-18.879999999999995,0.01999999999998181,-9.740000000000009,9.980000000000018,-0.060000000000002274,0.28000000000002956,0.0,0.0,-9.155000000000001,6.620480848599032,-4.604999999999997,11.967201606295196,-4.56416666666667,10.640607858861296,-1.0036443148688055,inf,inf,-1.0145348837209336,-1.0045662100456632,-1.0170648464163865,inf,8,18,2017
2017-08-25,305.25,-0.5,0.05000000000001137,-0.5,-0.01999999999998181,0.0,0.029999999999972715,0.0,0.0,9.980000000000018,-0.25,0.0,-0.05000000000001137,-5.41749999999999,6.515204652707879,-2.238749999999996,10.52614220134125,-4.560000000000002,10.642567188589254,-0.9333333333333333,-1.0267665952890792,-0.9486652977412732,4.000000000001705,-0.9472573839662448,-inf,-0.5,8,25,2017
2017-09-08,305.95,0.9499999999999886,0.0,-0.5,-13.71999999999997,-0.01999999999998181,-18.879999999999995,0.029999999999972715,0.0,-9.740000000000009,0.21999999999997044,-9.480000000000018,0.0,-0.23749999999999716,0.30379543555905725,-4.636249999999997,6.492223782561504,-4.605833333333332,10.622078600155389,17.999999999995453,-1.0637583892617442,46.50000000004263,-1.2230046948356785,-5.750000000000213,-0.2400000000000091,0.21794871794870163,9,8,2017
2017-09-15,325.0,19.0,0.9499999999999886,0.0,-7.5,-14.900000000000034,0.0,-17.980000000000018,0.01999999999998181,0.0,-3.4399999999999977,0.0,-10.949999999999989,0.125,0.6034622330075912,-4.515000000000001,6.598934979005543,-3.028333333333331,9.831540000827896,-39.0,-2.384839650145776,632.3333333339093,inf,378.9999999999136,0.46153846153846145,inf,9,15,2017
2017-09-22,306.0,-22.0,19.0,0.9499999999999886,-0.5,-13.71999999999997,18.680000000000007,-18.879999999999995,0.029999999999972715,0.01999999999998181,-0.0999999999999659,-0.19999999999998863,-9.480000000000018,4.862499999999997,9.44416707109031,-0.2774999999999963,9.306505788962895,0.12833333333333505,10.346930008754327,-inf,1.9333333333333331,0.22358175750834142,365.66666666665276,-79.57142857142027,4.5,-inf,9,22,2017
2017-09-29,305.75,0.30000000000001137,-22.0,19.0,0.05000000000001137,-7.5,-0.01999999999998181,0.0,-17.980000000000018,0.029999999999972715,-7.670000000000016,0.05000000000001137,0.0,-0.5125000000000028,16.781456780228186,-1.3125,11.268627435748964,-1.7049999999999983,12.16164574688506,-0.6842105263157737,-1.6000000000000227,-1.0158898305084751,-0.969939879759518,-2.2000000000000455,-0.9538461538461521,-0.5999999999999848,9,29,2017
2017-10-06,314.5,9.350000000000023,0.30000000000001137,-22.0,-0.5,-0.5,-14.900000000000034,18.680000000000007,-18.879999999999995,-17.980000000000018,-4.259999999999991,0.28000000000002956,-0.19999999999998863,-0.4375,16.785180715937095,-0.3374999999999986,10.99079972392494,-3.2366666666666646,10.38916247681675,-0.5078947368421041,185.99999999995794,inf,inf,76.9166666666639,-4.740000000000009,-32.16666666666556,10,6,2017
2017-10-13,305.15,-0.4000000000000341,9.350000000000023,0.30000000000001137,0.0,0.05000000000001137,-13.71999999999997,-0.01999999999998181,0.0,-18.879999999999995,0.0,-0.25,0.05000000000001137,1.6625000000000085,17.525760801365134,0.8937500000000043,11.50948172781282,-2.455833333333331,10.987772094745178,-0.9818181818181803,-0.1999999999999318,-1.021413276231265,-0.958932238193015,-2.8181818181822176,-1.0210526315789492,-3.0,10,13,2017
2017-10-20,305.15,-9.350000000000023,-0.4000000000000341,9.350000000000023,0.9499999999999886,-0.5,-7.5,-14.900000000000034,18.680000000000007,0.0,-0.060000000000002274,0.12000000000000455,0.28000000000002956,-3.1875,13.30453400161013,0.8374999999999986,11.515292627011888,-1.2474999999999976,10.268623104123822,-32.16666666666556,-inf,466.5000000004263,-inf,1.718023255813962,1.0777777777777828,-47.74999999999613,10,20,2017
2017-10-27,305.25,0.0,-9.350000000000023,-0.4000000000000341,19.0,0.0,-0.5,-13.71999999999997,-0.01999999999998181,18.680000000000007,9.980000000000018,0.21999999999997044,-0.25,-0.025000000000005684,7.639644407082495,-0.26875000000000426,12.073700388506778,-0.8833333333333352,9.855255481521565,-1.0,-1.0,-1.0,-1.0,-1.0,-1.0,-1.0,10,27,2017
2017-11-03,305.4,0.049999999999954525,0.0,-9.350000000000023,-22.0,0.9499999999999886,0.05000000000001137,-7.5,-14.900000000000034,-0.01999999999998181,0.0,-3.4399999999999977,0.12000000000000455,-0.10000000000000853,7.636862357451969,-0.26875000000000426,12.073700388506778,-0.25833333333333525,9.632799869889002,-1.1249999999998757,-0.997368421052634,-1.0036443148688015,0.6666666666666667,-1.0065189048239835,-0.9950000000000045,inf,11,3,2017
2017-11-10,314.5,9.050000000000011,0.049999999999954525,0.0,0.30000000000001137,19.0,-0.5,-0.5,-13.71999999999997,-14.900000000000034,-9.740000000000009,-0.0999999999999659,0.21999999999997044,-2.4250000000000256,4.621056877670577,-0.3812500000000085,12.064911861024342,-0.21250000000000568,9.632853938475359,-1.9679144385026728,-1.4113636363636368,-2.206666666666668,-1.5033370411568412,-3.124413145539913,-1.8619047619047628,-46.2499999999962,11,10,2017
2017-11-17,305.45,-0.5500000000000114,9.050000000000011,0.049999999999954525,9.350000000000023,-22.0,0.0,0.05000000000001137,-7.5,-13.71999999999997,0.0,-7.670000000000016,-3.4399999999999977,-0.06250000000001421,7.512475734847119,-1.625000000000007,10.140970649513086,0.5374999999999943,9.99857092061389,-inf,-2.833333333333302,0.10000000000002274,-0.970868644067796,-inf,-1.0298913043478268,-inf,11,17,2017
2017-12-01,305.5,0.0,0.0,-0.5500000000000114,-9.350000000000023,9.350000000000023,19.0,0.0,0.05000000000001137,-0.5,0.029999999999972715,0.0,-7.670000000000016,2.1374999999999886,4.616343249802816,1.01874999999999,5.9630970800176035,0.5333333333333267,9.999052985461216,-1.0,-1.0,-1.0,-1.0,-1.0,-1.0,-1.0,12,1,2017
2017-12-08,306.4,-0.05000000000001137,0.0,0.0,0.0,-0.4000000000000341,-22.0,0.9499999999999886,-0.5,0.05000000000001137,-17.980000000000018,-0.060000000000002274,-4.259999999999991,2.125,4.6239413202735715,-0.1500000000000128,4.922397789695597,0.454166666666661,9.999214931304582,-0.9090909090908903,-0.9946524064171111,-inf,1.5000000000028422,-inf,-0.7999999999999545,-inf,12,8,2017
2017-12-15,314.5,8.5,-0.05000000000001137,0.0,0.049999999999954525,-9.350000000000023,0.30000000000001137,19.0,0.0,-0.5,-18.879999999999995,9.980000000000018,0.0,-0.15000000000000568,0.2677063067366132,-0.10625000000000995,4.921413668855738,-1.13333333333334,8.123432249680658,inf,inf,7.947368421052738,-1.570469798657717,-1.8726899383983566,-35.0,inf,12,15,2017
2018-01-26,315.0,9.850000000000023,0.0,0.0,8.5,0.0,9.050000000000011,0.0,-0.4000000000000341,9.350000000000023,-7.5,-17.980000000000018,0.01999999999998181,0.0,0.0,1.0562499999999986,3.00778009027066,1.4166666666666619,3.442734994510094,inf,-197.99999999995566,-2.0534759358288768,inf,inf,inf,-50.249999999995914,1,26,2018
2018-02-02,305.25,-9.75,9.850000000000023,0.0,0.0,-0.05000000000001137,-0.5500000000000114,0.049999999999954525,-9.350000000000023,-0.4000000000000341,-0.5,-18.879999999999995,0.029999999999972715,2.4625000000000057,4.925000000000001,2.2875000000000014,4.266376013165547,2.2333333333333343,4.17379995455056,-inf,-2.1470588235294117,-inf,-11.263157894736965,-1.5219486081370448,-inf,-22.666666666667215,2,2,2018
2018-02-09,305.35,-0.5,-9.75,9.850000000000023,0.0,8.5,0.0,9.050000000000011,0.0,-9.350000000000023,0.05000000000001137,0.0,-17.980000000000018,0.025000000000005684,8.00171856540831,1.0750000000000028,6.0366736346624394,0.6666666666666666,4.855237721608852,-inf,-inf,-11.000000000009095,-1.0263157894736843,24.000000000022737,-10.999999999997726,-inf,2,9,2018
2018-02-23,305.45,-0.05000000000001137,0.0,-0.5,0.0,0.0,-0.05000000000001137,0.0,9.050000000000011,0.049999999999954525,0.0,-0.01999999999998181,0.0,-0.09999999999999432,8.006143474440949,-0.04999999999999716,5.2415237697230275,0.6708333333333343,4.854120008879698,-0.9948717948717937,-inf,-0.9090909090908903,-1.1666666666666983,-0.9963556851311945,0.0,-inf,2,23,2018
2018-03-09,305.3,-0.5500000000000114,0.0,-0.05000000000001137,9.850000000000023,0.0,0.0,-0.05000000000001137,0.0,-0.5500000000000114,19.0,-13.71999999999997,-0.01999999999998181,-0.13750000000000284,0.242813371405337,-0.05624999999999858,5.241485442396765,0.6708333333333343,4.854120008879698,-inf,-inf,-inf,0.3749999999999112,0.10000000000002274,-inf,1.7499999999998224,3,9,2018
2018-03-16,305.8,0.05000000000001137,-0.5500000000000114,0.0,-9.75,0.0,0.0,8.5,0.0,0.0,-22.0,-7.5,-14.900000000000034,-0.15000000000000568,0.2677063067366221,-0.125,5.244248550282769,-0.08333333333333333,4.183915811193111,-2.0,-0.9949238578680192,-2.0,-1.0053475935828888,0.0,-1.0045662100456632,-1.0170648464163865,3,16,2018
2018-03-23,305.2,-9.300000000000011,0.05000000000001137,-0.5500000000000114,-0.5,9.850000000000023,0.0,0.0,-0.05000000000001137,0.0,0.30000000000001137,-0.5,-13.71999999999997,-0.13750000000000284,0.27801378862668663,-0.11874999999999858,5.244448595555937,-0.07916666666666572,4.184031240830141,-inf,-0.04615384615384499,-2.094117647058825,-inf,17.600000000000023,-0.018987341772152555,-inf,3,23,2018
2018-05-11,305.75,0.5,0.0,0.0,0.0,0.05000000000001137,-0.05000000000001137,-0.5,9.850000000000023,0.0,-0.5500000000000114,0.30000000000001137,19.0,0.0,0.0,-1.15625,3.2906184286327056,-0.8208333333333352,2.6750070801379278,inf,-1.053763440860215,-1.0512820512820513,-0.9411764705882353,-2.2499999999998934,1.272727272727578,-0.9736842105263158,5,11,2018
2018-05-18,305.35,-8.649999999999977,0.5,0.0,0.0,-9.300000000000011,0.0,0.0,-9.75,9.850000000000023,0.0,9.350000000000023,-22.0,0.125,0.2499999999997821,-1.1000000000000014,3.317916730204581,-0.7791666666666686,2.692789896045101,-inf,-inf,16.299999999999955,-inf,-0.07486631016043244,1.5145348837209252,0.9222222222222172,5,18,2018
2018-05-25,305.4,-9.600000000000023,-8.649999999999977,0.5,0.0,0.0,-0.5500000000000114,-0.05000000000001137,-0.5,-9.75,0.0,-0.4000000000000341,0.30000000000001137,-2.0374999999999943,4.414630033573949,-1.0187499999999972,3.088450547720368,-1.4958333333333325,3.5034696006137085,-inf,-inf,-inf,-inf,-inf,95.00000000003297,-2.066666666666669,5,25,2018
2018-06-01,305.5,-0.19999999999998863,-9.600000000000023,-8.649999999999977,0.0,0.0,0.05000000000001137,0.0,0.0,-0.5,-0.05000000000001137,-9.350000000000023,9.350000000000023,-4.4375,5.430373682660636,-2.21875,4.273668338959936,-2.2958333333333343,4.164539608590045,-1.3999999999999773,-inf,2.999999999998863,-inf,-5.000000000003411,-0.9739243807040433,-1.019999999999999,6,1,2018
2018-06-08,305.45,-0.5,-0.19999999999998863,-9.600000000000023,0.0,0.0,-9.300000000000011,-0.5500000000000114,-0.05000000000001137,0.0,8.5,0.0,-0.4000000000000341,-4.487499999999997,5.376550164061207,-2.2437499999999986,4.2593961258778075,-2.2666666666666657,4.1790784833138925,-0.9421965317919073,-inf,-inf,-inf,-1.0552486187845302,-0.8826291079812204,-0.9523809523809523,6,8,2018
2018-07-06,314.5,9.300000000000011,0.0,0.0,-9.600000000000023,0.5,0.0,0.0,-9.300000000000011,0.05000000000001137,0.0,0.0,9.050000000000011,-0.125,0.24999999999976155,-2.3062499999999986,4.225301130435222,-1.537499999999999,3.5567557357283506,inf,-2.0751445086705242,inf,-19.600000000000023,-186.99999999995794,inf,-38.200000000000045,7,6,2018
2018-07-13,304.78,0.07999999999998408,9.300000000000011,0.0,-0.19999999999998863,-8.649999999999977,0.0,0.0,0.0,-9.300000000000011,0.0,0.0,-0.5500000000000114,2.325000000000003,4.649999999999993,-1.2062499999999972,5.88123149761778,-0.7624999999999981,4.738964453433816,inf,-1.0083333333333317,inf,inf,-0.9905882352941195,-1.0082135523613946,-1.3199999999999363,7,13,2018
2018-07-20,304.85,0.03000000000002956,0.07999999999998408,9.300000000000011,-0.5,-9.600000000000023,0.0,0.0,0.0,0.0,9.850000000000023,-0.05000000000001137,0.0,2.344999999999999,4.636820031012629,-0.11500000000000199,5.05456794818877,-0.7558333333333328,4.740190748623256,inf,-1.1500000000001562,inf,-1.6000000000004548,inf,inf,-1.002298850574715,7,20,2018
2018-08-03,304.92,-0.029999999999972715,0.0,0.03000000000002956,0.0,-0.5,-8.649999999999977,0.0,0.0,0.0,-0.5,0.0,-0.05000000000001137,2.3525000000000063,4.631784213453808,1.1137500000000031,3.312827611831668,-0.7533333333333303,4.740633508362172,-1.3749999999997335,-inf,-inf,-0.9454545454545962,-inf,-2.0,-inf,8,3,2018
2018-08-10,305.0,0.01999999999998181,-0.029999999999972715,0.0,0.0,0.0,-9.600000000000023,0.5,0.0,0.0,0.0,0.0,8.5,0.020000000000010232,0.04690415759699562,1.1725000000000065,3.28416438600228,-0.7974999999999947,4.730352908226173,-0.33333333333459647,inf,inf,-0.6000000000004547,inf,-1.0011123470522794,inf,8,10,2018
2018-08-17,305.1,0.08000000000004093,0.01999999999998181,-0.029999999999972715,9.300000000000011,0.0,-0.19999999999998863,-8.649999999999977,0.0,0.0,-0.05000000000001137,0.0,0.0,0.005000000000009663,0.02645751310846922,1.1750000000000043,3.283151795803194,-0.07499999999999811,4.0326068717169035,inf,inf,-0.8399999999999181,-1.0086021505376388,inf,-1.0042372881355954,inf,8,17,2018
2018-09-14,305.22,0.020000000000038654,0.0,0.0,-0.029999999999972715,0.03000000000002956,0.0,0.0,-0.19999999999998863,-9.600000000000023,-9.300000000000011,-9.75,0.0,0.020000000000010232,0.03999999999858485,0.012500000000009948,0.0324037034921489,0.7900000000000063,2.6801594253802703,inf,inf,-1.0400000000000773,inf,inf,-1.0013422818791973,inf,9,14,2018
2018-09-28,306.35,1.0500000000000114,0.0,0.020000000000038654,0.08000000000004093,-0.029999999999972715,0.07999999999998408,0.0,0.0,-0.5,0.0,0.0,-9.75,0.005000000000009663,0.009999999994276643,0.011250000000011084,0.03181980515350573,0.7916666666666762,2.6796296668598263,inf,51.50000000004832,inf,inf,inf,-1.1400000000000015,inf,9,28,2018
2018-10-05,305.35,-0.049999999999954525,1.0500000000000114,0.0,0.0,0.01999999999998181,0.03000000000002956,9.300000000000011,0.0,0.0,0.0,-0.05000000000001137,-0.5,0.2675000000000125,0.5217518567287373,0.1462500000000091,0.36617472410235596,0.10416666666667614,0.29965004841531506,-3.4999999999928946,-1.6249999999991118,-inf,-1.099999999999909,-0.9090909090909937,-0.900000000000091,-inf,10,5,2018
2018-10-19,305.48,0.03000000000002956,0.0,-0.049999999999954525,0.0,0.0,-0.029999999999972715,0.03000000000002956,9.300000000000011,0.0,0.0,-0.5500000000000114,-0.05000000000001137,0.2500000000000142,0.5338539126014552,0.12750000000001194,0.37327699404828085,0.09083333333334546,0.3036283114521768,-0.9714285714285436,inf,-0.6249999999995559,-1.0031250000000032,-1.0032258064516162,-1.0600000000000591,-1.0031645569620284,10,19,2018
2018-10-26,305.5,-0.040000000000020464,0.03000000000002956,0.0,0.020000000000038654,0.0,0.01999999999998181,0.0,0.07999999999998408,9.300000000000011,0.0,0.05000000000001137,0.0,0.2575000000000216,0.5293628245351929,0.13125000000001563,0.3719614995437864,0.09333333333334792,0.30293513657191556,-0.1999999999988631,-inf,-2.3333333333327015,-0.7999999999998864,-inf,-inf,-inf,10,26,2018
2018-11-02,305.55,-0.029999999999972715,-0.040000000000020464,0.03000000000002956,0.0,0.0,0.08000000000004093,-0.029999999999972715,0.03000000000002956,0.07999999999998408,0.5,-9.300000000000011,-0.5500000000000114,-0.014999999999986358,0.03696845501981368,0.12625000000001307,0.37423970546010127,0.09250000000001062,0.303318764219133,-inf,-2.4999999999957367,-inf,-0.9400000000000546,-inf,-1.0315789473683927,-0.8500000000001279,11,2,2018
2018-11-16,305.7,0.01999999999998181,0.0,-0.029999999999972715,-0.049999999999954525,0.0,0.0,0.08000000000004093,-0.029999999999972715,0.0,-9.600000000000023,0.0,-9.300000000000011,-0.009999999999990905,0.03162277659988112,0.12000000000001165,0.37667720170687347,0.08166666666667766,0.3058173350619471,-1.4999999999992895,-0.9809523809523985,0.0,inf,inf,-1.00090909090909,-0.9285714285715011,11,16,2018
2018-12-28,307.0,0.07999999999998408,0.0,0.0,0.01999999999998181,-0.029999999999972715,0.0,1.0500000000000114,0.020000000000038654,0.0,9.300000000000011,-8.649999999999977,0.0,0.0,0.0,-0.0012499999999988631,0.013562026818833629,-0.005833333333328028,0.02314316444988737,inf,inf,inf,-3.6666666666685614,-1.399999999999943,0.600000000001137,-1.0104302477183813,12,28,2018
2019-01-04,306.9,-0.08000000000004093,0.07999999999998408,0.0,0.0,0.0,0.03000000000002956,-0.049999999999954525,0.0,0.020000000000038654,0.07999999999998408,-9.600000000000023,0.5,0.01999999999999602,0.03999999999855658,0.012499999999995737,0.028157719063576885,0.005000000000000189,0.030000000002476282,-inf,-5.000000000005684,-1.0761904761905143,-5.000000000005684,-0.8399999999999181,-1.0088397790055295,-0.9812206572769857,1,4,2019
2019-01-18,306.8,-0.05000000000001137,0.0,-0.08000000000004093,0.0,0.0,-0.029999999999972715,0.03000000000002956,-0.049999999999954525,1.0500000000000114,0.0,-0.5,-9.600000000000023,-1.4210854715202004e-14,0.06531972647334922,-7.105427357601002e-15,0.042761798706070886,-0.004166666666672351,0.037527767499310416,-1.6250000000002665,-inf,-inf,-inf,-inf,-inf,-0.16666666666650876,1,18,2019
2019-01-25,306.78,-0.020000000000038654,-0.05000000000001137,0.0,0.0,0.0,0.0,-0.040000000000020464,0.0,-0.049999999999954525,-0.029999999999972715,0.0,-0.19999999999998863,-0.012500000000017053,0.06994045086037812,-0.0062500000000085265,0.046271713049967876,-0.005000000000004927,0.038494391565098166,-0.7499999999996447,-inf,-1.6666666666672982,-inf,-inf,-inf,-1.002004008016036,1,25,2019
2019-02-01,306.7,-0.05000000000001137,-0.020000000000038654,-0.05000000000001137,0.0,0.0,0.01999999999998181,-0.029999999999972715,0.03000000000002956,0.0,0.01999999999998181,0.0,-0.5,-0.03750000000002274,0.03499999999837073,-0.008750000000013358,0.046425824094617395,-0.004166666666677088,0.03800916954954602,-inf,-inf,0.24999999999964473,-inf,-1.0053763440860226,0.0,-inf,2,1,2019
2019-02-08,305.7,-0.05000000000001137,-0.05000000000001137,-0.020000000000038654,0.07999999999998408,0.0,0.0,0.0,-0.040000000000020464,0.03000000000002956,0.08000000000004093,0.0,0.0,-0.030000000000015348,0.024494897425488334,-0.01500000000001478,0.04840306956035206,-0.008333333333344703,0.040188947675955336,0.0,-inf,0.6666666666685614,-3.4999999999957367,-1.6250000000002665,-1.0058823529411778,-0.9948665297741262,2,8,2019
2019-02-15,305.75,0.05000000000001137,-0.05000000000001137,-0.05000000000001137,-0.08000000000004093,0.0,0.0,0.01999999999998181,-0.029999999999972715,-0.040000000000020464,0.0,9.300000000000011,0.0,-0.04250000000001819,0.014999999996157903,-0.0212500000000162,0.04940720016939282,-0.014166666666677466,0.0407784108080243,-3.4999999999957367,-0.37499999999973355,inf,inf,0.6666666666654035,inf,inf,2,15,2019
2019-03-01,305.8,-0.01999999999998181,0.0,0.05000000000001137,-0.05000000000001137,-0.08000000000004093,0.0,0.0,0.01999999999998181,0.0,0.0,0.03000000000002956,9.300000000000011,-0.012500000000002842,0.04787135538662827,-0.02500000000001279,0.04105745103780664,-0.010000000000009853,0.04472135955166642,-0.6000000000004547,-inf,-inf,-0.6,-0.33333333333333337,-inf,-1.6666666666666665,3,1,2019
2019-03-08,305.9,0.01999999999998181,-0.01999999999998181,0.0,-0.020000000000038654,0.0,0.0,0.0,0.0,0.01999999999998181,0.020000000000038654,0.0,0.07999999999998408,-0.0049999999999954525,0.04203173404170234,-0.0175000000000054,0.034537764010778425,-0.011666666666675004,0.04468746689083037,-0.6000000000004547,-1.3999999999995452,inf,inf,0.0,inf,-1.0011123470522794,3,8,2019
2019-03-15,305.95,0.029999999999972715,0.01999999999998181,-0.01999999999998181,-0.05000000000001137,-0.05000000000001137,0.07999999999998408,0.0,0.0,0.0,0.0,-0.029999999999972715,0.03000000000002956,0.012500000000002842,0.02986078811002193,-0.015000000000007674,0.03664501525261069,-0.010000000000009853,0.0455272146399993,inf,-2.4999999999957367,inf,-1.8948176361277547e-12,-0.6250000000005329,inf,-1.001588983050846,3,15,2019
2019-03-29,305.9,-0.05000000000001137,0.0,0.029999999999972715,0.05000000000001137,-0.05000000000001137,0.0,0.07999999999998408,0.0,0.0,-0.049999999999954525,0.08000000000004093,-0.029999999999972715,0.007499999999993179,0.02217355782347371,-0.0025000000000048317,0.036154430671072685,-0.014166666666677466,0.038247598460923626,-3.500000000002842,0.0,-inf,0.6666666666685614,-inf,-0.9948717948717937,-1.0026766595289085,3,29,2019
2019-04-19,305.95,0.05000000000001137,0.0,0.0,0.01999999999998181,0.0,-0.05000000000001137,-0.05000000000001137,-0.08000000000004093,0.07999999999998408,-0.040000000000020464,0.0,0.0,-0.012500000000002842,0.02499999999770878,-0.0025000000000048317,0.024348657927355306,-0.00750000000000739,0.03222788177627002,-2.0,-3.500000000002842,inf,inf,inf,-2.0,-1.0036443148688055,4,19,2019
2019-05-03,305.95,0.05000000000001137,0.0,0.05000000000001137,0.0,0.01999999999998181,0.05000000000001137,-0.05000000000001137,-0.05000000000001137,0.0,0.0,0.0,0.0,0.012500000000002842,0.02499999999770891,0.006249999999994316,0.029246489410931643,0.0024999999999977263,0.03250874008581451,inf,0.6666666666685614,-3.4999999999957367,inf,-2.000000000001137,-1.0909090909091097,-1.1000000000000227,5,3,2019
2019-05-31,305.9,-0.05000000000001137,0.0,0.0,0.05000000000001137,0.0,0.029999999999972715,-0.01999999999998181,0.05000000000001137,-0.05000000000001137,0.0,0.03000000000002956,-0.049999999999954525,0.012500000000002842,0.02499999999770891,0.012500000000002842,0.02314550249446001,0.008333333333330492,0.02691175253288579,-inf,-inf,-inf,-0.37500000000017764,0.6666666666685614,-inf,-1.052631578947381,5,31,2019
2019-06-07,305.95,0.05000000000001137,-0.05000000000001137,0.0,0.0,0.0,0.0,0.01999999999998181,0.0,0.05000000000001137,0.0,-0.040000000000020464,0.0,-0.012500000000002842,0.02499999999770878,0.006250000000001421,0.0320434972231919,0.0024999999999977263,0.03137022328960862,inf,0.0,-3.500000000002842,inf,inf,inf,-0.997368421052631,6,7,2019
2019-06-21,305.92,0.020000000000038654,0.0,0.05000000000001137,0.0,0.0,0.0,0.0,0.01999999999998181,-0.01999999999998181,0.07999999999998408,0.0,-0.040000000000020464,0.0,0.04082482904498906,0.006250000000001421,0.0320434972231919,0.004166666666667614,0.0334278961733081,-1.400000000000682,-0.5999999999993179,-0.33333333333143855,-2.0,inf,inf,-0.933333333333207,6,21,2019
2019-08-02,305.88,0.07999999999998408,0.0,0.0,0.020000000000038654,0.05000000000001137,0.0,0.05000000000001137,0.05000000000001137,0.0,-0.05000000000001137,0.0,0.0,0.0,0.0,0.008750000000006253,0.018077215335678725,0.0016666666666698877,0.02208797835990973,inf,inf,inf,3.000000000002842,-1.9999999999992895,-1.1599999999999682,-0.9911602209944769,8,2,2019
2019-08-23,305.9,-0.05000000000001137,0.0,0.0,0.0,0.0,0.05000000000001137,0.0,0.0,0.05000000000001137,-0.01999999999998181,0.0,0.07999999999998408,0.01999999999999602,0.03999999999855658,0.00999999999999801,0.028284271247571633,0.008333333333335228,0.031574826953104464,-1.6250000000002665,-inf,-inf,0.0,1.4999999999957367,-inf,-inf,8,23,2019
2019-09-27,305.9,-0.05000000000001137,0.0,0.0,0.0,0.07999999999998408,0.0,0.0,0.0,0.05000000000001137,0.0,0.05000000000001137,-0.05000000000001137,0.0,0.0,0.0037499999999965894,0.03543101950076369,0.0024999999999977263,0.0283244192777421,-inf,-inf,-3.4999999999957367,-2.0,1.5000000000028422,0.6666666666685614,-inf,9,27,2019
2019-10-11,305.95,-0.05000000000001137,0.0,-0.05000000000001137,0.0,0.0,0.0,0.0,0.0,0.020000000000038654,0.05000000000001137,-0.01999999999998181,0.05000000000001137,-0.012500000000002842,0.024999999997708768,-0.012500000000002842,0.02314550249446007,-0.0016666666666698877,0.03214550253895583,-inf,0.0,-inf,-inf,-2.6666666666685614,-1.6249999999998224,-inf,10,11,2019
2019-10-25,306.95,0.05000000000001137,0.0,-0.05000000000001137,0.0,0.0,0.0,0.0,0.0,0.0,0.05000000000001137,0.029999999999972715,-0.01999999999998181,-0.025000000000005684,0.028867513457498606,-0.012500000000002842,0.02314550249446007,-0.005833333333337502,0.03502163833494798,inf,inf,inf,-2.0,-2.0,inf,-1.0051282051282062,10,25,2019
2019-11-08,306.9,0.9499999999999886,0.0,0.05000000000001137,-0.05000000000001137,0.0,-0.05000000000001137,0.0,0.0,0.0,0.0,-0.05000000000001137,0.029999999999972715,0.0,0.040824829044989054,-0.006250000000001421,0.03204349722319193,-0.008333333333335228,0.028867513462063794,inf,inf,10.87500000000222,inf,inf,46.49999999990763,inf,11,8,2019
2019-11-15,306.95,0.05000000000001137,0.9499999999999886,0.0,0.0,0.0,0.0,0.0,0.07999999999998408,0.0,0.0,0.0,0.0,0.25,0.4672615256290761,0.11249999999999716,0.3399054490379919,0.07083333333333049,0.2783541999076144,0.0,-2.0,inf,1.4999999999957367,0.0,inf,-2.0,11,15,2019
2019-11-22,305.9,-0.05000000000001137,0.05000000000001137,0.9499999999999886,-0.05000000000001137,-0.05000000000001137,0.0,-0.05000000000001137,0.0,0.07999999999998408,-0.05000000000001137,0.0,-0.05000000000001137,0.26250000000000284,0.4589389937670112,0.11874999999999858,0.3379956677659876,0.07916666666666572,0.275893864090109,-inf,-inf,-inf,-inf,-inf,-1.0476190476190579,-inf,11,22,2019
2019-12-13,305.95,0.05000000000001137,0.0,0.0,0.0,0.0,-0.05000000000001137,0.0,0.0,-0.05000000000001137,0.020000000000038654,0.05000000000001137,0.05000000000001137,0.0,0.040824829044988506,0.125,0.3348773762780356,0.07499999999999811,0.27757062983248443,-2.0,0.0,inf,inf,inf,0.6666666666654035,-1.0053763440860226,12,13,2019
2020-01-03,306.0,-1.0,0.0,0.0,-0.05000000000001137,0.9499999999999886,0.0,0.0,0.0,0.0,0.0,0.0,0.0,0.012500000000002842,0.02499999999770801,0.125,0.3348773762780356,0.08333333333333333,0.2749655625823129,-20.999999999995453,-20.999999999995453,18.999999999995453,-inf,-20.999999999995453,-inf,-inf,1,3,2020
2020-02-28,305.9,-0.05000000000001137,0.0,0.0,0.0,-1.0,0.05000000000001137,0.0,0.05000000000001137,0.9499999999999886,0.0,0.0,0.0,0.0,0.0,-0.125,0.35355339059328306,-0.07916666666666572,0.2903433182017307,-inf,-inf,0.0,-inf,-1.6250000000002665,-0.37500000000017764,-0.8999999999999773,2,28,2020
2020-03-13,306.0,0.05000000000001137,0.0,-0.05000000000001137,0.0,0.0,0.0,0.05000000000001137,0.0,-0.05000000000001137,0.0,0.07999999999998408,0.0,-0.012500000000002842,0.024999999997707453,-0.006250000000001421,0.01767766952985343,-0.08750000000000095,0.2877222461146159,inf,inf,inf,inf,inf,-2.0,inf,3,13,2020
2020-07-17,380.0,-0.5,0.0,0.0,0.0,0.0,0.0,0.0,0.0,0.0,0.0,0.0,-0.05000000000001137,0.0,0.0,0.0,0.0,0.0,0.0,-inf,-inf,-inf,-inf,-inf,-inf,11.499999999993605,7,17,2020
2020-07-24,380.5,-0.5,-0.5,0.0,0.0,0.0,0.0,0.0,0.0,0.0,0.0,0.05000000000001137,0.0,-0.125,0.24999999999977013,-0.0625,0.17677669529665543,-0.041666666666666664,0.14433756729792172,-inf,-inf,-inf,8.999999999997726,-inf,8.999999999997726,15.666666666681824,7,24,2020
2020-08-14,379.0,-1.5500000000000114,0.0,0.0,0.0,0.0,0.0,0.0,0.0,0.0,0.0,-1.0,0.0,-0.25,0.28867513459461375,-0.125,0.23145502494315207,-0.08333333333333333,0.1946247360407629,2.1000000000000227,-inf,-inf,-inf,-inf,-78.49999999985079,-inf,8,14,2020
2020-09-18,380.6,-0.0999999999999659,0.0,0.0,0.0,-0.5,0.0,0.0,0.0,0.0,0.0,0.0,0.0,0.0,0.0,-0.2562500000000014,0.5512566812034475,-0.21250000000000094,0.46325184589748186,-inf,-inf,-inf,-inf,-inf,-inf,-2.2499999999998224,9,18,2020
2020-10-23,380.7,0.0999999999999659,0.0,0.0,0.0,0.0,0.0,-0.5,0.0,0.0,0.0,0.05000000000001137,-0.05000000000001137,0.0,0.0,-0.012499999999995737,0.03535533905940853,-0.1374999999999981,0.4457501338399505,inf,inf,-1.1999999999999318,inf,inf,inf,-2.999999999998863,10,23,2020
2021-02-12,380.65,-0.05000000000001137,0.0,0.0,0.0,0.0,0.0,0.0,0.0,0.0999999999999659,0.0,0.0,0.0,0.0,0.0,0.0,0.0,0.0,0.0,-inf,-inf,-inf,-0.4999999999997158,-0.8999999999999773,-inf,-inf,2,12,2021
2021-05-14,410.0,29.410000000000025,0.0,0.0,0.0,0.0,0.0,-0.05000000000001137,0.0,0.0,0.0,0.0,-0.0999999999999659,0.0,0.0,0.0,0.0,0.0,0.0,inf,inf,inf,inf,inf,inf,-589.1999999998668,5,14,2021
2021-05-21,410.2,-0.10000000000002274,29.410000000000025,0.0,0.0,0.0,0.0,0.0,0.0,0.0,0.0,0.0,0.0,7.352500000000006,14.705000000000009,3.676250000000003,10.39800521734819,2.4508333333333354,8.489935708433462,-inf,-inf,1.0,-inf,-2.0000000000005684,-inf,-inf,5,21,2021
2021-05-28,410.5,0.39999999999997726,-0.10000000000002274,29.410000000000025,0.0,0.0,0.0,0.0,-0.05000000000001137,0.0,0.0,0.0,0.0,7.327500000000001,14.72174214101942,3.6637500000000003,10.403114832312768,2.4425000000000003,8.492608684775695,inf,inf,inf,inf,inf,inf,inf,5,28,2021
2021-06-11,410.09,0.049999999999954525,0.0,0.39999999999997726,0.0,0.0,0.0,0.0,0.0,0.0,0.0,0.0,0.0,7.427499999999995,14.656592089113591,3.7137499999999974,10.383933933176369,2.4758333333333318,8.482929873718426,-1.4999999999994316,inf,inf,inf,inf,inf,inf,6,11,2021
2021-08-20,411.2,-0.10000000000002274,0.0,0.0,0.0,0.0,0.0,-0.10000000000002274,0.0,0.0,0.0,0.0,0.0,0.0,0.0,0.0,0.0,0.037499999999994316,0.11505927326286033,-inf,-inf,-1.0034002040122416,-inf,-inf,-inf,-inf,8,20,2021
2021-09-03,411.02,0.01999999999998181,0.0,-0.10000000000002274,0.0,0.0,0.0,0.0,-0.10000000000002274,29.410000000000025,0.0,0.0,0.0,-0.025000000000005684,0.04999999999846455,-0.012500000000002842,0.03535533905929856,-0.004166666666672351,0.033427896173212145,inf,inf,-0.9500000000000426,inf,inf,inf,-0.6000000000004547,9,3,2021
2021-09-10,410.93,0.03000000000002956,0.01999999999998181,0.0,0.0,0.0,0.0,0.049999999999954525,0.39999999999997726,-0.10000000000002274,0.0,0.0,0.0,-0.020000000000010232,0.05416025602948514,-0.010000000000005116,0.037032803990872665,-0.0066666666666700776,0.029949452367495105,-1.3000000000002274,inf,inf,inf,-1.6000000000004548,-1.0600000000000591,inf,9,10,2021
2021-10-01,409.77,-0.03000000000002956,0.0,0.0,-0.10000000000002274,0.0,0.0,0.0,0.0,0.049999999999954525,0.0,0.0,0.0,0.012500000000002842,0.014999999994853146,-0.006250000000001421,0.03961871851967237,-0.004166666666667614,0.031754264807686755,-2.0,-inf,-inf,-inf,-inf,-inf,-inf,10,1,2021
2021-10-15,409.91,0.060000000000002274,0.0,-0.03000000000002956,0.01999999999998181,-0.10000000000002274,0.0,0.0,0.0,0.0,0.0,0.0,0.0,-0.00750000000000739,0.01499999999485907,-0.010000000000005116,0.04035556254805226,-0.0066666666666700776,0.03256694736614938,inf,inf,inf,-1.5999999999998864,inf,inf,inf,10,15,2021
2021-10-22,409.91,0.03000000000002956,0.060000000000002274,0.0,0.03000000000002956,0.0,0.0,0.0,0.0,0.0,0.0,0.0,0.0,0.007499999999993179,0.03774917217431604,0.00999999999999801,0.026726124191202853,-0.0016666666666698877,0.03785938897389752,-2.0,0.5000000000028422,inf,-0.9249999999999219,inf,inf,inf,10,22,2021
2021-10-29,410.06,0.060000000000002274,0.03000000000002956,0.060000000000002274,0.0,0.01999999999998181,0.0,0.0,0.0,0.0,0.0,0.0,0.0,0.015000000000000568,0.03872983346009369,0.013750000000001705,0.027222627143048985,0.0008333333333325754,0.03895412998088846,inf,0.9999999999981053,inf,inf,inf,inf,inf,10,29,2021
2021-11-05,410.27,0.029999999999972715,0.060000000000002274,0.03000000000002956,0.0,0.03000000000002956,-0.10000000000002274,0.0,0.0,0.0,29.410000000000025,0.0,0.0,0.037500000000008527,0.028722813229996744,0.018750000000004263,0.03181980515336405,0.005833333333332765,0.04252450274226694,-0.5000000000004736,inf,inf,-0.4,inf,inf,inf,11,5,2021
2021-11-12,410.39,0.01999999999998181,0.029999999999972715,0.060000000000002274,-0.03000000000002956,0.0,0.0,0.0,0.0,0.0,-0.10000000000002274,0.0,0.0,0.045000000000001705,0.017320508071225354,0.018749999999997158,0.03181980515336118,0.008333333333330492,0.043029236010633264,-0.33333333333459647,inf,inf,inf,inf,-1.1999999999998863,inf,11,12,2021
2021-11-19,410.59,0.01999999999998181,0.01999999999998181,0.029999999999972715,0.0,0.0,0.01999999999998181,-0.10000000000002274,0.0,0.0,0.39999999999997726,0.0,0.0,0.03499999999999659,0.017320508071230655,0.021249999999994884,0.030908852176278503,0.01833333333333087,0.02622744341375974,-0.6666666666669825,-1.6666666666654035,inf,inf,inf,inf,-1.3999999999995452,11,19,2021
2021-11-26,409.64,0.009999999999990905,0.01999999999998181,0.01999999999998181,0.060000000000002274,-0.03000000000002956,0.03000000000002956,0.0,0.0,0.0,0.0,0.0,0.0,0.03249999999998465,0.018929694481926437,0.02374999999999261,0.029730936268918845,0.01999999999999602,0.025584085965471636,-0.6666666666666667,inf,-1.0999999999998864,inf,inf,inf,inf,11,26,2021
2021-12-03,409.73,0.03000000000002956,0.009999999999990905,0.01999999999998181,0.03000000000002956,0.0,0.0,0.01999999999998181,-0.10000000000002274,0.0,0.049999999999954525,0.0,0.0,0.01999999999998181,0.008164965799799197,0.02874999999999517,0.021671244937484263,0.019166666666663446,0.02574643253000283,0.5000000000028422,-0.49999999999952627,inf,inf,inf,inf,-0.3999999999995453,12,3,2021
2021-12-10,409.72,-0.01999999999998181,0.03000000000002956,0.009999999999990905,0.060000000000002274,0.060000000000002274,0.0,0.03000000000002956,0.0,-0.10000000000002274,0.0,0.0,0.0,0.01999999999999602,0.008164965799822402,0.03249999999999886,0.01832250762619262,0.019166666666663446,0.02574643253000283,-2.0,-1.6666666666654035,-2.0,-inf,-1.0006800408024474,-inf,-inf,12,10,2021
2021-12-17,409.91,0.08000000000004093,-0.01999999999998181,0.03000000000002956,0.029999999999972715,0.03000000000002956,-0.03000000000002956,0.0,0.01999999999998181,0.0,0.0,0.0,0.0,0.010000000000005116,0.02160246899111106,0.022500000000000853,0.02251983252913275,0.017499999999998295,0.027675062620564336,7.000000000011369,0.333333333333965,1.6666666666654035,inf,-1.8000000000002274,-0.19999999999931783,inf,12,17,2021
2021-12-31,411.7,0.6999999999999886,0.0,0.08000000000004093,0.01999999999998181,0.029999999999972715,0.060000000000002274,-0.03000000000002956,0.0,0.03000000000002956,0.0,-0.10000000000002274,0.0,0.02250000000002217,0.04349329450056887,0.02125000000000199,0.029001231500909535,0.026666666666670835,0.02870962250510454,-36.000000000031264,34.000000000031264,inf,inf,inf,inf,inf,12,31,2021
2022-01-07,412.96,0.16999999999995907,0.6999999999999886,0.0,0.009999999999990905,0.01999999999998181,0.03000000000002956,0.0,0.0,0.0,0.0,0.39999999999997726,29.410000000000025,0.19000000000001194,0.3427341049071462,0.10500000000000398,0.24213337528842746,0.08500000000000323,0.19561093109480784,1.1249999999984013,7.500000000005684,-6.666666666659719,inf,2.4000000000022736,inf,inf,1,7,2022
2022-01-14,413.79,0.18999999999999773,0.16999999999995907,0.6999999999999886,0.03000000000002956,0.01999999999998181,0.060000000000002274,0.060000000000002274,-0.03000000000002956,0.0,0.0,0.0,-0.10000000000002274,0.23749999999999716,0.31605642956046026,0.12375000000000114,0.24041259177860894,0.09416666666666629,0.1969059920294717,inf,18.000000000017053,inf,-2.899999999999545,inf,inf,inf,1,14,2022
2022-01-28,415.16,0.17000000000001592,0.0,0.18999999999999773,0.08000000000004093,0.03000000000002956,0.01999999999998181,0.060000000000002274,0.060000000000002274,0.0,0.0,0.0,0.0,0.26499999999998636,0.3022691956956771,0.14375000000000426,0.23826380937342448,0.10249999999999677,0.19964172455165585,3.3439917501709715e-13,-9.500000000008527,4.666666666661614,7.5000000000085265,inf,inf,inf,1,28,2022
2022-02-04,415.7,0.15999999999996817,0.17000000000001592,0.0,0.0,-0.01999999999998181,0.01999999999998181,0.029999999999972715,0.03000000000002956,0.060000000000002274,0.0,0.0,0.049999999999954525,0.13249999999999318,0.0888350531407021,0.16125000000000256,0.23381540337868364,0.11416666666666704,0.1991097611113976,-0.15789473684226274,0.9999999999985789,1.666666666666035,4.333333333327017,inf,inf,inf,2,4,2022
2022-02-11,416.51,0.13999999999998636,0.15999999999996817,0.17000000000001592,0.6999999999999886,0.08000000000004093,0.009999999999990905,0.01999999999998181,0.060000000000002274,0.03000000000002956,-0.10000000000002274,0.0,0.0,0.12999999999999545,0.08755950357620682,0.1837499999999963,0.22225709051841094,0.12583333333333258,0.19718281011843017,inf,inf,3.666666666670456,inf,inf,inf,inf,2,11,2022
2022-03-04,415.41,-0.049999999999954525,0.0,0.0,0.0,0.16999999999995907,0.08000000000004093,0.03000000000002956,0.01999999999998181,0.01999999999998181,0.03000000000002956,0.0,0.0,0.07499999999998863,0.08698658900376338,0.1037499999999909,0.08700369450281453,0.13249999999999792,0.1966133723375865,-1.3571428571425672,-1.2631578947366058,-6.0,-inf,-inf,-inf,-inf,3,4,2022
2022-04-01,415.22,-0.029999999999972715,0.0,0.0,0.0,0.15999999999996817,0.18999999999999773,0.6999999999999886,0.08000000000004093,-0.01999999999998181,0.0,-0.10000000000002274,0.0,-0.012499999999988631,0.02499999999688377,0.03125,0.07548651724453204,0.06499999999999773,0.09090454534167641,-inf,-1.2142857142855403,-inf,-2.0,-2.5,-inf,-inf,4,1,2022
2022-04-15,414.02,-0.009999999999990905,0.0,-0.029999999999972715,-0.049999999999954525,0.0,0.17000000000001592,0.18999999999999773,0.6999999999999886,0.0,0.03000000000002956,0.01999999999998181,-0.10000000000002274,-0.007499999999993179,0.014999999994830631,-0.009999999999990905,0.01927248223310346,0.0325000000000036,0.0767670620665075,-inf,-inf,-1.0588235294117254,-1.5,-inf,-inf,-0.9800000000000182,4,15,2022
2022-04-29,414.76,-0.06999999999999318,0.0,-0.009999999999990905,0.0,-0.049999999999954525,0.13999999999998636,0.17000000000001592,0.18999999999999773,0.16999999999995907,0.029999999999972715,0.0,0.01999999999998181,-0.009999999999990905,0.01414213561824956,-0.011249999999989768,0.01885091888619462,0.01750000000000303,0.06397797916723116,-inf,-inf,-inf,-3.333333333330807,1.333333333330807,-inf,-inf,4,29,2022
2022-05-06,414.69,0.06999999999999318,-0.06999999999999318,0.0,0.0,0.0,0.0,0.15999999999996817,0.0,0.18999999999999773,0.01999999999998181,0.0,0.03000000000002956,-0.01999999999999602,0.03366501645890712,-0.0137499999999946,0.0250356888118318,-0.001666666666660414,0.05042245772040559,-8.000000000005684,inf,-0.5882352941177258,-4.500000000002842,inf,inf,-1.045161290322576,5,6,2022
2022-05-13,414.76,-0.06999999999999318,0.06999999999999318,-0.06999999999999318,-0.029999999999972715,0.0,0.0,0.13999999999998636,0.17000000000001592,0.0,0.01999999999998181,-0.03000000000002956,0.0,-0.0024999999999977263,0.05737304825884115,-0.0049999999999954525,0.038913824205321,-0.007499999999993179,0.03387812380976071,-inf,-inf,-1.4375000000000444,-1.874999999999467,-2.166666666666509,-inf,-inf,5,13,2022
2022-06-03,414.62,0.040000000000020464,0.0,0.0,0.0,0.0,0.0,-0.049999999999954525,0.0,0.13999999999998636,-0.01999999999998181,0.03000000000002956,0.0,0.0,0.057154760663582195,-0.00999999999999801,0.044721359549962286,-0.009166666666663067,0.036545944518490046,-1.5714285714289193,-5.000000000005684,inf,-0.7647058823527642,0.3333333333352282,inf,inf,6,3,2022
2022-06-17,414.87,0.07999999999998408,0.0,0.040000000000020464,0.06999999999999318,0.0,-0.029999999999972715,0.0,-0.049999999999954525,0.0,0.0,0.029999999999972715,0.03000000000002956,0.010000000000005116,0.019999999996143686,-0.0037499999999965894,0.04808846015414974,-0.005833333333328028,0.0391868097801887,inf,-2.142857142857027,inf,inf,3.000000000002842,inf,inf,6,17,2022
2022-06-24,414.49,-0.0999999999999659,0.07999999999998408,0.0,-0.06999999999999318,-0.06999999999999318,0.0,0.0,0.0,-0.049999999999954525,0.6999999999999886,0.01999999999998181,0.060000000000002274,0.030000000000001137,0.0382970843082293,0.006250000000001421,0.05655275665881479,0.0008333333333373124,0.04640892025171666,-3.4999999999978684,-2.4285714285710807,-inf,-1.5882352941173914,-11.000000000005684,-inf,-inf,6,24,2022
2022-07-08,414.83,0.06999999999999318,0.0,-0.0999999999999659,0.0,-0.06999999999999318,0.0,0.0,0.0,0.0,0.18999999999999773,0.009999999999990905,0.01999999999998181,-0.0049999999999954525,0.07371114795724999,-0.006249999999994316,0.05680480361978155,-0.0049999999999954525,0.05435573065176629,-0.12499999999991118,inf,-3.333333333335228,-0.5,-4.500000000002842,-0.9976198571914318,inf,7,8,2022
2022-07-15,414.9,0.06999999999999318,0.06999999999999318,0.0,0.040000000000020464,0.0,-0.06999999999999318,-0.009999999999990905,-0.029999999999972715,0.0,0.0,0.03000000000002956,0.01999999999998181,0.012500000000002842,0.08301606270179566,0.011250000000003979,0.0559176690705341,0.0016666666666698877,0.058439297696783514,-1.7000000000001705,inf,inf,inf,-0.1250000000005329,-1.6999999999997726,-0.2999999999998295,7,15,2022
2022-07-22,414.22,-0.67999999999995,0.06999999999999318,0.06999999999999318,0.0,0.0,0.06999999999999318,0.0,0.0,-0.029999999999972715,0.17000000000001592,-0.01999999999998181,0.009999999999990905,0.010000000000005116,0.0804155872111182,0.020000000000003126,0.05928141120352644,0.007500000000002653,0.06166257152774585,-inf,-17.999999999990052,67.00000000005684,-inf,-inf,-2.6999999999999718,-inf,7,22,2022
2022-07-29,415.37,0.410000000000025,-0.67999999999995,0.06999999999999318,0.07999999999998408,0.040000000000020464,-0.06999999999999318,-0.06999999999999318,-0.009999999999990905,0.0,0.15999999999996817,0.08000000000004093,0.03000000000002956,-0.1349999999999909,0.36482872693885443,-0.06499999999999062,0.25534290669605,-0.04333333333332708,0.208341211972564,4.857142857143785,inf,inf,-9.200000000007957,-0.41428571428566907,inf,inf,7,29,2022
2022-08-05,417.07,0.37999999999999545,0.410000000000025,-0.67999999999995,-0.0999999999999659,0.0,0.0,0.06999999999999318,0.0,-0.009999999999990905,0.13999999999998636,0.0,-0.01999999999998181,-0.03249999999998465,0.4604617247935274,-0.018749999999990052,0.30563458573922786,-0.014999999999991095,0.24504174041495952,4.4285714285718925,3.750000000000888,-6.4285714285718925,inf,1.23529411764757,6.600000000006821,inf,8,5,2022
2022-08-12,418.72,0.35000000000002274,0.37999999999999545,0.410000000000025,0.0,0.07999999999998408,0.0,-0.06999999999999318,-0.06999999999999318,0.0,0.0,0.6999999999999886,0.08000000000004093,0.045000000000015916,0.507181755717967,0.02875000000000938,0.33689496031508426,0.022500000000007958,0.26911048761724515,-1.5147058823530126,-4.500000000001421,4.000000000000812,inf,0.8421052631580364,inf,inf,8,12,2022
2022-08-26,421.7,0.3100000000000023,0.0,0.35000000000002274,0.06999999999999318,0.0,0.0,0.0,-0.06999999999999318,0.06999999999999318,-0.049999999999954525,0.18999999999999773,0.6999999999999886,0.2850000000000108,0.1915724406062842,0.07500000000000995,0.3509578729298133,0.05166666666667652,0.28495081978669107,-0.18421052631577373,3.4285714285718925,inf,-11.333333333342807,0.8235294117645486,inf,inf,8,26,2022
2022-09-02,422.92,0.4600000000000364,0.3100000000000023,0.0,-0.67999999999995,0.06999999999999318,0.07999999999998408,0.040000000000020464,0.0,-0.06999999999999318,0.0,0.0,0.16999999999995907,0.2600000000000051,0.1756891193742892,0.11375000000001023,0.35852624928805576,0.074166666666675,0.294447350853051,0.31428571428573293,5.571428571429731,inf,inf,1.8750000000007994,inf,inf,9,2,2022
2022-09-09,426.76,0.3299999999999841,0.4600000000000364,0.3100000000000023,0.410000000000025,0.06999999999999318,-0.0999999999999659,0.0,0.0,0.0,0.0,0.17000000000001592,0.18999999999999773,0.28000000000001535,0.19714630776790532,0.16250000000001563,0.3777281713462247,0.11250000000001137,0.3132563574050562,inf,-1.485294117647071,7.2499999999953815,-34.00000000002842,1.3571428571429731,inf,inf,9,9,2022
2022-09-16,428.38,0.2699999999999818,0.3299999999999841,0.4600000000000364,0.37999999999999545,-0.67999999999995,0.0,0.07999999999998408,0.040000000000020464,0.0,0.0,0.15999999999996817,0.0,0.2750000000000057,0.19502136635041503,0.1950000000000145,0.379811983561778,0.1333333333333447,0.31915608416689106,-0.12903225806458118,-0.3414634146342309,inf,inf,inf,inf,inf,9,16,2022
2022-09-23,430.05,0.34000000000003183,0.2699999999999818,0.3299999999999841,0.35000000000002274,0.410000000000025,0.06999999999999318,-0.0999999999999659,0.0,0.040000000000020464,-0.029999999999972715,0.13999999999998636,0.17000000000001592,0.34250000000000114,0.08220908303334064,0.31375000000000597,0.13989153961960243,0.16416666666667368,0.31236512240822883,-0.2608695652173806,-0.10526315789464236,3.2500000000012434,-5.857142857143785,inf,inf,inf,9,23,2022
2022-09-30,431.87,0.3299999999999841,0.34000000000003183,0.2699999999999818,0.0,0.37999999999999545,0.06999999999999318,0.0,0.07999999999998408,0.0,0.0,0.0,0.15999999999996817,0.3500000000000085,0.07958224257447465,0.3050000000000068,0.13511899517515102,0.19250000000000966,0.31153943278814106,0.0,-0.057142857142963854,-4.300000000000966,3.7142857142859462,-7.600000000005684,inf,inf,9,30,2022
2022-10-07,433.22,0.32000000000005,0.3299999999999841,0.34000000000003183,0.3100000000000023,0.35000000000002274,-0.67999999999995,0.06999999999999318,-0.0999999999999659,0.07999999999998408,-0.009999999999990905,0.0,0.13999999999998636,0.31749999999999545,0.03201562118476421,0.2987500000000054,0.1322808160154524,0.21416666666667558,0.3112864314813287,0.18518518518545024,inf,inf,-5.571428571429731,inf,inf,inf,10,7,2022
2022-10-14,434.68,-0.01999999999998181,0.32000000000005,0.3299999999999841,0.4600000000000364,0.0,0.410000000000025,0.06999999999999318,0.0,-0.0999999999999659,0.0,-0.049999999999954525,0.0,0.31500000000001194,0.031091263507829394,0.2950000000000088,0.13103979766249757,0.23500000000001364,0.3091189826825313,-1.0588235294117057,-1.064516129032199,-1.2857142857140538,-inf,-inf,-0.8000000000002274,-inf,10,14,2022
2022-10-28,437.5,0.339999999999975,0.0,-0.01999999999998181,0.2699999999999818,0.4600000000000364,0.35000000000002274,0.410000000000025,0.06999999999999318,0.06999999999999318,0.06999999999999318,0.0,-0.049999999999954525,0.15750000000001307,0.1936276495403318,0.2537500000000108,0.17137573590547164,0.25583333333334224,0.16467369019539252,0.06249999999975575,0.030303030303004297,-1.5,7.499999999995026,-12.333333333342807,16.00000000001421,inf,10,28,2022
2022-11-04,438.88,0.20999999999997954,0.339999999999975,0.0,0.34000000000003183,0.3299999999999841,0.0,0.37999999999999545,-0.67999999999995,0.06999999999999318,-0.06999999999999318,0.0,0.0,0.1600000000000108,0.19663841604964238,0.23875000000000313,0.15523599545759592,0.2525000000000072,0.16231983018987828,-11.500000000008527,-0.22222222222224564,-0.48780487804886163,inf,inf,5.999999999992421,-5.199999999998636,11,4,2022
2022-11-11,440.46,0.3299999999999841,0.20999999999997954,0.339999999999975,0.3299999999999841,0.2699999999999818,0.3100000000000023,0.35000000000002274,0.410000000000025,-0.67999999999995,0.0,-0.029999999999972715,0.0,0.13249999999999318,0.17308475765697104,0.22375000000000256,0.15089613267787874,0.24083333333333692,0.15968482214783575,inf,-0.029411764706020027,-0.13157894736845255,3.1250000000006217,-34.00000000002842,inf,inf,11,11,2022
2022-11-18,442.16,0.3100000000000023,0.3299999999999841,0.20999999999997954,0.32000000000005,0.34000000000003183,0.4600000000000364,0.0,0.37999999999999545,0.410000000000025,0.0,0.0,0.0,0.21999999999998465,0.15811388300792073,0.23125000000000284,0.15495967217310713,0.2683333333333356,0.1418599394627867,-0.08823529411757325,-0.06060606060600837,-0.11428571428576528,-4.10000000000108,inf,inf,inf,11,18,2022
2022-11-25,442.76,-0.18999999999999773,0.3100000000000023,0.3299999999999841,-0.01999999999998181,0.3299999999999841,0.3299999999999841,0.3100000000000023,0.35000000000002274,0.37999999999999545,0.040000000000020464,-0.009999999999990905,-0.029999999999972715,0.2974999999999852,0.059651767225950766,0.22749999999999915,0.15229201273492,0.2683333333333356,0.1418599394627867,-1.9047619047619821,-1.5937499999999,-inf,-inf,1.7142857142859462,5.333333333327017,-inf,11,25,2022
2022-12-02,443.67,0.22000000000002728,-0.18999999999999773,0.3100000000000023,0.0,0.32000000000005,0.2699999999999818,0.4600000000000364,0.0,0.35000000000002274,0.0,0.0,0.0,0.16499999999999204,0.24241837114069847,0.16250000000000142,0.20436312219743077,0.2141666666666661,0.1807790380719021,-0.33333333333321846,-12.000000000011369,-0.29032258064507843,2.1428571428578387,2.1428571428578387,inf,inf,12,2,2022
2022-12-16,444.97,0.010000000000047748,0.0,0.22000000000002728,0.20999999999997954,0.0,0.3299999999999841,0.2699999999999818,0.4600000000000364,0.3100000000000023,-0.0999999999999659,0.06999999999999318,0.0,0.08500000000000796,0.22487033300663392,0.1524999999999963,0.1938887751852915,0.18250000000000455,0.18508597510876051,-1.0526315789476204,-0.9705882352939751,-0.9696969696968235,-1.0147058823530124,inf,-0.6666666666654035,inf,12,16,2022
2022-12-30,447.58,0.5,0.0,0.010000000000047748,0.3100000000000023,0.20999999999997954,-0.01999999999998181,0.3299999999999841,0.2699999999999818,0.3299999999999841,0.06999999999999318,0.0,0.06999999999999318,0.05750000000001876,0.10843584893004776,0.1112500000000054,0.18310321055153836,0.1275000000000072,0.1801577591500285,inf,0.5151515151515882,0.47058823529397986,0.31578947368422616,11.499999999993605,15.666666666681824,inf,12,30,2022
2023-01-06,449.55,0.5200000000000387,0.5,0.0,-0.18999999999999773,0.3299999999999841,0.0,0.32000000000005,0.34000000000003183,0.2699999999999818,0.06999999999999318,0.0,-0.06999999999999318,0.12750000000001194,0.24837807203235218,0.14750000000000796,0.22852008351876596,0.14250000000000304,0.20360947468612015,50.99999999975557,0.6774193548388221,0.5757575757577689,0.48571428571429953,inf,25.00000000002558,inf,1,6,2023
2023-01-13,452.09,0.45999999999997954,0.5200000000000387,0.5,0.22000000000002728,0.3100000000000023,0.339999999999975,-0.01999999999998181,0.3299999999999841,0.34000000000003183,-0.67999999999995,0.040000000000020464,0.0,0.2575000000000216,0.2917047594169678,0.17125000000001478,0.25814932002345226,0.18750000000000475,0.22316422815365147,inf,-3.4210526315788687,0.43749999999971134,inf,4.750000000000888,22.000000000019895,inf,1,13,2023
2023-01-20,454.56,1.4800000000000182,0.45999999999997954,0.5200000000000387,0.0,-0.18999999999999773,0.20999999999997954,0.0,0.32000000000005,0.3299999999999841,0.410000000000025,0.0,0.0,0.37000000000000455,0.24792471975685457,0.19000000000001194,0.2745906043549142,0.22583333333333636,0.22749458868054168,1.9600000000000364,5.727272727271975,-75.00000000006821,3.77419354838712,-15.80000000000523,147.00000000013642,inf,1,20,2023
2023-02-03,460.04,0.0,0.0,1.4800000000000182,0.0,0.0,0.3100000000000023,0.20999999999997954,0.0,-0.01999999999998181,0.35000000000002274,-0.0999999999999659,0.0,0.6150000000000091,0.6216912416946662,0.3712500000000105,0.5098861917834488,0.30333333333334167,0.437749063304979,-1.0,-1.0,-1.0,-1.0,-1.0,-1.0,-1.0,2,3,2023
2023-02-10,458.99,-0.9800000000000182,0.0,0.0,0.5,0.010000000000047748,-0.18999999999999773,0.3299999999999841,0.339999999999975,0.0,0.0,0.0,0.07999999999998408,0.48499999999999943,0.6978777352324627,0.3712500000000105,0.5098861917834488,0.275833333333343,0.4462053814381749,-1.6621621621621663,-inf,-5.666666666667208,-4.6296296296299415,-15.000000000001624,-13.24999999999396,8.799999999997954,2,10,2023
2023-02-17,460.04,-0.009999999999990905,-0.9800000000000182,0.0,0.5200000000000387,0.0,0.22000000000002728,0.3100000000000023,0.20999999999997954,0.339999999999975,0.3100000000000023,0.06999999999999318,-0.0999999999999659,0.125,1.014609941471701,0.24750000000000227,0.6961886033458056,0.1683333333333413,0.5742478611721222,-inf,-1.0199999999999818,-1.0303030303030043,-1.029411764705853,-0.9852941176470711,-inf,-1.0249999999999786,2,17,2023
2023-03-03,459.96,-0.010000000000047748,0.0,-0.009999999999990905,1.4800000000000182,0.5200000000000387,0.010000000000047748,0.22000000000002728,0.3100000000000023,0.3299999999999841,0.3299999999999841,-0.67999999999995,0.06999999999999318,-0.24750000000000227,0.48835608593169183,0.1837500000000034,0.693107649853705,0.16500000000000625,0.5685947590333122,-0.9897959183672984,-1.0217391304348873,-0.9473684210523796,-1.0312500000001443,-1.0263157894738102,-1.0588235294120598,-1.2000000000011368,3,3,2023
2023-03-31,459.84,-0.010000000000047748,0.0,0.0,-0.009999999999990905,0.0,0.45999999999997954,0.5,0.010000000000047748,0.0,0.32000000000005,0.0,0.37999999999999545,-0.002500000000011937,0.004999999984538771,-0.1250000000000071,0.3455017055984372,0.12166666666666497,0.5604678781378962,-inf,-0.9897959183672984,-inf,-1.0476190476192797,-1.0217391304348846,-1.0625000000003109,-inf,3,31,2023
2023-05-05,459.87,0.03000000000002956,0.0,0.0,0.0,0.0,-0.009999999999990905,0.0,1.4800000000000182,0.45999999999997954,0.3299999999999841,0.34000000000003183,0.3299999999999841,0.0,0.0,-0.0012500000000059686,0.003535533905587075,-0.08416666666667538,0.28214948756550684,inf,inf,inf,inf,-0.9062499999999223,inf,inf,5,5,2023
2023-05-12,460.03,-0.040000000000020464,0.03000000000002956,0.0,-0.010000000000047748,0.0,0.0,-0.9800000000000182,0.0,1.4800000000000182,0.3100000000000023,0.3299999999999841,0.2699999999999818,0.00750000000000739,0.01499999999485327,0.0024999999999977263,0.011649647450121611,-4.736951571734001e-15,0.010444659364196293,-inf,-inf,-inf,-4.999999999982947,1.0000000000028422,-inf,-0.5999999999998863,5,12,2023
2023-05-19,460.34,-0.020000000000038654,-0.040000000000020464,0.03000000000002956,0.0,0.0,-0.010000000000047748,-0.009999999999990905,0.0,0.0,-0.18999999999999773,0.32000000000005,0.34000000000003183,-0.0024999999999977263,0.028722813230014584,-0.0025000000000048317,0.01908627030835901,-0.0025000000000072,0.015447859520971736,-inf,0.9999999999943157,-0.9795918367346548,-inf,-inf,-inf,-inf,5,19,2023
2023-05-26,460.3,-0.009999999999990905,-0.020000000000038654,-0.040000000000020464,0.0,-0.010000000000047748,0.0,0.0,-0.9800000000000182,0.0,0.22000000000002728,-0.01999999999998181,0.3299999999999841,-0.00750000000000739,0.029860788109380452,-0.005000000000009663,0.019999999999954263,-0.004166666666677088,0.016213537184161526,-1.3333333333327018,-inf,0.0,-1.0199999999999818,-1.0294117647058578,-0.6666666666666667,-1.5,5,26,2023
2023-06-02,460.92,0.160000000000025,-0.009999999999990905,-0.020000000000038654,0.0,0.0,0.0,-0.010000000000047748,-0.009999999999990905,-0.9800000000000182,0.0,0.0,0.32000000000005,-0.010000000000005116,0.029439202885154114,-0.005000000000002558,0.019999999999952233,-0.004166666666672351,0.016213537184159667,-4.999999999998579,inf,inf,-0.6923076923076671,-0.23809523809504474,inf,4.333333333328913,6,2,2023
2023-06-09,461.9,0.22999999999996135,0.160000000000025,-0.009999999999990905,0.0,0.0,0.0,0.0,0.0,-0.009999999999990905,0.010000000000047748,0.339999999999975,-0.01999999999998181,0.022499999999993747,0.09251126057503778,0.015000000000000568,0.06187545093630164,0.009166666666663067,0.05017393987488343,-12.499999999975842,inf,-23.999999999886313,-0.5000000000000617,-0.3030303030303866,-24.000000000017053,inf,6,9,2023
2023-06-16,655.0,34.5,0.22999999999996135,0.160000000000025,0.03000000000002956,0.0,-0.010000000000047748,0.0,-0.010000000000047748,0.0,0.0,0.20999999999997954,0.0,0.0899999999999892,0.12463279397164426,0.04374999999999574,0.09723866074177642,0.02833333333332651,0.08088525355444666,-3451.0000000031378,inf,inf,22.310810810810523,110.29032258064434,inf,inf,6,16,2023
2023-06-23,760.0,15.0,34.5,0.22999999999996135,-0.040000000000020464,0.0,0.0,0.0,0.0,-0.010000000000047748,0.5,0.3299999999999841,0.339999999999975,8.719999999999999,17.186962112795456,4.356249999999996,12.180289625339084,2.9033333333333267,9.950694204502282,92.74999999998535,498.99999999950734,inf,inf,-79.94736842105358,-215.28571428573517,-500.99999999950734,6,23,2023
2023-06-30,758.77,5.829999999999927,15.0,34.5,-0.020000000000038654,0.03000000000002956,0.0,-0.010000000000047748,0.0,0.0,0.5200000000000387,0.3100000000000023,0.20999999999997954,12.472499999999997,16.25910488516101,6.231249999999996,12.562436567004033,4.154166666666664,10.480485292661648,24.347826086960467,-146.74999999992363,inf,inf,25.499999999996383,82.28571428572137,inf,6,30,2023
2023-07-07,768.0,-6.0,5.829999999999927,15.0,-0.009999999999990905,-0.040000000000020464,0.0,0.0,0.0,0.0,0.45999999999997954,-0.18999999999999773,0.3299999999999841,13.889999999999972,15.028455232214228,6.956249999999983,12.318419353031581,4.639999999999991,10.405266149232501,-1.1739130434782608,298.9999999994202,598.9999999971351,5.122448979591723,-inf,84.71428571429406,-100.9999999999962,7,7,2023
2023-07-14,775.0,-1.0,-6.0,5.829999999999927,0.160000000000025,-0.020000000000038654,0.0,0.0,-0.010000000000047748,0.0,1.4800000000000182,0.22000000000002728,0.3100000000000023,12.332499999999982,17.096555939720727,6.2112499999999855,12.965233111782343,4.139999999999991,10.78570265760103,-1.0666666666666667,99.00000000009095,-inf,99.00000000009095,-100.99999999952252,-inf,-34.33333333330049,7,14,2023
2023-07-21,774.5,-15.009999999999991,-1.0,-6.0,0.22999999999996135,-0.009999999999990905,0.03000000000002956,0.0,0.0,-0.010000000000047748,0.0,0.0,-0.18999999999999773,3.457499999999982,9.095267542335757,6.08874999999999,13.036950166463672,4.056666666666658,10.824391087920029,-3.5746140651801337,-94.81249999998528,-inf,-inf,-inf,-inf,-251.16666666665702,7,21,2023
2023-07-28,774.28,0.2799999999999727,-15.009999999999991,-1.0,34.5,0.160000000000025,-0.040000000000020464,0.0,0.0,0.0,0.0,0.010000000000047748,0.22000000000002728,-4.045000000000016,8.77194201227219,4.21374999999999,14.974130012887462,2.805833333333325,12.124910840034575,-1.0466666666666622,0.2173913043479121,inf,-28.999999999863576,-0.44000000000005457,5.999999999995737,8.333333333340912,7,28,2023
2023-08-04,765.95,-11.049999999999955,0.2799999999999727,-15.009999999999991,15.0,0.22999999999996135,-0.020000000000038654,0.03000000000002956,0.0,0.0,-0.9800000000000182,0.0,0.0,-5.4325000000000045,6.93614386144537,4.228749999999984,14.969548554601486,2.826666666666654,12.11992149189495,10.049999999999955,-1.3202898550724624,-inf,-inf,-22.249999999998334,-inf,-553.5000000005002,8,4,2023
2023-08-18,744.93,-21.540000000000077,0.0,-11.049999999999955,-6.0,15.0,0.160000000000025,-0.020000000000038654,0.03000000000002956,0.0,0.0,0.5200000000000387,0.0,-6.444999999999993,7.774507487080203,-1.4937500000000057,9.45379430629385,1.9108333333333292,12.756399790146927,-77.9285714285792,-4.694682675814811,537.4999999997265,-inf,-15.554054054053928,214.40000000007424,-2155.000000001967,8,18,2023
2023-08-25,770.84,16.629999999999995,-21.540000000000077,0.0,-1.0,5.829999999999927,0.22999999999996135,-0.009999999999990905,-0.040000000000020464,0.03000000000002956,-0.010000000000047748,0.45999999999997954,0.5,-8.077500000000015,10.411027406873297,-6.061250000000015,9.169292600070863,0.1166666666666553,14.452450772562194,-2.5049773755656166,-3.771666666666666,-832.4999999983928,-1663.999999992059,inf,inf,553.333333332787,8,25,2023
2023-09-01,756.52,-16.480000000000018,16.629999999999995,-21.540000000000077,-15.009999999999991,-6.0,34.5,0.160000000000025,-0.020000000000038654,-0.040000000000020464,0.0,1.4800000000000182,0.5200000000000387,-3.990000000000009,16.319217710008868,-4.711250000000007,11.633955766879746,1.4891666666666528,15.218678391033082,-inf,15.480000000000018,1647.0000000015007,-inf,-inf,-236.42857142859464,823.0000000007503,9,1,2023
2023-09-08,789.0,4.470000000000027,-16.480000000000018,16.629999999999995,0.2799999999999727,-1.0,15.0,0.22999999999996135,-0.009999999999990905,-0.020000000000038654,0.0,0.0,0.45999999999997954,-5.347500000000025,17.298707803378477,-6.021250000000009,12.366754323588719,0.09666666666665454,16.084229053405842,-1.207520891364903,-1.2978014656895422,26.937499999995804,inf,-5.561224489795862,62.85714285714947,54.874999999971756,9,8,2023
2023-09-15,767.74,-15.259999999999991,4.470000000000027,-16.480000000000018,-11.049999999999955,-15.009999999999991,5.829999999999927,34.5,0.160000000000025,-0.009999999999990905,0.0,0.0,1.4800000000000182,-4.230000000000018,17.893464356201893,-5.337500000000006,12.826699553219909,-2.405833333333343,12.083472151762694,-1.9176187612748041,-55.50000000000528,-67.34782608696763,-inf,1525.000000001387,21.441176470589873,-inf,9,15,2023
2023-09-29,768.0,-9.600000000000023,0.0,-15.259999999999991,-21.540000000000077,-11.049999999999955,-1.0,5.829999999999927,34.5,0.22999999999996135,0.0,-0.009999999999990905,0.0,-6.8174999999999955,10.622706419113104,-5.403750000000002,12.83669843790508,-5.413333333333337,10.861936319370548,-3.1476510067114014,-inf,-1.6400000000000015,-320.9999999996855,958.9999999954184,-26.263157894737205,-57.470588235307844,9,29,2023
2023-10-06,771.54,10.0,-9.600000000000023,0.0,16.629999999999995,0.0,-15.009999999999991,-6.0,15.0,34.5,0.0,0.0,-0.9800000000000182,-5.097499999999997,8.964196840766046,-5.222500000000011,12.755566571949249,-5.713333333333338,10.92911984590072,-1.6553079947575364,-1.464252553389042,0.7152658662092839,-250.9999999998721,inf,27.571428571426715,51.63157894736905,10,6,2023
2023-10-13,769.51,1.509999999999991,10.0,-9.600000000000023,-16.480000000000018,-21.540000000000077,0.2799999999999727,-1.0,5.829999999999927,15.0,0.0,-0.010000000000047748,-0.009999999999990905,-3.7150000000000034,11.102893016386906,-3.972500000000011,13.788615127809525,-4.796666666666671,11.787945563416086,inf,-0.9092002405291647,-1.2516666666666652,-76.49999999985363,inf,inf,inf,10,13,2023
2023-10-20,859.23,95.23000000000002,1.509999999999991,10.0,4.470000000000027,16.629999999999995,-11.049999999999955,-15.009999999999991,-6.0,5.829999999999927,0.0,0.0,0.0,0.47749999999999204,8.03177180535735,-1.0912500000000023,11.867779233225212,-3.4200000000000066,11.446442877394487,-10.919791666666645,-6.778519417475723,-96.23000000000002,-9524.000000008664,inf,306.19354838709455,559.176470588183,10,20,2023
2023-10-27,790.0,-12.200000000000045,95.23000000000002,1.509999999999991,-15.259999999999991,-16.480000000000018,0.0,0.2799999999999727,-1.0,-6.0,0.03000000000002956,0.0,-0.010000000000047748,24.284999999999997,47.97272871121677,8.73375,36.20853251356253,4.492499999999997,30.76017529356603,-2.2200000000000046,-3.729306487695743,-0.18720852764823104,-77.24999999998836,1218.9999999941792,-27.521739130432785,-77.25000000001546,10,27,2023
2023-11-03,806.27,19.269999999999982,-12.200000000000045,95.23000000000002,0.0,4.470000000000027,-21.540000000000077,-11.049999999999955,-15.009999999999991,-1.0,-0.040000000000020464,0.0,0.0,23.63499999999999,48.59842281391447,9.268749999999997,35.812215967460055,4.396666666666657,30.814743027953178,11.761589403973575,-2.2627785058977716,67.8214285714352,82.78260869566617,inf,57.393939393942155,136.6428571428704,11,3,2023
2023-11-17,839.54,12.699999999999932,0.0,19.269999999999982,10.0,0.0,-16.480000000000018,-21.540000000000077,-11.049999999999955,0.2799999999999727,-0.009999999999990905,0.0,0.0,25.57499999999999,48.20996888611319,13.02624999999999,34.69438074612579,7.797499999999995,29.93136030228922,-2.0409836065573677,-2.3229166666666563,inf,-0.15333333333333787,inf,36.35294117646689,inf,11,17,2023
2023-11-24,804.0,0.11000000000001364,12.699999999999932,0.0,1.509999999999991,-9.600000000000023,4.470000000000027,16.629999999999995,0.0,-11.049999999999955,0.160000000000025,0.0,-0.010000000000047748,4.942499999999967,13.949309122676995,14.613749999999982,34.301525137896064,7.469999999999989,29.847314482515547,-0.9942916450441093,-0.9889999999999987,-1.00510677808728,-0.9811320754716956,inf,-0.6666666666666092,-3.200000000002274,11,24,2023
2023-12-01,788.0,-2.0,0.11000000000001364,12.699999999999932,95.23000000000002,10.0,-15.259999999999991,-16.480000000000018,-21.540000000000077,0.0,0.22999999999996135,0.0,0.0,8.019999999999982,9.580421006754658,15.827499999999986,33.484388579925266,8.852499999999992,29.009583722061116,-inf,-2.324503311258286,-1.1202645820805772,-0.6666666666666667,-67.66666666660097,-7.249999999999023,-inf,12,1,2023
2023-12-08,790.0,-10.0,-2.0,0.11000000000001364,-12.200000000000045,1.509999999999991,0.0,4.470000000000027,16.629999999999995,-21.540000000000077,34.5,0.0,0.0,2.7024999999999864,6.735183120499834,14.327499999999986,34.04679542293855,8.313333333333324,29.158185294989984,-1.787401574803154,-1.1050089257586895,-0.39320388349514634,9.0,248.9999999998721,499.00000000045475,-inf,12,8,2023
2023-12-15,789.0,-1.0,-10.0,-2.0,19.269999999999982,95.23000000000002,-9.600000000000023,-15.259999999999991,-16.480000000000018,16.629999999999995,15.0,0.03000000000002956,0.0,0.20249999999998636,9.401029642189863,12.888749999999987,34.89836035341981,8.751666666666656,28.809038932988113,-10.090909090907964,-0.9180327868852463,-1.2237136465324372,-0.933377748167888,48.999999999903366,-inf,-inf,12,15,2023
2023-12-22,905.39,3.3899999999999864,-1.0,-10.0,0.0,-12.200000000000045,10.0,0.0,4.470000000000027,-16.480000000000018,5.829999999999927,-0.040000000000020464,0.0,-3.2224999999999966,4.5997853210774675,0.8599999999999852,10.55974972647147,8.668333333333322,28.838087136579816,-2.694999999999993,-0.8240788790866638,-1.2221494102228039,11.107142857143987,-340.00000000030695,8.97058823529481,-114.00000000010232,12,22,2023
2023-12-29,881.03,-14.580000000000041,3.3899999999999864,-1.0,12.699999999999932,19.269999999999982,1.509999999999991,-9.600000000000023,-15.259999999999991,4.470000000000027,-6.0,-0.020000000000038654,0.03000000000002956,-2.4025000000000034,5.579846921436673,2.808749999999989,9.149664221005201,9.750833333333324,28.329321609928968,0.4580000000000042,-inf,-inf,0.3194570135746697,-92.12499999998602,-70.4285714285784,-inf,12,29,2023
2024-01-05,913.0,1.5599999999999454,-14.580000000000041,3.3899999999999864,0.11000000000001364,0.0,95.23000000000002,10.0,0.0,-15.259999999999991,-1.0,-0.009999999999990905,-0.040000000000020464,-5.547500000000014,8.20506906328845,-1.4225000000000136,8.230453467805667,7.702499999999986,29.185355021436237,-2.5599999999999454,-0.8771653543307123,-1.1624999999999939,inf,5.782608695653076,3.7272727272727897,-157.00000000013642,1,5,2024
2024-01-12,957.0,-0.049999999999954525,1.5599999999999454,-14.580000000000041,-2.0,12.699999999999932,-12.200000000000045,1.509999999999991,-9.600000000000023,0.0,-15.009999999999991,0.160000000000025,-0.020000000000038654,-2.6575000000000273,8.149700914757537,-1.2275000000000205,8.287254844467066,7.706666666666649,29.184394127787904,-1.0147492625368597,-1.4545454545449847,-1.0049999999999955,-0.9976787372330569,-1.0014492753623174,-1.1612903225804974,-inf,1,12,2024
2024-01-19,890.04,-4.480000000000018,-0.049999999999954525,1.5599999999999454,-10.0,0.11000000000001364,19.269999999999982,95.23000000000002,10.0,-9.600000000000023,0.2799999999999727,0.22999999999996135,-0.009999999999990905,-2.420000000000016,8.227575584581396,-2.8212500000000063,6.1857103472439015,-0.2333333333333485,9.593209087998687,-0.6927297668038406,1.240000000000009,-3.966887417218573,-1.2693926638604942,-1.298666666666668,22.57894736842143,63.000000000006494,1,19,2024
2024-01-26,898.2,11.81000000000006,-4.480000000000018,-0.049999999999954525,-1.0,-2.0,0.0,-12.200000000000045,1.509999999999991,10.0,-11.049999999999955,34.5,0.160000000000025,-4.387500000000017,7.259069614397327,-3.3950000000000102,6.087068259844,0.4099999999999871,8.955408726269583,6.570512820513123,-2.181000000000006,-0.8759844586789871,-1.7166262135922357,1.0257289879931744,52.68181818181179,167.714285714303,1,26,2024
2024-02-02,1413.12,56.73999999999978,11.81000000000006,-4.480000000000018,3.3899999999999864,-10.0,12.699999999999932,19.269999999999982,95.23000000000002,1.509999999999991,0.0,15.0,0.22999999999996135,2.210000000000008,6.89072323248197,-1.6687500000000028,8.148385357147264,-0.2116666666666731,7.697789332403214,-1135.8000000010277,-57.73999999999978,-5.650819672131112,11.693512304250433,-10.45666666666663,inf,-811.5714285715044,2,2,2024
2024-02-09,1473.62,29.559999999999945,56.73999999999978,11.81000000000006,-14.580000000000041,-1.0,0.11000000000001364,0.0,-12.200000000000045,95.23000000000002,-21.540000000000077,5.829999999999927,34.5,16.004999999999967,28.01390428578863,6.67374999999997,21.547844398321683,4.516666666666642,18.15833759578289,-7.5982142857142465,7.719764011799429,0.5339906590555255,-2.937090432503274,-30.559999999999945,2954.99999998588,inf,2,9,2024
2024-02-16,1492.73,-23.470000000000027,29.559999999999945,56.73999999999978,1.5599999999999454,3.3899999999999864,-2.0,12.699999999999932,19.269999999999982,-12.200000000000045,16.629999999999995,-6.0,15.0,23.407499999999942,26.2114699765833,10.493749999999963,22.672582521942292,5.921666666666643,19.455054885711803,-2.9872988992379264,0.6097393689986257,-inf,-inf,0.5636242504996696,-inf,-inf,2,16,2024
2024-02-23,1488.4,0.0,-23.470000000000027,29.559999999999945,-0.049999999999954525,-14.580000000000041,-10.0,0.11000000000001364,0.0,19.269999999999982,-16.480000000000018,-1.0,5.829999999999927,18.65999999999994,33.61921970143459,7.136249999999961,25.666021416595523,3.95666666666664,21.207311489343923,-1.0,-1.0,-1.0,-1.0,-1.0,-1.0,-1.0,2,23,2024
2024-03-01,1545.0,-71.54999999999995,0.0,-23.470000000000027,-4.480000000000018,1.5599999999999454,-1.0,-2.0,12.699999999999932,0.0,4.470000000000027,-15.009999999999991,-6.0,15.707499999999925,34.914943672683485,8.958749999999966,24.38960869919805,4.123333333333306,21.164057581979204,-3.4205006765899895,1430.0000000013006,-651.4545454544643,-8.154999999999996,5.475113122171968,-138.59615384614352,-inf,3,1,2024
2024-03-08,1593.34,4.199999999999818,-71.54999999999995,0.0,11.81000000000006,-0.049999999999954525,3.3899999999999864,-10.0,0.11000000000001364,12.699999999999932,-15.259999999999991,0.2799999999999727,-1.0,-16.36500000000001,42.71137280241251,-0.18000000000002103,37.65018383563536,-1.0058333333333564,30.35902635231577,-1.1789518534299026,-1.9374999999999556,-3.099999999999909,1.7814569536422802,inf,8.130434782608706,51.50000000000817,3,8,2024
2024-03-15,1609.74,19.24000000000001,4.199999999999818,-71.54999999999995,56.73999999999978,-4.480000000000018,-14.580000000000041,-1.0,-2.0,0.11000000000001364,0.0,-11.049999999999955,-15.009999999999991,-22.70500000000004,34.764998202214755,0.35124999999995055,37.682250629440844,-0.5725000000000383,30.39620584127979,inf,0.629127857747664,-2.924000000000001,-0.7979628268402814,-1.8932219127205172,11.999999999999847,-193.40000000006572,3,15,2024
2024-03-22,1447.89,37.950000000000045,19.24000000000001,4.199999999999818,29.559999999999945,11.81000000000006,1.5599999999999454,3.3899999999999864,-10.0,-2.0,-9.600000000000023,0.0,0.2799999999999727,-12.027500000000032,40.53219738676891,3.316249999999954,38.17773881559022,0.748333333333297,30.9238377699832,-1.530398322851154,-0.3311596757137788,-38.950000000000045,-4.11065573770491,1.282020444978957,inf,inf,3,22,2024
2024-03-29,1303.0,-112.13000000000011,37.950000000000045,19.24000000000001,-23.470000000000027,56.73999999999978,-0.049999999999954525,-14.580000000000041,-1.0,-10.0,10.0,-21.540000000000077,-11.049999999999955,-2.5400000000000205,48.03337797823507,6.583749999999952,40.07977506976372,5.125833333333304,32.246461809668695,-27.69761904762023,-4.793301759133976,-34.076696165191905,-6.818889465490411,5.804004854368931,-inf,-1602.8571428573005,3,29,2024
2024-04-05,1244.5,-105.5,-112.13000000000011,37.950000000000045,0.0,29.559999999999945,-4.480000000000018,1.5599999999999454,3.3899999999999864,-1.0,1.509999999999991,16.629999999999995,0.0,-12.68500000000006,67.7188307144574,-14.525000000000034,52.45050592156927,-4.348333333333367,46.80450111092333,-6.483367983367981,3.495100127822747,6.235939643347031,-inf,-24.601789709172117,106.6530612244878,-1508.142857143004,4,5,2024
2024-04-12,1150.0,-96.17000000000007,-105.5,-112.13000000000011,-71.54999999999995,-23.470000000000027,11.81000000000006,-0.049999999999954525,-14.580000000000041,3.3899999999999864,95.23000000000002,-16.480000000000018,-21.540000000000077,-40.110000000000014,79.74651214943515,-31.407500000000027,57.706402157819554,-13.135833333333371,55.0898577463688,-3.5341238471673244,-inf,-62.6474358974381,-8.572440944881937,5.3020969855832325,9616.000000008755,140.4264705882458,4,12,2024
2024-04-19,1002.0,-145.52999999999997,-96.17000000000007,-105.5,4.199999999999818,0.0,56.73999999999978,-4.480000000000018,1.5599999999999454,-14.580000000000041,-12.200000000000045,4.470000000000027,16.629999999999995,-68.96250000000003,71.57502514844131,-40.49500000000003,61.8531881612766,-20.77666666666671,59.92645345957346,0.29786854543832897,1.0339622641509445,2909.6000000026465,-1323.9999999998356,-inf,-inf,-355.9512195121734,4,19,2024
2024-04-26,1329.44,52.41000000000008,-145.52999999999997,-96.17000000000007,19.24000000000001,-71.54999999999995,29.559999999999945,11.81000000000006,-0.049999999999954525,1.5599999999999454,19.269999999999982,-15.259999999999991,-16.480000000000018,-114.83250000000004,21.48661967364801,-58.68625000000003,69.20554456265975,-33.88833333333338,68.71647398528023,-1.496777251184835,11.478571428571989,-12.698660714285685,-27.20500000000004,-6.459374999999995,-5241.999999974983,136.9210526315808,4,26,2024
2024-05-03,1379.0,29.09999999999991,52.41000000000008,-145.52999999999997,37.950000000000045,4.199999999999818,-23.470000000000027,56.73999999999978,-4.480000000000018,-0.049999999999954525,0.0,0.0,4.470000000000027,-73.69749999999999,86.75525320309623,-43.191250000000025,79.0858415064651,-34.24916666666669,68.20679577689833,-1.3025891650202754,0.512474012474007,1.4640135478407927,-3.909999999999991,1.9099999999999908,inf,82.14285714285148,5,3,2024
2024-05-10,1439.8,10.75,29.09999999999991,52.41000000000008,-112.13000000000011,19.24000000000001,0.0,29.559999999999945,11.81000000000006,-4.480000000000018,12.699999999999932,-9.600000000000023,-15.259999999999991,-40.047500000000014,95.92715791161542,-40.078750000000014,81.6653321161609,-34.28750000000002,68.16779193151397,-1.0738679310107881,-0.7167325428194997,-0.8105393020796609,-11.75,6.119205298013288,inf,inf,5,10,2024
2024-05-17,1467.0,-53.0,10.75,29.09999999999991,-105.5,37.950000000000045,-71.54999999999995,-23.470000000000027,56.73999999999978,11.81000000000006,0.11000000000001364,10.0,0.0,-13.317499999999995,89.77516040085919,-41.140000000000015,80.83530257787835,-31.435833333333353,69.36668082251978,-2.0112573936271687,-0.5273343440649251,-2.792963464140734,-16.63421828908561,-1.5565473065210542,-inf,-171.96774193548262,5,17,2024
2024-05-24,1474.0,7.0,-53.0,10.75,-96.17000000000007,-112.13000000000011,4.199999999999818,0.0,29.559999999999945,56.73999999999978,-2.0,1.509999999999991,-9.600000000000023,9.814999999999998,45.213728372401825,-52.50875000000002,74.25041287763996,-35.85250000000002,68.86866210733693,-0.7594501718213051,-1.066350710900474,-1.2982530890498505,-1.4801097393689973,-1.5737704918032764,-700.9999999966576,14.217391304346622,5,24,2024
2024-05-31,1484.0,287.9000000000001,7.0,-53.0,-145.52999999999997,-105.5,19.24000000000001,-71.54999999999995,-23.470000000000027,29.559999999999945,-10.0,95.23000000000002,10.0,-1.5375000000000227,35.64134712661683,-37.61750000000001,72.5105607579239,-29.30666666666669,68.90023675026397,25.78139534883722,-3.9936570656129757,inf,183.55128205128855,13.940321743642988,inf,871.4242424242848,5,31,2024
2024-06-07,1450.0,-50.0,287.9000000000001,7.0,52.41000000000008,-96.17000000000007,37.950000000000045,4.199999999999818,0.0,-23.470000000000027,-1.0,-12.200000000000045,1.509999999999991,63.16250000000002,152.6455227807223,11.557500000000005,130.281362525223,-5.665000000000002,114.81601911516769,-0.05660377358490565,-0.6564282278567992,-0.301187980433263,999.0000000009095,-inf,-inf,-186.18518518519767,6,7,2024
2024-06-14,1505.0,-20.0,-50.0,287.9000000000001,29.09999999999991,-145.52999999999997,-112.13000000000011,19.24000000000001,-71.54999999999995,0.0,3.3899999999999864,19.269999999999982,95.23000000000002,47.97500000000002,162.31451721888592,17.328750000000014,125.77206531062454,-11.435000000000002,115.1898508392282,-3.857142857142857,-1.3816065636328938,-5.761904761904968,3.4642857142856958,-2.574803149606308,-inf,-59.823529411759196,6,14,2024
2024-06-21,1515.0,20.0,-20.0,-50.0,10.75,52.41000000000008,-105.5,37.950000000000045,4.199999999999818,-71.54999999999995,-14.580000000000041,0.0,-12.200000000000045,56.22500000000002,156.19475823471163,33.02000000000001,109.30365789200029,-16.26416666666667,114.14120039019721,-0.930531434525877,-0.3127147766323003,0.039501039501039115,0.6934801016087977,180.81818181815927,inf,59.60606060606353,6,21,2024
2024-06-28,1525.0,0.0,20.0,-20.0,-53.0,29.09999999999991,-96.17000000000007,-112.13000000000011,19.24000000000001,4.199999999999818,1.5599999999999454,12.699999999999932,19.269999999999982,59.47500000000002,154.9594651298634,28.96875,109.0827174261415,-5.25333333333333,110.36316919675477,-1.0,-1.0,-1.0,-1.0,-1.0,-1.0,-1.0,6,28,2024
2024-07-05,1535.0,0.0,0.0,20.0,7.0,10.75,-145.52999999999997,-105.5,37.950000000000045,19.24000000000001,-0.049999999999954525,0.11000000000001364,0.0,-12.5,29.860788111948143,25.33125000000001,109.56185121232406,3.538333333333336,105.75744236294445,-1.0,-1.0,-1.0,-1.0,-1.0,-1.0,-1.0,7,5,2024
2024-07-19,1625.0,5.0,0.0,0.0,-50.0,7.0,29.09999999999991,-145.52999999999997,-105.5,-112.13000000000011,11.81000000000006,-10.0,0.11000000000001364,5.0,9.999999999999844,30.61250000000001,106.05821093693248,23.680000000000007,88.43317035016793,inf,-0.9826328586314693,-1.0519912654674015,inf,0.47492625368732155,-501.00000000045475,13.705882352942258,7,19,2024
2024-08-02,1580.0,-80.0,0.0,5.0,20.0,-50.0,-53.0,29.09999999999991,-145.52999999999997,-96.17000000000007,29.559999999999945,3.3899999999999864,-10.0,1.25,2.499999999999366,-5.625,20.948491251502727,17.304166666666674,88.21036956754249,-inf,3.0,-2.5264262545315757,-20.04761904761987,-52.282051282053075,-348.8260869565802,-243.42424242425412,8,2,2024
2024-08-09,1583.03,-6.970000000000027,-80.0,0.0,0.0,-20.0,7.0,10.75,52.41000000000008,-145.52999999999997,-23.470000000000027,-14.580000000000041,-1.0,-18.75,40.901303972693384,-9.375,30.523702733636842,9.741666666666674,92.60404917843725,-2.3940000000000055,-1.3485000000000014,-1.2395189003436442,-1.3622661122661135,138.40000000012733,-1.2020289855072472,-23.483870967741858,8,9,2024
2024-09-13,1639.2,-15.799999999999955,0.0,0.0,-80.0,5.0,0.0,-20.0,287.9000000000001,7.0,37.950000000000045,56.73999999999978,-4.480000000000018,0.0,0.0,-10.246250000000003,28.36923833888693,-5.164166666666669,24.40856312419631,-inf,-inf,-0.6840000000000008,-0.8914313200027488,-0.32680017043033927,0.05263157894736592,-inf,9,13,2024
2024-09-27,1668.97,15.700000000000045,0.0,-15.799999999999955,0.0,-80.0,0.0,0.0,-20.0,-50.0,-105.5,-23.470000000000027,56.73999999999978,-3.9499999999999886,7.899999999999796,-12.846249999999998,27.71799773097412,-8.147499999999999,23.21175216644277,inf,-3.2525107604017194,-0.21499999999999775,-0.4604810996563541,-1.219426974143956,-2.420814479638019,29.192307692305537,9,27,2024
2024-10-04,1620.0,-25.0,15.700000000000045,0.0,0.0,-6.970000000000027,5.0,0.0,20.0,-20.0,-96.17000000000007,0.0,29.559999999999945,-0.024999999999977263,12.859853550228735,-0.883749999999992,8.770590365371284,-6.839166666666661,24.13677031130311,0.5822784810126629,-inf,-inf,-3.3255813953488373,-6.95238095238121,-inf,-55.34782608695894,10,4,2024
2024-11-08,1661.15,-4.899999999999864,0.0,0.0,15.700000000000045,-15.799999999999955,0.0,-6.970000000000027,0.0,5.0,-53.0,-112.13000000000011,19.24000000000001,0.0,0.0,-3.1374999999999886,12.20291973258862,-2.0916666666666592,9.856373879911567,-inf,-inf,-0.9387500000000017,-0.7550000000000068,-0.949048559841948,-0.6788990825688161,489.000000000432,11,8,2024
2024-11-15,1654.63,-13.279999999999973,-4.899999999999864,0.0,-25.0,0.0,0.0,0.0,-80.0,0.0,7.0,-105.5,37.950000000000045,-1.224999999999966,2.4499999999993585,-1.7749999999999773,11.15024022803356,-2.499999999999981,9.863338914660261,-inf,-1.8458598726114608,0.905308464849343,-1.6639999999999986,-0.908747337318766,-inf,-inf,11,15,2024
2024-11-22,1681.39,0.03000000000020009,-13.279999999999973,-4.899999999999864,0.0,15.700000000000045,0.0,0.0,-6.970000000000027,-80.0,287.9000000000001,-96.17000000000007,-112.13000000000011,-4.544999999999959,6.264723989663359,-3.434999999999974,11.816843910283353,-3.6066666666666456,10.292989082012145,inf,-1.001200000000008,inf,inf,-0.9994275901545469,-1.003125000000021,-4.000000000005684,11,22,2024
2024-12-06,1542.5,-52.799999999999955,0.0,0.03000000000020009,0.0,0.0,0.0,0.0,0.0,0.0,-20.0,52.41000000000008,-96.17000000000007,-4.537499999999909,6.2719926392386816,-2.2687499999999545,4.768819672773249,-3.6041666666666288,10.293948317807606,2.975903614457836,-inf,-inf,-inf,-5.91162790697674,-35.96688741721872,-inf,12,6,2024
2024-12-13,1539.5,2.0499999999999545,-52.799999999999955,0.0,0.0,0.0,15.700000000000045,-15.799999999999955,0.0,0.0,20.0,29.09999999999991,-145.52999999999997,-16.512499999999932,24.990322626968986,-8.868749999999949,18.35744880929033,-6.687499999999962,17.380834337646867,67.33333333287607,inf,inf,-0.5900000000000091,-1.038679245283018,-0.9784731702194691,inf,12,13,2024
2024-12-20,1538.07,-3.3600000000001273,2.0499999999999545,-52.799999999999955,-4.899999999999864,0.0,-25.0,0.0,0.0,0.0,0.0,10.75,52.41000000000008,-12.67999999999995,26.76386743353802,-8.612499999999955,18.512584715731712,-6.516666666666633,17.46242320648601,-inf,-inf,-0.78734177215189,-inf,-1.4800000000000182,-0.7245901639344168,334.9999999984084,12,20,2024
2024-12-27,1539.0,1.4300000000000637,-3.3600000000001273,2.0499999999999545,-13.279999999999973,0.0,0.0,15.700000000000045,-15.799999999999955,0.0,0.0,-53.0,29.09999999999991,-13.527500000000032,26.276472841688523,-9.03249999999997,18.326456091048897,-8.10499999999998,16.069194413252518,-1.0270833333333345,-1.2918367346938986,inf,-1.0178750000000008,-0.9950329975686,-0.9257913855734268,inf,12,27,2024
2025-01-03,1533.5,-4.5,1.4300000000000637,-3.3600000000001273,0.03000000000020009,-4.899999999999864,0.0,-25.0,0.0,-15.799999999999955,0.0,7.0,10.75,-13.170000000000016,26.53036876235726,-8.853749999999962,18.433801202837,-5.902499999999975,15.337631158215121,-3.1951219512195608,-0.6611445783132524,-1.2866242038216553,-0.354375896700146,-0.91,-inf,-inf,1,3,2025
2025-01-10,1541.67,0.38000000000010914,-4.5,1.4300000000000637,0.0,-13.279999999999973,0.0,0.0,15.700000000000045,0.0,5.0,287.9000000000001,-53.0,-1.0950000000000273,3.316167466619286,-8.80374999999998,18.446595456304987,-6.277499999999975,15.234864993285408,-1.1130952380952663,11.666666666585822,-1.0152000000000043,inf,-1.0190000000000055,-0.9700787401574715,inf,1,10,2025
2025-01-17,1546.71,-3.490000000000009,0.38000000000010914,-4.5,-52.799999999999955,0.03000000000020009,0.0,0.0,-25.0,15.700000000000045,0.0,-50.0,7.0,-1.5124999999999886,2.862299483515142,-7.096249999999969,18.604600765478892,-6.245833333333299,15.249487298882702,-3.4405594405593383,-inf,-inf,-inf,-1.1745000000000005,-32.727272727268875,-inf,1,17,2025
2025-01-24,1548.0,1.0,-3.490000000000009,0.38000000000010914,2.0499999999999545,0.0,-4.899999999999864,0.0,0.0,-25.0,-80.0,-20.0,287.9000000000001,-1.544999999999959,2.8908649224752048,-7.5362499999999955,18.452994288577827,-6.536666666666633,15.152511542995208,-1.2222222222222223,-1.018939393939394,inf,inf,inf,-1.5,32.33333333330049,1,24,2025
2025-01-31,1480.0,-18.0,1.0,-3.490000000000009,-3.3600000000001273,-52.799999999999955,-13.279999999999973,0.0,0.0,0.0,-6.970000000000027,20.0,-50.0,-1.652499999999975,2.7478157992602266,-7.4112499999999955,18.514621586735178,-6.4533333333333,15.194420826159226,-48.368421052617975,-9.780487804878243,-inf,-inf,-inf,0.8,448.9999999997698,1,31,2025
2025-02-14,1509.0,9.0,0.0,-18.0,-4.5,-3.3600000000001273,0.0,-13.279999999999973,0.0,0.0,0.0,0.0,20.0,-5.122500000000002,8.798107277515085,-3.3174999999999955,6.356802318326927,-6.438333333333314,15.566650736478676,8.0,5.2937062937060135,-2.8367346938776024,inf,0.8,1.654867256637179,-901.0000000008185,2,14,2025
2025-02-21,1499.52,-8.519999999999982,9.0,0.0,0.38000000000010914,1.4300000000000637,-52.799999999999955,0.03000000000020009,-4.899999999999864,0.0,0.0,0.0,0.0,-2.0,11.401754250991262,-1.7724999999999795,7.704222868012114,-5.69083333333333,16.11132998196845,-0.5266666666666677,0.8933333333333293,-0.35843373493975905,-1.542675159235666,-inf,-0.4156378600823074,-54.249999999991566,2,21,2025
2025-03-07,1510.0,10.200000000000045,0.0,-8.519999999999982,1.0,0.38000000000010914,-3.3600000000001273,-52.799999999999955,0.03000000000020009,-13.279999999999973,-15.799999999999955,0.0,0.0,0.12000000000000455,7.153852109178469,-2.453749999999985,7.952966989028193,-2.0008333333333326,6.610335513879579,0.1333333333333384,-3.9226361031518677,inf,inf,-2.4634146341463423,-205.00000000018645,-0.7043478260869552,3,7,2025
2025-03-14,1546.82,-3.1800000000000637,10.200000000000045,0.0,-18.0,-3.490000000000009,1.4300000000000637,2.0499999999999545,0.0,0.03000000000020009,0.0,-80.0,5.0,2.670000000000016,8.739084620256143,-1.2262499999999932,9.124386378585417,-1.3216666666666583,7.431981056504351,-0.6267605633802734,-4.180000000000064,-0.939772727272726,-inf,-inf,-0.2901785714285601,-1.2120000000000042,3,14,2025
2025-03-21,1545.0,26.0,-3.1800000000000637,10.200000000000045,0.0,1.0,-4.5,-3.3600000000001273,-52.799999999999955,0.0,15.700000000000045,-6.970000000000027,0.0,-0.375,7.877823303425741,-1.1875,9.11405155319447,-1.306666666666653,7.427673480527426,inf,-2.4444444444444446,11.682926829268574,inf,inf,1.201524132091437,3.459691252144138,3,21,2025
2025-03-28,1534.73,1.0899999999999181,26.0,-3.1800000000000637,9.0,-18.0,0.38000000000010914,1.4300000000000637,2.0499999999999545,-52.799999999999955,-25.0,0.0,-80.0,8.254999999999995,13.134842975840938,1.9375,13.297215336839761,0.7408333333333417,10.849094187855808,-0.8931372549019693,inf,-1.3244047619047252,inf,inf,-0.9807895664434275,-1.181666666666653,3,28,2025
2025-04-04,1529.37,-3.630000000000109,1.0899999999999181,26.0,-8.519999999999982,0.0,-3.490000000000009,-4.5,-3.3600000000001273,2.0499999999999545,0.0,0.0,-6.970000000000027,8.527499999999975,12.915978153692622,4.32374999999999,10.659485296472583,1.206666666666668,10.722884901278086,0.14150943396227555,-1.4033333333333455,-3.538461538461502,-0.2591836734693449,-inf,-1.1228010825439823,2.630000000000109,4,4,2025
2025-04-11,1597.13,10.010000000000218,-3.630000000000109,1.0899999999999181,0.0,9.0,1.0,0.38000000000010914,1.4300000000000637,-3.3600000000001273,0.0,0.0,0.0,5.069999999999936,14.114505540990987,3.869999999999976,10.94331237397009,0.8724999999999833,10.81309317868417,-0.6149999999999916,-2.1748826291080094,-3.224444444444493,-1.753765060240982,-1.633544303797484,-1.4265019173412956,-1.6668887408394553,4,11,2025
2025-04-18,1600.5,-0.2699999999999818,10.010000000000218,-3.630000000000109,10.200000000000045,-8.519999999999982,-18.0,-3.490000000000009,-4.5,1.4300000000000637,0.0,0.0,0.0,8.367500000000007,13.044856904798369,3.9962500000000034,11.016531652151627,1.9975000000000023,11.01828160583364,-1.2477064220183505,-inf,-1.7105263157892217,-9.999999999939368,-inf,-inf,-1.9642857142857433,4,18,2025
2025-04-25,1607.66,-0.7799999999999727,-0.2699999999999818,10.010000000000218,-3.1800000000000637,0.0,0.0,1.0,0.38000000000010914,-4.5,0.0,-15.799999999999955,0.0,1.8000000000000114,5.821740862204846,5.027500000000003,10.018442636315507,1.8916666666666704,11.034820782276759,-0.7851239669421628,-1.0764705882352912,-0.7765042979942778,-inf,-1.0496815286624186,-0.9890985324947593,-0.9294117647058845,4,25,2025
2025-05-02,1603.58,-2.0399999999999636,-0.7799999999999727,-0.2699999999999818,26.0,10.200000000000045,9.0,-18.0,-3.490000000000009,0.38000000000010914,-4.899999999999864,0.0,0.0,1.3325000000000387,5.970931669345991,4.930000000000007,10.077978822306518,3.326666666666673,9.17599965654789,-1.2037962037961958,-0.3584905660377601,-3.0399999999999636,-0.961363636363637,-0.9184000000000014,-1.4857142857142982,-inf,5,2,2025
2025-05-09,1607.22,-2.9300000000000637,-2.0399999999999636,-0.7799999999999727,1.0899999999999181,-3.1800000000000637,-8.519999999999982,0.0,1.0,-3.490000000000009,-13.279999999999973,15.700000000000045,-15.799999999999955,1.730000000000075,5.56990125585709,3.4000000000000057,10.092715902358279,3.1566666666666756,9.261730972450986,9.85185185185282,-1.11269230769231,-0.8372222222222186,-2.4292682926829894,-inf,-1.1522869022869056,-0.8639740018570077,5,9,2025
2025-05-16,1601.68,1.5,-2.9300000000000637,-2.0399999999999636,-3.630000000000109,26.0,0.0,9.0,-18.0,1.0,0.03000000000020009,-25.0,0.0,-1.5049999999999955,1.2066068125107552,3.4312500000000057,10.069792787625557,2.1625000000000036,9.217664982373252,-2.9230769230769904,0.3761467889909291,inf,-1.4464285714285545,inf,-0.9604743083003953,-0.9098015634395671,5,16,2025
2025-05-23,1588.62,-1.400000000000091,1.5,-2.9300000000000637,10.010000000000218,1.0899999999999181,10.200000000000045,-8.519999999999982,0.0,-18.0,0.0,0.0,15.700000000000045,-1.0625,1.922608904587035,0.3687500000000057,4.2954309196768286,2.9975000000000023,8.594793482102835,-0.3137254901960216,-0.61432506887051,-1.1555555555555657,-1.9790209790209992,-inf,-0.9875144921073745,-0.915048543689315,5,23,2025
2025-05-30,1587.95,-1.8599999999999,-1.400000000000091,1.5,-0.2699999999999818,-3.630000000000109,-3.1800000000000637,0.0,9.0,0.0,-52.799999999999955,0.0,-25.0,-1.2175000000000296,1.917226729766381,0.05750000000000455,4.325808760055503,2.880833333333328,8.648514805059351,-0.36518771331062816,-1.1858141858141718,-0.7816901408450817,-0.5866666666666889,-inf,-0.9823696682464464,-1.4161073825503108,5,30,2025
2025-06-06,1558.16,-0.6899999999998272,-1.8599999999999,-1.400000000000091,-0.7799999999999727,10.010000000000218,26.0,10.200000000000045,-8.519999999999982,9.0,2.0499999999999545,0.0,0.0,-1.1725000000000136,1.893451434109328,0.2787500000000307,4.1520371506046665,1.8758333333333326,8.418323584282936,-1.4599999999998847,1.5555555555550877,-inf,-2.8157894736832345,-0.8591836734694192,-0.9928252053655005,-0.9547837483617413,6,6,2025
2025-06-13,1544.88,4.5,-0.6899999999998272,-1.8599999999999,-2.0399999999999636,-0.2699999999999818,1.0899999999999181,-3.1800000000000637,0.0,-8.519999999999982,-3.3600000000001273,0.0,0.0,-0.6124999999999545,1.4882960055033612,-1.058749999999975,1.3419541987077297,2.083333333333352,8.312396365268594,-4.214285714285506,-6.769230769230971,-0.5588235294117667,-2.289398280802289,-1.3388554216867476,-1.0309214594928882,inf,6,13,2025
2025-06-20,1548.61,-0.19000000000005457,4.5,-0.6899999999998272,-2.9300000000000637,-0.7799999999999727,-3.630000000000109,26.0,10.200000000000045,0.0,1.4300000000000637,-4.899999999999864,0.0,0.13750000000004547,2.94788483492778,-0.46249999999997726,2.3916327357806932,0.2916666666666856,3.7582366109971987,-0.8978494623655565,-0.9068627450980108,-0.940251572327028,-1.1900000000000546,-7.333333333292911,-1.0036252623545134,-0.9802083333333277,6,20,2025
2025-06-27,1542.47,-0.20000000000004547,-0.19000000000005457,4.5,1.5,-2.0399999999999636,10.010000000000218,1.0899999999999181,-3.1800000000000637,10.200000000000045,-4.5,-13.279999999999973,0.0,0.44000000000005457,2.7956752314954367,-0.3887499999999875,2.3895393309770845,0.18500000000002123,3.751677200690263,-0.7101449275360934,-0.931740614334457,-1.0076923076923094,-0.9888888888888864,-inf,-1.0068728522336785,-1.0200000000000045,6,27,2025
2025-07-04,1530.2,-2.5399999999999636,-0.20000000000004547,-0.19000000000005457,-1.400000000000091,-2.9300000000000637,-0.2699999999999818,-3.630000000000109,26.0,-3.1800000000000637,0.38000000000010914,0.03000000000020009,-4.899999999999864,0.8550000000000182,2.4411814079793195,-0.15874999999999773,2.294561504950502,0.47083333333335986,3.560381640251455,-1.5644444444444363,-2.6933333333333094,-3.3302752293579396,-inf,-0.9518939393939401,-1.2362790697674384,-2.682119205297999,7,4,2025
2025-07-11,1531.04,0.6399999999998727,-2.5399999999999636,-0.20000000000004547,-1.8599999999999,1.5,-0.7799999999999727,10.010000000000218,1.0899999999999181,26.0,-3.490000000000009,0.0,-13.279999999999973,0.3924999999999841,2.9530478605440784,-0.10999999999998522,2.2305220401128536,-0.5749999999999886,2.0087015254085614,-4.368421052629941,-1.4571428571427365,-1.1763085399448632,-0.9288888888889031,-0.6878048780488357,-1.0120754716981109,-0.9932794287514453,7,11,2025
2025-07-18,1531.93,4.420000000000073,0.6399999999998727,-2.5399999999999636,-0.6899999999998272,-1.400000000000091,-2.0399999999999636,-0.2699999999999818,-3.630000000000109,1.0899999999999181,1.0,-52.799999999999955,0.03000000000020009,-0.5725000000000477,1.369461573026834,-0.21750000000000114,2.161499149069733,-0.4991666666666674,2.0382231938322213,-23.09999999999534,-3.3763440860216725,-0.5584415584415607,-1.5187793427230143,-2.3154761904761623,-0.3685714285714182,-1.3622950819672177,7,18,2025
2025-07-25,1532.66,0.4600000000000364,4.420000000000073,0.6399999999998727,4.5,-1.8599999999999,-2.9300000000000637,-0.7799999999999727,10.010000000000218,-3.630000000000109,-18.0,2.0499999999999545,0.0,0.5799999999999841,2.892058090702443,0.5100000000000193,2.634350014709633,-0.0658333333333303,2.4783405677375856,-1.1811023622047414,-1.6666666666668863,-2.7037037037039533,inf,-0.6783216783216672,-0.9984022229940951,-0.9761286974571854,7,25,2025
2025-08-01,1532.97,2.0699999999999363,0.4600000000000364,4.420000000000073,-0.19000000000005457,-0.6899999999998272,1.5,-2.0399999999999636,-0.2699999999999818,10.010000000000218,0.0,-3.3600000000001273,-52.799999999999955,0.7450000000000045,2.8512628780940967,0.8000000000000114,2.457972451316181,0.14250000000000304,2.401178214581066,2.234375000000544,-0.5400000000000141,-3.653846153846165,-0.7970588235294189,-1.4599999999999858,-1.0413999999999988,inf,8,1,2025
2025-08-08,1532.71,-1.759999999999991,2.0699999999999363,0.4600000000000364,-0.20000000000004547,4.5,-1.400000000000091,-2.9300000000000637,-0.7799999999999727,-0.2699999999999818,9.0,1.4300000000000637,2.0499999999999545,1.8974999999999795,1.8294329722614986,1.1449999999999818,2.4122307399703526,0.5591666666666697,2.248512471241857,-1.3981900452488603,8.263157894734134,-0.1372549019607734,-0.44654088050315854,-5.631578947367067,-0.9120000000000005,-1.1385826771653544,8,8,2025
2025-08-15,1529.43,-1.849999999999909,-1.759999999999991,2.0699999999999363,-2.5399999999999636,-0.19000000000005457,-1.8599999999999,1.5,-2.0399999999999636,-0.7799999999999727,-8.519999999999982,-4.5,-3.3600000000001273,1.2975000000000136,2.607455656381796,0.36249999999998295,2.171784980148986,0.2875000000000038,2.320298276279566,-5.021739130434267,8.249999999997442,-0.36860068259390144,-1.0711538461538426,-0.46991404011464066,-1.0924999999999954,-17.818181818178907,8,15,2025
2025-08-22,1535.55,-1.2100000000000364,-1.849999999999909,-1.759999999999991,0.6399999999998727,-0.20000000000004547,-0.6899999999998272,-1.400000000000091,-2.9300000000000637,-2.0399999999999636,0.0,0.38000000000010914,1.4300000000000637,-0.2699999999999818,1.8907670401181436,0.15500000000000114,2.3071937190326093,0.25000000000001893,2.353450078655599,-1.5845410628019678,-0.5236220472440734,-1.806666666666691,-2.1100917431193826,-2.2100000000000364,-inf,-0.3949999999999818,8,22,2025
2025-08-29,1536.95,3.0699999999999363,-1.2100000000000364,-1.849999999999909,4.420000000000073,-2.5399999999999636,4.5,-1.8599999999999,1.5,-2.9300000000000637,10.200000000000045,-3.490000000000009,-4.5,-0.6875,1.8599708779074442,0.028750000000002274,2.356501265496454,0.30416666666667425,2.3075034062149915,-2.7443181818181546,3.7968750000008553,-3.1928571428569548,-1.8457300275481665,-1.170555555555552,inf,-1.3069999999999937,8,29,2025
2025-09-05,1528.3,2.1099999999999,3.0699999999999363,-1.2100000000000364,0.4600000000000364,0.6399999999998727,-0.19000000000005457,-0.6899999999998272,-1.400000000000091,1.5,-3.1800000000000637,1.0,0.38000000000010914,-0.4375,2.3553821346008985,0.7299999999999898,2.3172767268006846,0.6174999999999878,2.413101079146632,-2.1405405405405427,-0.5226244343891708,-2.134408602150545,-0.7892107892108038,inf,inf,-3.1099999999999,9,5,2025
2025-09-12,1499.59,-5.110000000000127,2.1099999999999,3.0699999999999363,2.0699999999999363,4.420000000000073,-0.20000000000004547,4.5,-1.8599999999999,-1.400000000000091,26.0,-18.0,-3.490000000000009,0.5299999999999727,2.424871130595812,0.9137499999999932,2.3668721825590957,0.41833333333331285,2.147543346300422,3.2231404958677468,-12.108695652173312,6.405797101451315,17.92592592592767,-1.567777777777792,-2.0220000000000256,-2.50737463126848,9,12,2025
2025-09-19,1492.81,-2.8500000000001364,-5.110000000000127,2.1099999999999,-1.759999999999991,0.4600000000000364,-2.5399999999999636,-0.19000000000005457,-0.6899999999998272,-1.8599999999999,1.0899999999999181,0.0,1.0,-0.28500000000008185,3.702625194822016,-0.27750000000003183,2.7217050853149485,0.008333333333306806,2.678306226408985,-1.9283387622150474,-2.376811594203007,-1.6333333333333635,2.6538461538464566,-0.6654929577464621,-inf,-0.8045267489711846,9,19,2025
2025-09-26,1486.22,-3.7999999999999545,-2.8500000000001364,-5.110000000000127,-1.849999999999909,2.0699999999999363,0.6399999999998727,-0.20000000000004547,4.5,-0.6899999999998272,-3.630000000000109,9.0,-18.0,-0.6950000000001069,3.9234126301810512,-0.6912500000000534,2.8424860220790897,-0.2125000000000341,2.8033749951858593,-2.800947867298642,1.1590909090908945,18.999999999994017,0.8627450980392266,-inf,-0.9525000000000006,-3.435897435897492,9,26,2025
2025-10-03,1471.17,1.4400000000000546,-3.7999999999999545,-2.8500000000001364,-1.2100000000000364,-1.759999999999991,4.420000000000073,-2.5399999999999636,-0.19000000000005457,4.5,10.010000000000218,-8.519999999999982,0.0,-2.4125000000000796,3.1541546675240673,-1.4250000000000398,2.7849288269952663,-0.31750000000003337,2.919661017060437,-1.281800391389436,-1.7783783783784461,-8.199999999998635,-1.4914675767918169,-0.85882352941176,-1.2065997130559611,-29.800000000027286,10,3,2025
2025-10-10,1462.11,-13.730000000000018,1.4400000000000546,-3.7999999999999545,3.0699999999999363,-1.849999999999909,0.4600000000000364,0.6399999999998727,-0.20000000000004547,-0.19000000000005457,-0.2699999999999818,0.0,9.0,-2.580000000000041,2.835642196516387,-1.025000000000034,2.9545799798183827,-0.2508333333333515,2.9524610946037018,3.8175438596488984,10.347107438016202,4.405511811023707,-10.153333333333345,3.317610062893001,-inf,2.0647321428571344,10,10,2025
2025-10-17,1469.4,0.2699999999999818,-13.730000000000018,1.4400000000000546,2.1099999999999,-1.2100000000000364,2.0699999999999363,4.420000000000073,-2.5399999999999636,-0.20000000000004547,-0.7799999999999727,10.200000000000045,-8.519999999999982,-4.735000000000014,6.4152968234782985,-2.5100000000000477,5.401076612253267,-1.7633333333333592,4.555782206728985,-1.0710526315789435,-0.9120521172638477,-0.5781249999999445,-1.1928571428571173,-0.9896153846153853,inf,-0.9771380186282828,10,17,2025
