Date,Price
23/10/2025,"1,461.88"
22/10/2025,"1,463.45"
21/10/2025,"1,465.04"
20/10/2025,"1,465.77"
19/10/2025,"1,468.99"
17/10/2025,"1,469.40"
16/10/2025,"1,469.13"
15/10/2025,"1,468.68"
14/10/2025,"1,458.35"
13/10/2025,"1,460.19"
10/10/2025,"1,462.11"
09/10/2025,"1,475.84"
08/10/2025,"1,473.00"
07/10/2025,"1,470.78"
06/10/2025,"1,471.20"
03/10/2025,"1,471.17"
02/10/2025,"1,469.73"
01/10/2025,"1,483.20"
30/09/2025,"1,483.18"
29/09/2025,"1,485.68"
26/09/2025,"1,486.22"
25/09/2025,"1,490.02"
24/09/2025,"1,491.88"
23/09/2025,"1,490.35"
22/09/2025,"1,493.28"
19/09/2025,"1,492.81"
18/09/2025,"1,495.66"
17/09/2025,"1,495.51"
16/09/2025,"1,495.25"
15/09/2025,"1,498.10"
12/09/2025,"1,499.59"
11/09/2025,"1,504.70"
10/09/2025,"1,503.63"
09/09/2025,"1,506.18"
08/09/2025,"1,506.49"
05/09/2025,"1,528.30"
04/09/2025,"1,526.19"
03/09/2025,"1,539.51"
02/09/2025,"1,539.00"
01/09/2025,"1,529.68"
29/08/2025,"1,536.95"
28/08/2025,"1,533.88"
27/08/2025,"1,536.27"
26/08/2025,"1,536.96"
25/08/2025,"1,536.56"
22/08/2025,"1,535.55"
21/08/2025,"1,536.76"
20/08/2025,"1,536.81"
19/08/2025,"1,533.01"
18/08/2025,"1,534.26"
15/08/2025,"1,529.43"
14/08/2025,"1,531.28"
13/08/2025,"1,531.80"
12/08/2025,"1,536.21"
11/08/2025,"1,536.13"
08/08/2025,"1,532.71"
07/08/2025,"1,534.47"
06/08/2025,"1,531.20"
05/08/2025,"1,526.32"
04/08/2025,"1,525.60"
01/08/2025,"1,532.97"
31/07/2025,"1,530.90"
30/07/2025,"1,530.35"
29/07/2025,"1,533.00"
28/07/2025,"1,530.77"
25/07/2025,"1,532.66"
24/07/2025,"1,532.20"
23/07/2025,"1,533.17"
22/07/2025,"1,531.59"
21/07/2025,"1,529.97"
18/07/2025,"1,531.93"
17/07/2025,"1,527.51"
16/07/2025,"1,530.20"
15/07/2025,"1,528.22"
14/07/2025,"1,528.86"
11/07/2025,"1,531.04"
10/07/2025,"1,530.40"
09/07/2025,"1,532.32"
08/07/2025,"1,533.06"
07/07/2025,"1,533.85"
04/07/2025,"1,530.20"
03/07/2025,"1,532.74"
02/07/2025,"1,531.99"
01/07/2025,"1,534.08"
30/06/2025,"1,536.38"
27/06/2025,"1,542.47"
26/06/2025,"1,542.67"
25/06/2025,"1,549.88"
24/06/2025,"1,548.91"
23/06/2025,"1,550.02"
20/06/2025,"1,548.61"
19/06/2025,"1,548.80"
18/06/2025,"1,546.94"
17/06/2025,"1,545.15"
16/06/2025,"1,543.49"
13/06/2025,"1,544.88"
12/06/2025,"1,540.38"
11/06/2025,"1,543.10"
10/06/2025,"1,544.19"
09/06/2025,"1,558.12"
06/06/2025,"1,558.16"
05/06/2025,"1,558.85"
04/06/2025,"1,577.38"
03/06/2025,"1,581.24"
02/06/2025,"1,584.21"
30/05/2025,"1,587.95"
29/05/2025,"1,589.81"
28/05/2025,"1,587.47"
27/05/2025,"1,586.44"
26/05/2025,"1,583.35"
23/05/2025,"1,588.62"
22/05/2025,"1,590.02"
21/05/2025,"1,587.86"
20/05/2025,"1,596.26"
19/05/2025,"1,599.95"
16/05/2025,"1,601.68"
15/05/2025,"1,600.18"
14/05/2025,"1,600.84"
13/05/2025,"1,601.88"
12/05/2025,"1,603.31"
09/05/2025,"1,607.22"
08/05/2025,"1,610.15"
07/05/2025,"1,607.49"
06/05/2025,"1,606.74"
05/05/2025,"1,607.08"
02/05/2025,"1,603.58"
01/05/2025,"1,605.62"
30/04/2025,"1,602.39"
29/04/2025,"1,603.54"
28/04/2025,"1,603.95"
25/04/2025,"1,607.66"
24/04/2025,"1,608.44"
23/04/2025,"1,607.30"
22/04/2025,"1,604.14"
21/04/2025,"1,600.71"
18/04/2025,"1,600.50"
17/04/2025,"1,600.77"
16/04/2025,"1,597.29"
15/04/2025,"1,602.82"
14/04/2025,"1,598.38"
11/04/2025,"1,597.13"
10/04/2025,"1,587.12"
09/04/2025,"1,567.63"
08/04/2025,"1,547.08"
07/04/2025,"1,581.82"
04/04/2025,"1,529.37"
03/04/2025,"1,533.00"
02/04/2025,"1,533.39"
01/04/2025,"1,535.92"
31/03/2025,"1,534.83"
28/03/2025,"1,534.73"
27/03/2025,"1,533.64"
26/03/2025,"1,532.71"
25/03/2025,"1,524.00"
24/03/2025,"1,519.00"
21/03/2025,"1,545.00"
20/03/2025,"1,519.00"
19/03/2025,"1,519.00"
18/03/2025,"1,527.03"
17/03/2025,"1,545.00"
14/03/2025,"1,546.82"
13/03/2025,"1,550.00"
12/03/2025,"1,531.00"
11/03/2025,"1,528.00"
10/03/2025,"1,534.00"
07/03/2025,"1,510.00"
06/03/2025,"1,499.80"
05/03/2025,"1,490.67"
04/03/2025,"1,497.00"
03/03/2025,"1,498.00"
28/02/2025,"1,498.00"
27/02/2025,"1,498.00"
26/02/2025,"1,494.91"
25/02/2025,"1,496.11"
24/02/2025,"1,499.73"
21/02/2025,"1,499.52"
20/02/2025,"1,508.04"
19/02/2025,"1,503.00"
18/02/2025,"1,504.00"
17/02/2025,"1,510.00"
14/02/2025,"1,509.00"
13/02/2025,"1,500.00"
12/02/2025,"1,498.78"
11/02/2025,"1,498.78"
10/02/2025,"1,496.41"
07/02/2025,"1,496.41"
06/02/2025,"1,496.41"
05/02/2025,"1,496.41"
04/02/2025,"1,487.99"
03/02/2025,"1,477.22"
31/01/2025,"1,480.00"
30/01/2025,"1,498.00"
29/01/2025,"1,549.48"
28/01/2025,"1,549.48"
27/01/2025,"1,549.48"
24/01/2025,"1,548.00"
23/01/2025,"1,547.00"
22/01/2025,"1,547.00"
21/01/2025,"1,545.00"
20/01/2025,"1,544.11"
17/01/2025,"1,546.71"
16/01/2025,"1,550.20"
15/01/2025,"1,545.00"
14/01/2025,"1,543.57"
13/01/2025,"1,539.33"
10/01/2025,"1,541.67"
09/01/2025,"1,541.29"
08/01/2025,"1,533.83"
07/01/2025,"1,528.80"
06/01/2025,"1,532.50"
03/01/2025,"1,533.50"
02/01/2025,"1,538.00"
01/01/2025,"1,537.57"
31/12/2024,"1,534.00"
30/12/2024,"1,534.00"
27/12/2024,"1,539.00"
26/12/2024,"1,537.57"
25/12/2024,"1,535.72"
24/12/2024,"1,538.07"
23/12/2024,"1,538.07"
20/12/2024,"1,538.07"
19/12/2024,"1,541.43"
18/12/2024,"1,545.45"
17/12/2024,"1,546.75"
16/12/2024,"1,532.27"
13/12/2024,"1,539.50"
12/12/2024,"1,537.45"
11/12/2024,"1,539.29"
10/12/2024,"1,537.50"
09/12/2024,"1,532.47"
06/12/2024,"1,542.50"
05/12/2024,"1,595.30"
04/12/2024,"1,618.62"
03/12/2024,"1,648.36"
02/12/2024,"1,660.92"
29/11/2024,"1,670.89"
28/11/2024,"1,670.89"
27/11/2024,"1,677.66"
26/11/2024,"1,677.53"
25/11/2024,"1,669.26"
22/11/2024,"1,681.39"
21/11/2024,"1,681.36"
20/11/2024,"1,669.07"
19/11/2024,"1,666.69"
18/11/2024,"1,664.95"
15/11/2024,"1,654.63"
14/11/2024,"1,667.91"
13/11/2024,"1,667.91"
12/11/2024,"1,663.35"
11/11/2024,"1,661.15"
08/11/2024,"1,661.15"
07/11/2024,"1,666.05"
06/11/2024,"1,659.80"
05/11/2024,"1,649.51"
04/11/2024,"1,643.26"
01/11/2024,"1,643.26"
31/10/2024,"1,643.26"
30/10/2024,"1,643.26"
29/10/2024,"1,643.26"
28/10/2024,"1,643.26"
25/10/2024,"1,643.26"
24/10/2024,"1,643.26"
23/10/2024,"1,643.26"
22/10/2024,"1,643.26"
21/10/2024,"1,643.26"
18/10/2024,"1,635.00"
17/10/2024,"1,635.00"
16/10/2024,"1,635.00"
15/10/2024,"1,635.00"
14/10/2024,"1,635.00"
11/10/2024,"1,620.00"
10/10/2024,"1,620.00"
09/10/2024,"1,620.00"
08/10/2024,"1,620.00"
07/10/2024,"1,620.00"
04/10/2024,"1,620.00"
03/10/2024,"1,645.00"
02/10/2024,"1,668.97"
01/10/2024,"1,668.97"
30/09/2024,"1,668.97"
27/09/2024,"1,668.97"
26/09/2024,"1,653.27"
25/09/2024,"1,653.27"
24/09/2024,"1,596.98"
23/09/2024,"1,639.20"
20/09/2024,"1,639.20"
19/09/2024,"1,639.20"
18/09/2024,"1,639.20"
17/09/2024,"1,639.20"
16/09/2024,"1,639.20"
13/09/2024,"1,639.20"
12/09/2024,"1,655.00"
11/09/2024,"1,655.00"
10/09/2024,"1,645.00"
09/09/2024,"1,645.00"
06/09/2024,"1,605.00"
05/09/2024,"1,605.00"
04/09/2024,"1,605.00"
03/09/2024,"1,590.00"
02/09/2024,"1,590.00"
30/08/2024,"1,590.00"
29/08/2024,"1,590.00"
28/08/2024,"1,590.00"
27/08/2024,"1,590.00"
26/08/2024,"1,590.00"
23/08/2024,"1,575.00"
22/08/2024,"1,575.00"
21/08/2024,"1,575.00"
20/08/2024,"1,575.00"
19/08/2024,"1,590.00"
16/08/2024,"1,590.00"
15/08/2024,"1,590.00"
14/08/2024,"1,590.00"
13/08/2024,"1,590.00"
12/08/2024,"1,590.00"
09/08/2024,"1,583.03"
08/08/2024,"1,590.00"
07/08/2024,"1,555.00"
06/08/2024,"1,580.00"
05/08/2024,"1,580.00"
02/08/2024,"1,580.00"
01/08/2024,"1,660.00"
31/07/2024,"1,660.00"
30/07/2024,"1,660.00"
29/07/2024,"1,620.00"
26/07/2024,"1,620.00"
25/07/2024,"1,620.00"
24/07/2024,"1,620.00"
23/07/2024,"1,625.00"
22/07/2024,"1,625.00"
19/07/2024,"1,625.00"
18/07/2024,"1,620.00"
17/07/2024,"1,595.00"
16/07/2024,"1,595.00"
15/07/2024,"1,600.00"
12/07/2024,"1,600.00"
11/07/2024,"1,600.00"
10/07/2024,"1,590.00"
09/07/2024,"1,535.00"
08/07/2024,"1,535.00"
05/07/2024,"1,535.00"
04/07/2024,"1,535.00"
03/07/2024,"1,535.00"
02/07/2024,"1,535.00"
01/07/2024,"1,525.00"
28/06/2024,"1,525.00"
27/06/2024,"1,525.00"
26/06/2024,"1,525.00"
25/06/2024,"1,525.00"
24/06/2024,"1,515.00"
21/06/2024,"1,515.00"
20/06/2024,"1,495.00"
19/06/2024,"1,495.00"
18/06/2024,"1,495.00"
17/06/2024,"1,481.64"
14/06/2024,"1,505.00"
13/06/2024,"1,525.00"
12/06/2024,"1,525.00"
11/06/2024,"1,525.00"
10/06/2024,"1,510.00"
07/06/2024,"1,450.00"
06/06/2024,"1,500.00"
05/06/2024,"1,500.00"
04/06/2024,"1,500.00"
03/06/2024,"1,482.00"
31/05/2024,"1,484.00"
30/05/2024,"1,196.10"
29/05/2024,"1,320.00"
28/05/2024,"1,301.00"
27/05/2024,"1,474.00"
24/05/2024,"1,474.00"
23/05/2024,"1,467.00"
22/05/2024,"1,440.00"
21/05/2024,"1,415.00"
20/05/2024,"1,529.85"
17/05/2024,"1,467.00"
16/05/2024,"1,520.00"
15/05/2024,"1,519.00"
14/05/2024,"1,498.00"
13/05/2024,"1,419.90"
10/05/2024,"1,439.80"
09/05/2024,"1,429.05"
08/05/2024,"1,404.80"
07/05/2024,"1,384.00"
06/05/2024,"1,380.00"
03/05/2024,"1,379.00"
02/05/2024,"1,349.90"
01/05/2024,"1,389.00"
30/04/2024,"1,389.00"
29/04/2024,"1,355.00"
26/04/2024,"1,329.44"
25/04/2024,"1,277.03"
24/04/2024,"1,251.05"
23/04/2024,"1,230.00"
22/04/2024,"1,230.00"
19/04/2024,"1,002.00"
18/04/2024,"1,147.53"
17/04/2024,"1,160.71"
16/04/2024,"1,138.00"
15/04/2024,"1,150.00"
12/04/2024,"1,150.00"
11/04/2024,"1,246.17"
10/04/2024,"1,230.00"
09/04/2024,"1,246.17"
08/04/2024,"1,230.00"
05/04/2024,"1,244.50"
04/04/2024,"1,350.00"
03/04/2024,"1,350.00"
02/04/2024,"1,280.00"
01/04/2024,"1,303.34"
29/03/2024,"1,303.00"
28/03/2024,"1,415.13"
27/03/2024,"1,415.13"
26/03/2024,"1,404.00"
25/03/2024,"1,447.89"
22/03/2024,"1,447.89"
21/03/2024,"1,409.94"
20/03/2024,"1,561.19"
19/03/2024,"1,476.25"
18/03/2024,"1,572.01"
15/03/2024,"1,609.74"
14/03/2024,"1,590.50"
13/03/2024,"1,592.91"
12/03/2024,"1,611.78"
11/03/2024,"1,624.23"
08/03/2024,"1,593.34"
07/03/2024,"1,589.14"
06/03/2024,"1,590.17"
05/03/2024,"1,560.01"
04/03/2024,"1,543.58"
01/03/2024,"1,545.00"
29/02/2024,"1,616.55"
28/02/2024,"1,629.66"
27/02/2024,"1,578.08"
26/02/2024,"1,505.85"
23/02/2024,"1,488.40"
22/02/2024,"1,488.40"
21/02/2024,"1,605.00"
20/02/2024,"1,605.00"
19/02/2024,"1,492.73"
16/02/2024,"1,492.73"
15/02/2024,"1,516.20"
14/02/2024,"1,514.59"
13/02/2024,"1,514.59"
12/02/2024,"1,500.00"
09/02/2024,"1,473.62"
08/02/2024,"1,444.06"
07/02/2024,"1,417.13"
06/02/2024,"1,407.00"
05/02/2024,"1,420.02"
02/02/2024,"1,413.12"
01/02/2024,"1,356.38"
31/01/2024,"1,191.94"
30/01/2024,"1,100.00"
29/01/2024,891.05
26/01/2024,898.2
25/01/2024,886.39
24/01/2024,899.27
23/01/2024,913.56
22/01/2024,890.01
19/01/2024,890.04
18/01/2024,894.52
17/01/2024,858
16/01/2024,852.77
15/01/2024,864.99
12/01/2024,957
11/01/2024,957.05
10/01/2024,950.49
09/01/2024,913
08/01/2024,913
05/01/2024,913
04/01/2024,911.44
03/01/2024,890.9
02/01/2024,883
01/01/2024,881.03
29/12/2023,881.03
28/12/2023,895.61
27/12/2023,884
26/12/2023,904.1
25/12/2023,905.39
22/12/2023,905.39
21/12/2023,902
20/12/2023,824
19/12/2023,824
18/12/2023,789
15/12/2023,789
14/12/2023,790
13/12/2023,802
12/12/2023,801.45
11/12/2023,790
08/12/2023,790
07/12/2023,800
06/12/2023,801
05/12/2023,801
04/12/2023,798
01/12/2023,788
30/11/2023,790
29/11/2023,793
28/11/2023,789
27/11/2023,799
24/11/2023,804
23/11/2023,803.89
22/11/2023,803.89
21/11/2023,816.1
20/11/2023,819.68
17/11/2023,839.54
16/11/2023,826.84
15/11/2023,843.08
14/11/2023,844.94
13/11/2023,802
10/11/2023,802
09/11/2023,802
08/11/2023,802.8
07/11/2023,786.09
06/11/2023,799.2
03/11/2023,806.27
02/11/2023,787
01/11/2023,787
31/10/2023,785
30/10/2023,785.98
27/10/2023,790
26/10/2023,802.2
25/10/2023,794.93
24/10/2023,794.93
23/10/2023,883
20/10/2023,859.23
19/10/2023,764
18/10/2023,774.44
17/10/2023,764.24
16/10/2023,764.93
13/10/2023,769.51
12/10/2023,768
11/10/2023,759.49
10/10/2023,763.03
09/10/2023,758.71
06/10/2023,771.54
05/10/2023,761.54
04/10/2023,746.61
03/10/2023,766.45
02/10/2023,766.47
29/09/2023,768
28/09/2023,777.6
27/09/2023,777.6
26/09/2023,779.05
25/09/2023,779.05
22/09/2023,767.43
21/09/2023,767.43
20/09/2023,770.27
19/09/2023,775.33
18/09/2023,759.93
15/09/2023,767.74
14/09/2023,783
13/09/2023,746.18
12/09/2023,770.33
11/09/2023,737.54
08/09/2023,789
07/09/2023,784.53
06/09/2023,753
05/09/2023,760.53
04/09/2023,756.52
01/09/2023,756.52
31/08/2023,773
30/08/2023,773
29/08/2023,771.97
28/08/2023,773.9
25/08/2023,770.84
24/08/2023,754.21
23/08/2023,755.27
22/08/2023,760.79
21/08/2023,743.64
18/08/2023,744.93
17/08/2023,766.47
16/08/2023,784.39
15/08/2023,759
14/08/2023,766
11/08/2023,767.77
10/08/2023,767.77
09/08/2023,767.77
08/08/2023,761.44
07/08/2023,749.62
04/08/2023,765.95
03/08/2023,777
02/08/2023,777
01/08/2023,757.02
31/07/2023,758.9
28/07/2023,774.28
27/07/2023,774
26/07/2023,787.92
25/07/2023,791.82
24/07/2023,791.82
21/07/2023,774.5
20/07/2023,789.51
19/07/2023,781.31
18/07/2023,788
17/07/2023,774.67
14/07/2023,775
13/07/2023,776
12/07/2023,775
11/07/2023,779
10/07/2023,789
07/07/2023,768
06/07/2023,774
05/07/2023,772
04/07/2023,769.88
03/07/2023,769.88
30/06/2023,758.77
29/06/2023,752.94
28/06/2023,752.95
27/06/2023,763.05
26/06/2023,742.25
23/06/2023,760
22/06/2023,745
21/06/2023,745
20/06/2023,689
19/06/2023,686.96
16/06/2023,655
15/06/2023,620.5
14/06/2023,620.2
13/06/2023,462.38
12/06/2023,461.9
09/06/2023,461.9
08/06/2023,461.67
07/06/2023,461.18
06/06/2023,461.18
05/06/2023,461.05
02/06/2023,460.92
01/06/2023,460.76
31/05/2023,460.6
30/05/2023,460.45
29/05/2023,460.25
26/05/2023,460.3
25/05/2023,460.31
24/05/2023,460.28
23/05/2023,460.28
22/05/2023,460.31
19/05/2023,460.34
18/05/2023,460.36
17/05/2023,460.2
16/05/2023,460.07
15/05/2023,460.03
12/05/2023,460.03
11/05/2023,460.07
10/05/2023,460.06
09/05/2023,459.94
08/05/2023,460
05/05/2023,459.87
04/05/2023,459.84
03/05/2023,459.85
02/05/2023,459.81
01/05/2023,459.87
28/04/2023,459.97
27/04/2023,459.97
26/04/2023,459.97
25/04/2023,460.03
24/04/2023,460.03
21/04/2023,460.03
20/04/2023,460.03
19/04/2023,460.03
18/04/2023,459.91
17/04/2023,459.92
14/04/2023,459.93
13/04/2023,459.93
12/04/2023,459.83
11/04/2023,459.83
10/04/2023,459.83
07/04/2023,459.83
06/04/2023,459.83
05/04/2023,459.86
04/04/2023,459.83
03/04/2023,459.83
31/03/2023,459.84
30/03/2023,459.85
29/03/2023,459.82
28/03/2023,459.85
27/03/2023,459.9
24/03/2023,459.98
23/03/2023,459.98
22/03/2023,459.95
21/03/2023,459.92
20/03/2023,459.89
17/03/2023,459.94
16/03/2023,459.94
15/03/2023,460.04
14/03/2023,460.03
13/03/2023,460.02
10/03/2023,460.02
09/03/2023,460.02
08/03/2023,459.99
07/03/2023,459.96
06/03/2023,459.96
03/03/2023,459.96
02/03/2023,459.97
01/03/2023,459.97
28/02/2023,459.97
27/02/2023,459.95
24/02/2023,459.94
23/02/2023,459.94
22/02/2023,459.97
21/02/2023,459.97
20/02/2023,460.05
17/02/2023,460.04
16/02/2023,460.05
15/02/2023,460.06
14/02/2023,460.06
13/02/2023,460.02
10/02/2023,458.99
09/02/2023,459.97
08/02/2023,459.92
07/02/2023,459.92
06/02/2023,459.2
03/02/2023,460.04
02/02/2023,460.04
01/02/2023,460.02
31/01/2023,460.02
30/01/2023,459.91
27/01/2023,459.78
26/01/2023,459.78
25/01/2023,459.47
24/01/2023,459.31
23/01/2023,454.56
20/01/2023,454.56
19/01/2023,453.08
18/01/2023,453.08
17/01/2023,453.08
16/01/2023,452.12
13/01/2023,452.09
12/01/2023,451.63
11/01/2023,451.1
10/01/2023,449.58
09/01/2023,449.55
06/01/2023,449.55
05/01/2023,449.03
04/01/2023,448.51
03/01/2023,448.05
02/01/2023,447.58
30/12/2022,447.58
29/12/2022,447.08
28/12/2022,446.14
27/12/2022,446.13
26/12/2022,446.15
23/12/2022,446.13
22/12/2022,446.13
21/12/2022,445.46
20/12/2022,445.46
19/12/2022,445.46
16/12/2022,444.97
15/12/2022,444.96
14/12/2022,444.96
13/12/2022,444.81
12/12/2022,444.65
09/12/2022,444.47
08/12/2022,444.47
07/12/2022,444.31
06/12/2022,444.31
05/12/2022,444.04
02/12/2022,443.67
01/12/2022,443.45
30/11/2022,443.44
29/11/2022,443.44
28/11/2022,443.37
25/11/2022,442.76
24/11/2022,442.95
23/11/2022,442.8
22/11/2022,442.63
21/11/2022,442.49
18/11/2022,442.16
17/11/2022,441.85
16/11/2022,441.19
15/11/2022,441.19
14/11/2022,440.83
11/11/2022,440.46
10/11/2022,440.13
09/11/2022,439.79
08/11/2022,439.53
07/11/2022,439.26
04/11/2022,438.88
03/11/2022,438.67
02/11/2022,438.37
01/11/2022,438.02
31/10/2022,437.85
28/10/2022,437.5
27/10/2022,437.16
26/10/2022,436.55
25/10/2022,436.68
24/10/2022,436.5
21/10/2022,436.11
20/10/2022,436.11
19/10/2022,435.98
18/10/2022,435.85
17/10/2022,435.06
14/10/2022,434.68
13/10/2022,434.7
12/10/2022,434.27
11/10/2022,433.78
10/10/2022,433.78
07/10/2022,433.22
06/10/2022,432.9
05/10/2022,431.87
04/10/2022,431.87
03/10/2022,431.85
30/09/2022,431.87
29/09/2022,431.54
28/09/2022,430.83
27/09/2022,430.83
26/09/2022,430.48
23/09/2022,430.05
22/09/2022,429.71
21/09/2022,429.37
20/09/2022,429.01
19/09/2022,428.68
16/09/2022,428.38
15/09/2022,428.11
14/09/2022,427.81
13/09/2022,427.51
12/09/2022,427.1
09/09/2022,426.76
08/09/2022,426.43
07/09/2022,425.61
06/09/2022,425.28
05/09/2022,422.92
02/09/2022,422.92
01/09/2022,422.46
31/08/2022,421.38
30/08/2022,422.38
29/08/2022,421.7
26/08/2022,421.7
25/08/2022,421.39
24/08/2022,421.08
23/08/2022,420.71
22/08/2022,420.4
19/08/2022,419.83
18/08/2022,419.83
17/08/2022,419.96
16/08/2022,418.89
15/08/2022,418.89
12/08/2022,418.72
11/08/2022,418.37
10/08/2022,418.19
09/08/2022,417.47
08/08/2022,417.47
05/08/2022,417.07
04/08/2022,416.69
03/08/2022,416.19
02/08/2022,415.9
01/08/2022,415.68
29/07/2022,415.37
28/07/2022,414.96
27/07/2022,415.14
26/07/2022,414.75
25/07/2022,414.75
22/07/2022,414.22
21/07/2022,414.9
20/07/2022,414.9
19/07/2022,414.9
18/07/2022,414.9
15/07/2022,414.9
14/07/2022,414.83
13/07/2022,414.83
12/07/2022,414.82
11/07/2022,414.83
08/07/2022,414.83
07/07/2022,414.76
06/07/2022,414.83
05/07/2022,414.8
04/07/2022,414.77
01/07/2022,414.77
30/06/2022,414.77
29/06/2022,414.6
28/06/2022,414.64
27/06/2022,414.5
24/06/2022,414.49
23/06/2022,414.59
22/06/2022,414.64
21/06/2022,414.75
20/06/2022,414.87
17/06/2022,414.87
16/06/2022,414.79
15/06/2022,414.72
14/06/2022,414.63
13/06/2022,414.63
10/06/2022,414.63
09/06/2022,414.63
08/06/2022,414.63
07/06/2022,414.63
06/06/2022,414.62
03/06/2022,414.62
02/06/2022,414.58
01/06/2022,414.65
31/05/2022,414.7
30/05/2022,414.72
27/05/2022,414.72
26/05/2022,414.72
25/05/2022,414.68
24/05/2022,414.68
23/05/2022,414.58
20/05/2022,414.62
19/05/2022,414.62
18/05/2022,414.68
17/05/2022,414.75
16/05/2022,414.75
13/05/2022,414.76
12/05/2022,414.83
11/05/2022,413.83
10/05/2022,413.83
09/05/2022,414.8
06/05/2022,414.69
05/05/2022,414.62
04/05/2022,414.69
03/05/2022,414.69
02/05/2022,414.69
29/04/2022,414.76
28/04/2022,414.83
27/04/2022,414.92
26/04/2022,414.98
25/04/2022,414.08
22/04/2022,415.08
21/04/2022,415.08
20/04/2022,415
19/04/2022,414
18/04/2022,414
15/04/2022,414.02
14/04/2022,414.03
13/04/2022,414.08
12/04/2022,414.09
11/04/2022,415.12
08/04/2022,415.15
07/04/2022,415.15
06/04/2022,415.22
05/04/2022,415.22
04/04/2022,415.22
01/04/2022,415.22
31/03/2022,415.25
30/03/2022,415.25
29/03/2022,415.25
28/03/2022,415.23
25/03/2022,415.25
24/03/2022,415.25
23/03/2022,415.25
22/03/2022,415.32
21/03/2022,415.39
18/03/2022,415.42
17/03/2022,415.42
16/03/2022,415.42
15/03/2022,415.45
14/03/2022,415.3
11/03/2022,415.34
10/03/2022,415.34
09/03/2022,415.34
08/03/2022,415.34
07/03/2022,415.27
04/03/2022,415.41
03/03/2022,415.46
02/03/2022,415.59
01/03/2022,415.59
28/02/2022,415.52
25/02/2022,415.39
24/02/2022,415.39
23/02/2022,415.39
22/02/2022,415.39
21/02/2022,415.37
18/02/2022,415.37
17/02/2022,415.37
16/02/2022,415.31
15/02/2022,415.31
14/02/2022,415.91
11/02/2022,416.51
10/02/2022,416.37
09/02/2022,416.25
08/02/2022,416.05
07/02/2022,415.88
04/02/2022,415.7
03/02/2022,415.54
02/02/2022,415.33
01/02/2022,414.26
31/01/2022,415.33
28/01/2022,415.16
27/01/2022,414.99
26/01/2022,414.82
25/01/2022,414.62
24/01/2022,414.53
21/01/2022,414.45
20/01/2022,414.45
19/01/2022,414.17
18/01/2022,414
17/01/2022,413.79
14/01/2022,413.79
13/01/2022,413.6
12/01/2022,413.44
11/01/2022,413.1
10/01/2022,413.14
07/01/2022,412.96
06/01/2022,412.79
05/01/2022,412.55
04/01/2022,412.49
03/01/2022,412.49
31/12/2021,411.7
30/12/2021,411
29/12/2021,410.95
28/12/2021,410.95
27/12/2021,410.95
24/12/2021,410.93
23/12/2021,410.93
22/12/2021,410.92
21/12/2021,410.91
20/12/2021,409.91
17/12/2021,409.91
16/12/2021,409.83
15/12/2021,409.73
14/12/2021,409.72
13/12/2021,409.95
10/12/2021,409.72
09/12/2021,409.74
08/12/2021,409.74
07/12/2021,409.74
06/12/2021,409.74
03/12/2021,409.73
02/12/2021,409.7
01/12/2021,409.66
30/11/2021,409.64
29/11/2021,409.64
26/11/2021,409.64
25/11/2021,409.63
24/11/2021,409.63
23/11/2021,409.63
22/11/2021,410.59
19/11/2021,410.59
18/11/2021,410.57
17/11/2021,410.43
16/11/2021,410.43
15/11/2021,410.42
12/11/2021,410.39
11/11/2021,410.37
10/11/2021,410.34
09/11/2021,410.32
08/11/2021,410.29
05/11/2021,410.27
04/11/2021,410.24
03/11/2021,410.21
02/11/2021,410.17
01/11/2021,410.05
29/10/2021,410.06
28/10/2021,410
27/10/2021,410.02
26/10/2021,409.99
25/10/2021,409.96
22/10/2021,409.91
21/10/2021,409.88
20/10/2021,409.82
19/10/2021,409.89
18/10/2021,409.91
15/10/2021,409.91
14/10/2021,409.85
13/10/2021,409.82
12/10/2021,409.87
11/10/2021,409.77
08/10/2021,409.81
07/10/2021,409.81
06/10/2021,409.82
05/10/2021,409.8
04/10/2021,409.8
01/10/2021,409.77
30/09/2021,409.8
29/09/2021,408.76
28/09/2021,408.76
27/09/2021,411
24/09/2021,411
23/09/2021,411
22/09/2021,411
21/09/2021,411
20/09/2021,411
17/09/2021,411
16/09/2021,411
15/09/2021,411
14/09/2021,411
13/09/2021,411
10/09/2021,410.93
09/09/2021,410.9
08/09/2021,410.8
07/09/2021,411
06/09/2021,411.02
03/09/2021,411.02
02/09/2021,411
01/09/2021,411
31/08/2021,411
30/08/2021,411
27/08/2021,411
26/08/2021,411
25/08/2021,411.05
24/08/2021,411
23/08/2021,411.05
20/08/2021,411.2
19/08/2021,411.3
18/08/2021,411.4
17/08/2021,411.2
16/08/2021,411
13/08/2021,411
12/08/2021,411
11/08/2021,411
10/08/2021,411
09/08/2021,411
06/08/2021,411
05/08/2021,411
04/08/2021,411
03/08/2021,411
02/08/2021,411
30/07/2021,411
29/07/2021,411
28/07/2021,411
27/07/2021,411
26/07/2021,411
23/07/2021,411
22/07/2021,411
21/07/2021,411
20/07/2021,411
19/07/2021,411
16/07/2021,411
15/07/2021,411
14/07/2021,411
13/07/2021,411
12/07/2021,411
09/07/2021,411
08/07/2021,411
07/07/2021,411
06/07/2021,411
05/07/2021,411
02/07/2021,411
01/07/2021,411
30/06/2021,411
29/06/2021,411
28/06/2021,411
25/06/2021,411
24/06/2021,411
23/06/2021,411
22/06/2021,410.88
21/06/2021,410.4
18/06/2021,410
17/06/2021,410
16/06/2021,410
15/06/2021,410.48
14/06/2021,410.09
11/06/2021,410.09
10/06/2021,410.04
09/06/2021,410.04
08/06/2021,410.04
07/06/2021,410.05
04/06/2021,410.05
03/06/2021,410.05
02/06/2021,410.05
01/06/2021,410.48
31/05/2021,410.5
28/05/2021,410.5
27/05/2021,410.1
26/05/2021,410.1
25/05/2021,410.1
24/05/2021,410.11
21/05/2021,410.2
20/05/2021,410.3
19/05/2021,410.3
18/05/2021,410.9
17/05/2021,410.9
14/05/2021,410
13/05/2021,380.59
12/05/2021,380.59
11/05/2021,380.59
10/05/2021,380.59
07/05/2021,380.59
06/05/2021,380.59
05/05/2021,380.57
04/05/2021,380.57
03/05/2021,380.57
30/04/2021,380.55
29/04/2021,380.55
28/04/2021,380.55
27/04/2021,380.55
26/04/2021,380.55
23/04/2021,380.55
22/04/2021,380.55
21/04/2021,380.55
20/04/2021,380.55
19/04/2021,380.55
16/04/2021,380.55
15/04/2021,380.55
14/04/2021,380.55
13/04/2021,380.55
12/04/2021,380.55
09/04/2021,380.55
08/04/2021,380.55
07/04/2021,380.55
06/04/2021,380.55
05/04/2021,380.55
02/04/2021,380.55
01/04/2021,380.55
31/03/2021,380.55
30/03/2021,380.55
29/03/2021,380.55
26/03/2021,380.55
25/03/2021,380.55
24/03/2021,380.55
23/03/2021,380.55
22/03/2021,380.55
19/03/2021,380.55
18/03/2021,380.55
17/03/2021,380.55
16/03/2021,380.55
15/03/2021,380.55
12/03/2021,380.55
11/03/2021,380.55
10/03/2021,380.55
09/03/2021,380.55
08/03/2021,380.55
05/03/2021,380.55
04/03/2021,380.55
03/03/2021,380.55
02/03/2021,380.55
01/03/2021,380.55
26/02/2021,380.58
25/02/2021,380.58
24/02/2021,380.6
23/02/2021,380.6
22/02/2021,380.6
19/02/2021,380.6
18/02/2021,380.6
17/02/2021,380.65
16/02/2021,380.65
15/02/2021,380.65
12/02/2021,380.65
11/02/2021,380.7
10/02/2021,380.7
09/02/2021,380.7
08/02/2021,380.7
05/02/2021,380.7
04/02/2021,380.7
03/02/2021,380.7
02/02/2021,380.7
01/02/2021,380.7
29/01/2021,380.7
28/01/2021,380.7
27/01/2021,380.68
26/01/2021,380.7
25/01/2021,380.7
22/01/2021,380.7
21/01/2021,380.7
20/01/2021,380.7
19/01/2021,380.7
18/01/2021,380.7
15/01/2021,380.7
14/01/2021,380.7
13/01/2021,380.7
12/01/2021,380.7
11/01/2021,380.7
08/01/2021,380.7
07/01/2021,380.7
06/01/2021,380.7
05/01/2021,380.7
04/01/2021,380.7
01/01/2021,380.7
31/12/2020,380.7
30/12/2020,380.7
29/12/2020,380.7
28/12/2020,380.7
25/12/2020,380.7
24/12/2020,380.7
23/12/2020,380.7
22/12/2020,380.7
21/12/2020,380.7
18/12/2020,380.7
17/12/2020,380.7
16/12/2020,380.7
15/12/2020,380.7
14/12/2020,380.7
11/12/2020,380.7
10/12/2020,380.7
09/12/2020,380.7
08/12/2020,380.7
07/12/2020,380.7
04/12/2020,380.7
03/12/2020,380.7
02/12/2020,380.7
01/12/2020,380.7
30/11/2020,380.7
27/11/2020,380.7
26/11/2020,380.7
25/11/2020,380.7
24/11/2020,380.7
23/11/2020,380.7
20/11/2020,380.7
19/11/2020,380.7
18/11/2020,380.7
17/11/2020,380.7
16/11/2020,380.7
13/11/2020,380.7
12/11/2020,380.7
11/11/2020,380.7
10/11/2020,380.7
09/11/2020,380.7
06/11/2020,380.7
05/11/2020,380.7
04/11/2020,380.7
03/11/2020,380.7
02/11/2020,380.7
30/10/2020,380.7
29/10/2020,380.7
28/10/2020,380.7
27/10/2020,380.7
26/10/2020,380.7
23/10/2020,380.7
22/10/2020,380.6
21/10/2020,380.6
20/10/2020,380.6
19/10/2020,380.6
16/10/2020,380.6
15/10/2020,380.6
14/10/2020,380.6
13/10/2020,380.6
12/10/2020,380.6
09/10/2020,380.6
08/10/2020,380.6
07/10/2020,380.6
06/10/2020,380.6
05/10/2020,380.6
02/10/2020,380.6
01/10/2020,380.6
30/09/2020,380.6
29/09/2020,380.6
28/09/2020,380.6
25/09/2020,380.6
24/09/2020,380.6
23/09/2020,380.6
22/09/2020,380.6
21/09/2020,380.6
18/09/2020,380.6
17/09/2020,380.7
16/09/2020,380.7
15/09/2020,380.7
14/09/2020,380.7
11/09/2020,380.7
10/09/2020,380.7
09/09/2020,380.7
08/09/2020,380.7
07/09/2020,380.7
04/09/2020,380.7
03/09/2020,380.7
02/09/2020,380.7
01/09/2020,380.7
31/08/2020,380.7
28/08/2020,380.7
27/08/2020,380.7
26/08/2020,380.7
25/08/2020,381
24/08/2020,381
21/08/2020,381
20/08/2020,381
19/08/2020,381
18/08/2020,381
17/08/2020,381
14/08/2020,379
13/08/2020,380.55
12/08/2020,380.5
11/08/2020,380.5
10/08/2020,380.8
07/08/2020,380.75
06/08/2020,380.75
05/08/2020,380.8
04/08/2020,380.5
03/08/2020,380.5
31/07/2020,380.5
30/07/2020,380.5
29/07/2020,380.6
28/07/2020,381
27/07/2020,380.5
24/07/2020,380.5
23/07/2020,381
22/07/2020,380.5
21/07/2020,380
20/07/2020,380.5
17/07/2020,380
16/07/2020,380.5
15/07/2020,380.5
14/07/2020,381
13/07/2020,380.5
10/07/2020,380.5
09/07/2020,380.5
08/07/2020,360
07/07/2020,360
06/07/2020,360
03/07/2020,360
02/07/2020,360
01/07/2020,360
30/06/2020,360
29/06/2020,360
26/06/2020,360
25/06/2020,360
24/06/2020,360
23/06/2020,360
22/06/2020,360
19/06/2020,360
18/06/2020,360
17/06/2020,360
16/06/2020,360
15/06/2020,360
12/06/2020,360
11/06/2020,360
10/06/2020,360
09/06/2020,360
08/06/2020,360
05/06/2020,360
04/06/2020,360
03/06/2020,360
02/06/2020,360
01/06/2020,360
29/05/2020,360
28/05/2020,360
27/05/2020,360
26/05/2020,360
25/05/2020,360
22/05/2020,360
21/05/2020,360
20/05/2020,360
19/05/2020,360
18/05/2020,360
15/05/2020,360
14/05/2020,360
13/05/2020,360
12/05/2020,360
11/05/2020,360
08/05/2020,360
07/05/2020,360
06/05/2020,360
05/05/2020,360
04/05/2020,360
01/05/2020,360
30/04/2020,360
29/04/2020,360
28/04/2020,360
27/04/2020,360
24/04/2020,360
23/04/2020,360
22/04/2020,360
21/04/2020,360
20/04/2020,360
17/04/2020,360
16/04/2020,360
15/04/2020,360
14/04/2020,360
13/04/2020,360
10/04/2020,360
09/04/2020,360
08/04/2020,360
07/04/2020,360
06/04/2020,360
03/04/2020,360
02/04/2020,360
01/04/2020,360
31/03/2020,360
30/03/2020,360
27/03/2020,360
26/03/2020,360
25/03/2020,360
24/03/2020,360
23/03/2020,372
20/03/2020,306
19/03/2020,306
18/03/2020,306
17/03/2020,305.95
16/03/2020,306
13/03/2020,306
12/03/2020,305.95
11/03/2020,305.9
10/03/2020,306
09/03/2020,306
06/03/2020,306
05/03/2020,306
04/03/2020,306
03/03/2020,306
02/03/2020,305.95
28/02/2020,305.9
27/02/2020,305.95
26/02/2020,305.95
25/02/2020,305.92
24/02/2020,306
21/02/2020,306
20/02/2020,306
19/02/2020,305.95
18/02/2020,305.95
17/02/2020,305.95
14/02/2020,305.9
13/02/2020,305.9
12/02/2020,305.9
11/02/2020,305.9
10/02/2020,305.95
07/02/2020,305.95
06/02/2020,305.95
05/02/2020,306
04/02/2020,306
03/02/2020,306
31/01/2020,306
30/01/2020,306
29/01/2020,306
28/01/2020,305.9
27/01/2020,305.92
24/01/2020,305.95
23/01/2020,305.95
22/01/2020,305.95
21/01/2020,305.95
20/01/2020,305.95
17/01/2020,305.88
16/01/2020,305.88
15/01/2020,305.9
14/01/2020,305.9
13/01/2020,305.9
10/01/2020,305.9
09/01/2020,305.9
08/01/2020,306
07/01/2020,306
06/01/2020,305.98
03/01/2020,306
02/01/2020,307
01/01/2020,306
31/12/2019,306
30/12/2019,306
27/12/2019,306
26/12/2019,306
25/12/2019,306
24/12/2019,306
23/12/2019,305.95
20/12/2019,305.9
19/12/2019,305.9
18/12/2019,305.95
17/12/2019,305.9
16/12/2019,305.85
13/12/2019,305.95
12/12/2019,305.9
11/12/2019,305.88
10/12/2019,305.88
09/12/2019,305.9
06/12/2019,305.95
05/12/2019,305.95
04/12/2019,305.95
03/12/2019,305.9
02/12/2019,306
29/11/2019,306
28/11/2019,306
27/11/2019,306
26/11/2019,305.95
25/11/2019,305.95
22/11/2019,305.9
21/11/2019,305.95
20/11/2019,306.95
19/11/2019,306.95
18/11/2019,306.95
15/11/2019,306.95
14/11/2019,306.9
13/11/2019,306.9
12/11/2019,306.9
11/11/2019,306.9
08/11/2019,306.9
07/11/2019,305.95
06/11/2019,305.95
05/11/2019,305.95
04/11/2019,306
01/11/2019,306
31/10/2019,306
30/10/2019,305.98
29/10/2019,306.9
28/10/2019,306.95
25/10/2019,306.95
24/10/2019,306.9
23/10/2019,306.9
22/10/2019,306.9
21/10/2019,306.9
18/10/2019,305.9
17/10/2019,305.9
16/10/2019,305.95
15/10/2019,305.95
14/10/2019,305.95
11/10/2019,305.95
10/10/2019,306
09/10/2019,306
08/10/2019,306
07/10/2019,306
04/10/2019,306
03/10/2019,306
02/10/2019,306
01/10/2019,306
30/09/2019,305.95
27/09/2019,305.9
26/09/2019,305.95
25/09/2019,305.95
24/09/2019,305.9
23/09/2019,305.9
20/09/2019,305.9
19/09/2019,305.9
18/09/2019,305.88
17/09/2019,305.88
16/09/2019,305.9
13/09/2019,305.85
12/09/2019,305.85
11/09/2019,305.8
10/09/2019,305.9
09/09/2019,305.88
06/09/2019,305.9
05/09/2019,305.9
04/09/2019,305.95
03/09/2019,305.92
02/09/2019,306
30/08/2019,306
29/08/2019,306
28/08/2019,306
27/08/2019,306
26/08/2019,305.95
23/08/2019,305.9
22/08/2019,305.95
21/08/2019,305.95
20/08/2019,305.9
19/08/2019,305.88
16/08/2019,305.9
15/08/2019,305.9
14/08/2019,305.9
13/08/2019,305.9
12/08/2019,305.88
09/08/2019,305.9
08/08/2019,305.9
07/08/2019,305.88
06/08/2019,305.88
05/08/2019,305.8
02/08/2019,305.88
01/08/2019,305.8
31/07/2019,305.8
30/07/2019,305.88
29/07/2019,305.88
26/07/2019,305.88
25/07/2019,305.88
24/07/2019,305.88
23/07/2019,305.9
22/07/2019,305.95
19/07/2019,305.95
18/07/2019,305.95
17/07/2019,305.9
16/07/2019,305.95
15/07/2019,306
12/07/2019,306
11/07/2019,306
10/07/2019,306
09/07/2019,306
08/07/2019,305.95
05/07/2019,305.95
04/07/2019,305.95
03/07/2019,305.95
02/07/2019,305.95
01/07/2019,305.9
28/06/2019,305.9
27/06/2019,305.9
26/06/2019,305.9
25/06/2019,305.88
24/06/2019,305.9
21/06/2019,305.92
20/06/2019,305.9
19/06/2019,305.95
18/06/2019,305.95
17/06/2019,306
14/06/2019,306
13/06/2019,306
12/06/2019,306
11/06/2019,307
10/06/2019,305.9
07/06/2019,305.95
06/06/2019,305.9
05/06/2019,305.95
04/06/2019,305.95
03/06/2019,305.92
31/05/2019,305.9
30/05/2019,305.95
29/05/2019,305.95
28/05/2019,305.92
27/05/2019,305.9
24/05/2019,305.9
23/05/2019,305.9
22/05/2019,305.88
21/05/2019,305.9
20/05/2019,305.95
17/05/2019,305.95
16/05/2019,305.95
15/05/2019,305.95
14/05/2019,305.95
13/05/2019,306
10/05/2019,306
09/05/2019,306
08/05/2019,306
07/05/2019,306
06/05/2019,305.95
03/05/2019,305.95
02/05/2019,305.9
01/05/2019,305.92
30/04/2019,305.95
29/04/2019,305.88
26/04/2019,305.88
25/04/2019,305.88
24/04/2019,305.9
23/04/2019,305.95
22/04/2019,305.9
19/04/2019,305.95
18/04/2019,305.9
17/04/2019,305.9
16/04/2019,305.9
15/04/2019,306
12/04/2019,306
11/04/2019,306
10/04/2019,306
09/04/2019,306
08/04/2019,306
05/04/2019,306
04/04/2019,306
03/04/2019,306
02/04/2019,305.95
01/04/2019,305.95
29/03/2019,305.9
28/03/2019,305.95
27/03/2019,305.95
26/03/2019,305.92
25/03/2019,305.88
22/03/2019,305.9
21/03/2019,305.9
20/03/2019,305.9
19/03/2019,305.95
18/03/2019,305.95
15/03/2019,305.95
14/03/2019,305.92
13/03/2019,305.95
12/03/2019,305.95
11/03/2019,305.9
08/03/2019,305.9
07/03/2019,305.88
06/03/2019,305.88
05/03/2019,305.88
04/03/2019,305.8
01/03/2019,305.8
28/02/2019,305.82
27/02/2019,305.8
26/02/2019,305.8
25/02/2019,305.8
22/02/2019,305.8
21/02/2019,305.8
20/02/2019,305.78
19/02/2019,305.78
18/02/2019,305.7
15/02/2019,305.75
14/02/2019,305.7
13/02/2019,305.75
12/02/2019,305.68
11/02/2019,305.7
08/02/2019,305.7
07/02/2019,305.75
06/02/2019,305.7
05/02/2019,305.78
04/02/2019,306.7
01/02/2019,306.7
31/01/2019,306.75
30/01/2019,306.7
29/01/2019,306.7
28/01/2019,306.78
25/01/2019,306.78
24/01/2019,306.8
23/01/2019,306.78
22/01/2019,306.8
21/01/2019,306.85
18/01/2019,306.8
17/01/2019,306.85
16/01/2019,306.85
15/01/2019,306.8
14/01/2019,306.8
11/01/2019,306.88
10/01/2019,306.88
09/01/2019,306.88
08/01/2019,306.88
07/01/2019,306.9
04/01/2019,306.9
03/01/2019,306.98
02/01/2019,307
01/01/2019,307
31/12/2018,307
28/12/2018,307
27/12/2018,306.92
26/12/2018,305.92
25/12/2018,305.95
24/12/2018,305.95
21/12/2018,305.95
20/12/2018,305.95
19/12/2018,305.95
18/12/2018,305.95
17/12/2018,305.88
14/12/2018,305.88
13/12/2018,305.88
12/12/2018,305.9
11/12/2018,305.88
10/12/2018,305.8
07/12/2018,305.8
06/12/2018,305.8
05/12/2018,305.82
04/12/2018,305.8
03/12/2018,305.8
30/11/2018,305.78
29/11/2018,305.78
28/11/2018,305.8
27/11/2018,305.8
26/11/2018,305.75
23/11/2018,305.7
22/11/2018,305.7
21/11/2018,305.7
20/11/2018,305.75
19/11/2018,305.68
16/11/2018,305.7
15/11/2018,305.68
14/11/2018,305.68
13/11/2018,305.68
12/11/2018,305.6
09/11/2018,305.6
08/11/2018,305.6
07/11/2018,305.6
06/11/2018,305.6
05/11/2018,305.58
02/11/2018,305.55
01/11/2018,305.58
31/10/2018,305.55
30/10/2018,305.6
29/10/2018,305.5
26/10/2018,305.5
25/10/2018,305.54
24/10/2018,305.5
23/10/2018,305.5
22/10/2018,305.48
19/10/2018,305.48
18/10/2018,305.45
17/10/2018,305.45
16/10/2018,305.5
15/10/2018,304.4
12/10/2018,304.4
11/10/2018,304.4
10/10/2018,304.45
09/10/2018,305.4
08/10/2018,305.4
05/10/2018,305.35
04/10/2018,305.4
03/10/2018,305.38
02/10/2018,305.3
01/10/2018,305.3
28/09/2018,306.35
27/09/2018,305.3
26/09/2018,305.3
25/09/2018,305.3
24/09/2018,305.28
21/09/2018,305.28
20/09/2018,305.28
19/09/2018,305.28
18/09/2018,305.25
17/09/2018,305.2
14/09/2018,305.22
13/09/2018,305.2
12/09/2018,304.2
11/09/2018,304.22
10/09/2018,305.2
07/09/2018,305.18
06/09/2018,305.18
05/09/2018,305.2
04/09/2018,305.15
03/09/2018,305.15
31/08/2018,305.15
30/08/2018,305.15
29/08/2018,305.15
28/08/2018,305.1
27/08/2018,305.08
24/08/2018,305.1
23/08/2018,305.1
22/08/2018,305.1
21/08/2018,305.1
20/08/2018,305.1
17/08/2018,305.1
16/08/2018,305.02
15/08/2018,305
14/08/2018,305.05
13/08/2018,304.95
10/08/2018,305
09/08/2018,304.98
08/08/2018,305
07/08/2018,305
06/08/2018,304.95
03/08/2018,304.92
02/08/2018,304.95
01/08/2018,304.82
31/07/2018,304.88
30/07/2018,304.88
27/07/2018,304.88
26/07/2018,304.88
25/07/2018,304.88
24/07/2018,314.5
23/07/2018,304.8
20/07/2018,304.85
19/07/2018,304.82
18/07/2018,304.78
17/07/2018,304.78
16/07/2018,304.78
13/07/2018,304.78
12/07/2018,304.7
11/07/2018,305.75
10/07/2018,305.2
09/07/2018,305.7
06/07/2018,314.5
05/07/2018,305.2
04/07/2018,305.2
03/07/2018,305.2
02/07/2018,305.25
29/06/2018,305.25
28/06/2018,305.25
27/06/2018,305.5
26/06/2018,305.3
25/06/2018,314.5
22/06/2018,314.5
21/06/2018,314.5
20/06/2018,314.5
19/06/2018,305.7
18/06/2018,315
15/06/2018,315
14/06/2018,315
13/06/2018,305.95
12/06/2018,315
11/06/2018,305.7
08/06/2018,305.45
07/06/2018,305.95
06/06/2018,305.7
05/06/2018,305.5
04/06/2018,305.5
01/06/2018,305.5
31/05/2018,305.7
30/05/2018,314.5
29/05/2018,305.4
28/05/2018,305.4
25/05/2018,305.4
24/05/2018,315
23/05/2018,305.4
22/05/2018,305.35
21/05/2018,305.35
18/05/2018,305.35
17/05/2018,314
16/05/2018,305.35
15/05/2018,305.3
14/05/2018,305.3
11/05/2018,305.75
10/05/2018,305.25
09/05/2018,305.25
08/05/2018,305.25
07/05/2018,305.25
04/05/2018,305.2
03/05/2018,305.2
02/05/2018,305.2
01/05/2018,305.2
30/04/2018,305.2
27/04/2018,305.15
26/04/2018,305.15
25/04/2018,305.15
24/04/2018,305.15
23/04/2018,305.6
20/04/2018,305.1
19/04/2018,305.1
18/04/2018,305.1
17/04/2018,305.1
16/04/2018,305.1
13/04/2018,305.05
12/04/2018,305.05
11/04/2018,305.05
10/04/2018,305.1
09/04/2018,305.1
06/04/2018,305.1
05/04/2018,305.1
04/04/2018,305.1
03/04/2018,305.15
02/04/2018,305.15
30/03/2018,305.15
29/03/2018,305.15
28/03/2018,305.15
27/03/2018,305.15
26/03/2018,305.15
23/03/2018,305.2
22/03/2018,314.5
21/03/2018,305.75
20/03/2018,305.2
19/03/2018,305.75
16/03/2018,305.8
15/03/2018,305.75
14/03/2018,314.5
13/03/2018,314.8
12/03/2018,314.8
09/03/2018,305.3
08/03/2018,305.85
07/03/2018,305.3
06/03/2018,305.85
05/03/2018,315
02/03/2018,305.35
01/03/2018,305.35
28/02/2018,305.4
27/02/2018,305.4
26/02/2018,314.5
23/02/2018,305.45
22/02/2018,305.5
21/02/2018,306
20/02/2018,305.5
19/02/2018,305.5
16/02/2018,305.45
15/02/2018,305.45
14/02/2018,305.4
13/02/2018,305.4
12/02/2018,305.85
09/02/2018,305.35
08/02/2018,305.85
07/02/2018,305.35
06/02/2018,305.3
05/02/2018,305.3
02/02/2018,305.25
01/02/2018,315
31/01/2018,305.2
30/01/2018,305.2
29/01/2018,305.2
26/01/2018,315
25/01/2018,305.15
24/01/2018,305.1
23/01/2018,305.15
22/01/2018,305.15
19/01/2018,305.2
18/01/2018,305.2
17/01/2018,305.25
16/01/2018,305.25
15/01/2018,305.3
12/01/2018,305.3
11/01/2018,305.3
10/01/2018,315
09/01/2018,305.4
08/01/2018,305.4
05/01/2018,305.45
04/01/2018,305.45
03/01/2018,305.45
02/01/2018,305.5
01/01/2018,306.35
29/12/2017,306.35
28/12/2017,306.35
27/12/2017,306.4
26/12/2017,306
25/12/2017,306
22/12/2017,306
21/12/2017,306
20/12/2017,306.35
19/12/2017,306.35
18/12/2017,306.25
15/12/2017,314.5
14/12/2017,306
13/12/2017,306.3
12/12/2017,314.5
11/12/2017,314.5
08/12/2017,306.4
07/12/2017,306.45
06/12/2017,306
05/12/2017,306.35
04/12/2017,306.5
01/12/2017,305.5
30/11/2017,305.5
29/11/2017,305.25
28/11/2017,305.3
27/11/2017,305.3
24/11/2017,306
23/11/2017,306
22/11/2017,306
21/11/2017,305.4
20/11/2017,305.95
17/11/2017,305.45
16/11/2017,306
15/11/2017,305.5
14/11/2017,305.5
13/11/2017,305.5
10/11/2017,314.5
09/11/2017,305.45
08/11/2017,305.45
07/11/2017,305.4
06/11/2017,305.4
03/11/2017,305.4
02/11/2017,305.35
01/11/2017,305.35
31/10/2017,305.8
30/10/2017,305.3
27/10/2017,305.25
26/10/2017,305.25
25/10/2017,315
24/10/2017,305.2
23/10/2017,305.15
20/10/2017,305.15
19/10/2017,314.5
18/10/2017,305.1
17/10/2017,305.5
16/10/2017,305.5
13/10/2017,305.15
12/10/2017,305.55
11/10/2017,305.05
10/10/2017,314.5
09/10/2017,305.7
06/10/2017,314.5
05/10/2017,305.15
04/10/2017,305.2
03/10/2017,306
02/10/2017,305.75
29/09/2017,305.75
28/09/2017,305.45
27/09/2017,305
26/09/2017,314.5
25/09/2017,314.5
22/09/2017,306
21/09/2017,328
20/09/2017,314.5
19/09/2017,305.4
18/09/2017,305.95
15/09/2017,325
14/09/2017,306
13/09/2017,305.5
12/09/2017,305.95
11/09/2017,305.5
08/09/2017,305.95
07/09/2017,305
06/09/2017,305.4
05/09/2017,305
04/09/2017,305
01/09/2017,305
31/08/2017,305
30/08/2017,305.35
29/08/2017,305
28/08/2017,305.8
25/08/2017,305.25
24/08/2017,305.75
23/08/2017,305
22/08/2017,305.75
21/08/2017,305.7
18/08/2017,305.2
17/08/2017,305.15
16/08/2017,305.15
15/08/2017,305
14/08/2017,305.1
11/08/2017,314.5
10/08/2017,315
09/08/2017,314.5
08/08/2017,305
07/08/2017,307
04/08/2017,307
03/08/2017,314.5
02/08/2017,314.5
01/08/2017,315
31/07/2017,305.65
28/07/2017,304.68
27/07/2017,318.4
26/07/2017,318.72
25/07/2017,319.68
24/07/2017,319.11
21/07/2017,304.78
20/07/2017,319.68
19/07/2017,324.18
18/07/2017,304.9
17/07/2017,304.85
14/07/2017,304.98
13/07/2017,305
12/07/2017,305
11/07/2017,324.18
10/07/2017,317.68
07/07/2017,323.68
06/07/2017,305
05/07/2017,324.18
04/07/2017,304.95
03/07/2017,315
30/06/2017,304.88
29/06/2017,304.88
28/06/2017,304.8
27/06/2017,304.82
26/06/2017,304.85
23/06/2017,304.8
22/06/2017,323.68
21/06/2017,304.78
20/06/2017,304.78
19/06/2017,323.68
16/06/2017,304.7
15/06/2017,322.68
14/06/2017,323.68
13/06/2017,304.6
12/06/2017,317.68
09/06/2017,304.58
08/06/2017,304.55
07/06/2017,304.55
06/06/2017,304.5
05/06/2017,304.48
02/06/2017,304.4
01/06/2017,304.38
31/05/2017,304.35
30/05/2017,323.68
29/05/2017,304.4
26/05/2017,304.45
25/05/2017,304.45
24/05/2017,304.4
23/05/2017,304.4
22/05/2017,305.4
19/05/2017,304.45
18/05/2017,314.19
17/05/2017,304.4
16/05/2017,314.69
15/05/2017,306
12/05/2017,304.55
11/05/2017,304.55
10/05/2017,304.65
09/05/2017,304.7
08/05/2017,313.68
05/05/2017,314.68
04/05/2017,304.7
03/05/2017,316.88
02/05/2017,305.4
01/05/2017,304.8
28/04/2017,304.74
27/04/2017,304.8
26/04/2017,305
25/04/2017,305
24/04/2017,305
21/04/2017,305.05
20/04/2017,305.05
19/04/2017,305.05
18/04/2017,305
17/04/2017,305
14/04/2017,305.1
13/04/2017,309.36
12/04/2017,305.74
11/04/2017,309.24
10/04/2017,305.1
07/04/2017,305.15
06/04/2017,312.82
05/04/2017,305.25
04/04/2017,313.75
03/04/2017,314.68
31/03/2017,305.35
30/03/2017,305.45
29/03/2017,306.6
28/03/2017,305.7
27/03/2017,306
24/03/2017,307
23/03/2017,310.44
22/03/2017,306.5
21/03/2017,306.45
20/03/2017,306
17/03/2017,305.7
16/03/2017,305.48
15/03/2017,305.15
14/03/2017,305
13/03/2017,304.75
10/03/2017,304.77
09/03/2017,304.65
08/03/2017,304.7
07/03/2017,304.45
06/03/2017,304.2
03/03/2017,304.2
02/03/2017,304.45
01/03/2017,304.4
28/02/2017,304.45
27/02/2017,304.5
24/02/2017,304.48
23/02/2017,304.2
22/02/2017,304.2
21/02/2017,304.2
20/02/2017,304.45
17/02/2017,304.5
16/02/2017,304.45
15/02/2017,304.45
14/02/2017,304
13/02/2017,304
10/02/2017,304
09/02/2017,304.2
08/02/2017,314.8
07/02/2017,314.25
06/02/2017,304.25
03/02/2017,304.25
02/02/2017,304.25
01/02/2017,304.2
31/01/2017,304.25
30/01/2017,311.58
27/01/2017,304.2
26/01/2017,313.68
25/01/2017,313.68
24/01/2017,305.19
23/01/2017,315.11
20/01/2017,304.48
19/01/2017,315.43
18/01/2017,304.2
17/01/2017,304.2
16/01/2017,304
13/01/2017,304
12/01/2017,304
11/01/2017,304
10/01/2017,314.69
09/01/2017,315
06/01/2017,304
05/01/2017,304
04/01/2017,314.38
03/01/2017,314.31
02/01/2017,304
30/12/2016,304.2
29/12/2016,304.25
28/12/2016,304.25
27/12/2016,314.31
26/12/2016,304.25
23/12/2016,304.25
22/12/2016,304.25
21/12/2016,304.2
20/12/2016,304.2
19/12/2016,304.5
16/12/2016,304.5
15/12/2016,304.45
14/12/2016,304.5
13/12/2016,304.5
12/12/2016,304.45
09/12/2016,304.5
08/12/2016,304.5
07/12/2016,304.5
06/12/2016,304.45
05/12/2016,304
02/12/2016,304
01/12/2016,304
30/11/2016,304.25
29/11/2016,304.2
28/11/2016,304.25
25/11/2016,304
24/11/2016,304
23/11/2016,304
22/11/2016,304
21/11/2016,304.5
18/11/2016,304.5
17/11/2016,304.5
16/11/2016,304.25
15/11/2016,304.2
14/11/2016,304.25
11/11/2016,304
10/11/2016,304
09/11/2016,304.25
08/11/2016,304.25
07/11/2016,304.2
04/11/2016,304.2
03/11/2016,304.2
02/11/2016,304
01/11/2016,304.5
31/10/2016,304.5
28/10/2016,304.5
27/10/2016,317.55
26/10/2016,304.5
25/10/2016,304.5
24/10/2016,304.25
21/10/2016,304.25
20/10/2016,304.5
19/10/2016,304.5
18/10/2016,304
17/10/2016,304
14/10/2016,304
13/10/2016,304.25
12/10/2016,304.25
11/10/2016,304.2
10/10/2016,304
07/10/2016,304
06/10/2016,304.25
05/10/2016,304.2
04/10/2016,304.25
03/10/2016,304.25
30/09/2016,304.5
29/09/2016,323.25
28/09/2016,315
27/09/2016,315
26/09/2016,323.5
23/09/2016,323.4
22/09/2016,305
21/09/2016,305
20/09/2016,305
19/09/2016,305
16/09/2016,305
15/09/2016,315.5
14/09/2016,324.5
13/09/2016,315
12/09/2016,315
09/09/2016,315
08/09/2016,305
07/09/2016,325
06/09/2016,314.5
05/09/2016,330
02/09/2016,315
01/09/2016,306
31/08/2016,310
30/08/2016,306
29/08/2016,306
26/08/2016,310.5
25/08/2016,315
24/08/2016,315
23/08/2016,330
22/08/2016,329
19/08/2016,340
18/08/2016,321
17/08/2016,321
16/08/2016,315
15/08/2016,315
12/08/2016,311
11/08/2016,313.5
10/08/2016,320
09/08/2016,322
08/08/2016,320
05/08/2016,316.5
04/08/2016,310
03/08/2016,310.5
02/08/2016,310.5
01/08/2016,319.5
29/07/2016,318
28/07/2016,322
27/07/2016,315
26/07/2016,310
25/07/2016,310
22/07/2016,305
21/07/2016,292
20/07/2016,294.5
19/07/2016,293
18/07/2016,283.22
15/07/2016,283.97
14/07/2016,282.72
13/07/2016,282.47
12/07/2016,283.22
11/07/2016,281.97
08/07/2016,282.22
07/07/2016,281.72
06/07/2016,281.82
05/07/2016,281.5
04/07/2016,281.5
01/07/2016,281.72
30/06/2016,281.72
29/06/2016,282.22
28/06/2016,281.92
27/06/2016,283.31
24/06/2016,281.22
23/06/2016,284.15
22/06/2016,284.71
21/06/2016,284.43
20/06/2016,281.44
17/06/2016,198.6
16/06/2016,198.8
15/06/2016,198.4
14/06/2016,198.8
13/06/2016,198.8
10/06/2016,199
09/06/2016,198.8
08/06/2016,198.8
07/06/2016,199
06/06/2016,198.8
03/06/2016,198.8
02/06/2016,198.8
01/06/2016,198.8
31/05/2016,198.8
30/05/2016,198.55
27/05/2016,198.8
26/05/2016,198.7
25/05/2016,198.8
24/05/2016,199
23/05/2016,198.8
20/05/2016,198.8
19/05/2016,198.8
18/05/2016,198.8
17/05/2016,198.89
16/05/2016,198.8
13/05/2016,199
12/05/2016,198.55
11/05/2016,198.8
10/05/2016,198.8
09/05/2016,198.6
06/05/2016,198.6
05/05/2016,198.8
04/05/2016,198.8
03/05/2016,198.8
02/05/2016,198.8
29/04/2016,198.8
28/04/2016,198.8
27/04/2016,198.8
26/04/2016,198.3
25/04/2016,198.7
22/04/2016,198.79
21/04/2016,198.8
20/04/2016,198.55
19/04/2016,198.6
18/04/2016,198.8
15/04/2016,198.6
14/04/2016,198.8
13/04/2016,198.8
12/04/2016,198.8
11/04/2016,198
08/04/2016,198.9
07/04/2016,199
06/04/2016,199
05/04/2016,198.9
04/04/2016,199
01/04/2016,198.94
31/03/2016,198.8
30/03/2016,198.6
29/03/2016,198.4
28/03/2016,198.8
25/03/2016,198.8
24/03/2016,198.8
23/03/2016,198.6
22/03/2016,199
21/03/2016,199
18/03/2016,198.8
17/03/2016,198.8
16/03/2016,199
15/03/2016,199
14/03/2016,198.8
11/03/2016,198.6
10/03/2016,198.8
09/03/2016,198.2
08/03/2016,198.8
07/03/2016,199.03
04/03/2016,199.03
03/03/2016,199
02/03/2016,198.55
01/03/2016,199
29/02/2016,198.8
26/02/2016,198.8
25/02/2016,198.8
24/02/2016,198.8
23/02/2016,198.6
22/02/2016,198.8
19/02/2016,198.6
18/02/2016,198.8
17/02/2016,198.8
16/02/2016,198.8
15/02/2016,198.6
12/02/2016,198.8
11/02/2016,198.8
10/02/2016,198.65
09/02/2016,198.4
08/02/2016,198.4
05/02/2016,198.6
04/02/2016,199
03/02/2016,198.8
02/02/2016,198.8
01/02/2016,198.8
29/01/2016,198.8
28/01/2016,198.6
27/01/2016,199.05
26/01/2016,199
25/01/2016,198.6
22/01/2016,198.8
21/01/2016,198.6
20/01/2016,198.8
19/01/2016,198.8
18/01/2016,198
15/01/2016,198.6
14/01/2016,198.9
13/01/2016,198.8
12/01/2016,201
11/01/2016,198.8
08/01/2016,199.3
07/01/2016,198.55
06/01/2016,198
05/01/2016,198.8
04/01/2016,198.95
01/01/2016,199
31/12/2015,199
30/12/2015,198.75
29/12/2015,198.8
28/12/2015,199
25/12/2015,199
24/12/2015,199
23/12/2015,199
22/12/2015,199
21/12/2015,199
18/12/2015,198.78
17/12/2015,198
16/12/2015,199
15/12/2015,198.82
14/12/2015,199
11/12/2015,199
10/12/2015,198.47
09/12/2015,197.97
08/12/2015,197.97
07/12/2015,199
04/12/2015,198
03/12/2015,199
02/12/2015,199
01/12/2015,198.97
30/11/2015,198.8
27/11/2015,199
26/11/2015,199
25/11/2015,198.8
24/11/2015,199
23/11/2015,199
20/11/2015,198.9
19/11/2015,199
18/11/2015,198
17/11/2015,198
16/11/2015,199
13/11/2015,198.85
12/11/2015,199
11/11/2015,199
10/11/2015,198.95
09/11/2015,198.95
06/11/2015,198.87
05/11/2015,199
04/11/2015,199.16
03/11/2015,198.89
02/11/2015,198.93
30/10/2015,198.96
29/10/2015,198.88
28/10/2015,199.03
27/10/2015,198.98
26/10/2015,198.95
23/10/2015,198.92
22/10/2015,198.98
21/10/2015,198.96
20/10/2015,198.96
19/10/2015,199.16
16/10/2015,199.05
15/10/2015,198.92
14/10/2015,198.98
13/10/2015,199.16
12/10/2015,199
09/10/2015,199.18
08/10/2015,199
07/10/2015,198
06/10/2015,198.98
05/10/2015,199
02/10/2015,198.95
01/10/2015,198.98
30/09/2015,198.98
29/09/2015,198.8
28/09/2015,198.96
25/09/2015,198.98
24/09/2015,198.96
23/09/2015,198.93
22/09/2015,198.98
21/09/2015,199.03
18/09/2015,198.93
17/09/2015,198.94
16/09/2015,198.96
15/09/2015,199
14/09/2015,199
11/09/2015,198.98
10/09/2015,199
09/09/2015,198.9
08/09/2015,199
07/09/2015,199
04/09/2015,198.85
03/09/2015,198.85
02/09/2015,199
01/09/2015,199
31/08/2015,199
28/08/2015,199
27/08/2015,198.98
26/08/2015,198.9
25/08/2015,198.96
24/08/2015,198.98
21/08/2015,198.98
20/08/2015,198.96
19/08/2015,198.98
18/08/2015,198.94
17/08/2015,198.98
14/08/2015,198.88
13/08/2015,198.86
12/08/2015,197.98
11/08/2015,199.18
10/08/2015,199.18
07/08/2015,198.94
06/08/2015,198.9
05/08/2015,198.96
04/08/2015,198.96
03/08/2015,198.93
31/07/2015,198.95
30/07/2015,198.98
29/07/2015,198.98
28/07/2015,198.86
27/07/2015,198.96
24/07/2015,198.86
23/07/2015,198.98
22/07/2015,198.85
21/07/2015,198.91
20/07/2015,198.93
17/07/2015,198.93
16/07/2015,198.96
15/07/2015,198
14/07/2015,198.9
13/07/2015,198.83
10/07/2015,198.83
09/07/2015,198.92
08/07/2015,198.96
07/07/2015,198.81
06/07/2015,198.98
03/07/2015,198.9
02/07/2015,198.9
01/07/2015,198.85
30/06/2015,198.98
29/06/2015,198.78
26/06/2015,198.93
25/06/2015,198.88
24/06/2015,198.76
23/06/2015,198.93
22/06/2015,198.87
19/06/2015,198.9
18/06/2015,198.95
17/06/2015,198.9
16/06/2015,198.8
15/06/2015,198.8
12/06/2015,198.8
11/06/2015,198.9
10/06/2015,198.9
09/06/2015,198.9
08/06/2015,198.95
05/06/2015,198.9
04/06/2015,198.95
03/06/2015,198.95
02/06/2015,198
01/06/2015,199
29/05/2015,199
28/05/2015,199
27/05/2015,199
26/05/2015,199
25/05/2015,199
22/05/2015,199
21/05/2015,199
20/05/2015,199
19/05/2015,199
18/05/2015,199.4
15/05/2015,199
14/05/2015,199
13/05/2015,199.1
12/05/2015,199
11/05/2015,199
08/05/2015,199
07/05/2015,199
06/05/2015,199
05/05/2015,198.95
04/05/2015,198.95
01/05/2015,198
30/04/2015,198
29/04/2015,198.95
28/04/2015,198.95
27/04/2015,198
24/04/2015,199
23/04/2015,199
22/04/2015,198.95
21/04/2015,199
20/04/2015,198.96
17/04/2015,198.95
16/04/2015,198.95
15/04/2015,198.95
14/04/2015,198.5
13/04/2015,198.99
10/04/2015,199
09/04/2015,199
08/04/2015,199
07/04/2015,198.95
06/04/2015,199
03/04/2015,199
02/04/2015,199
01/04/2015,199
31/03/2015,199
30/03/2015,199
27/03/2015,199
26/03/2015,199
25/03/2015,199
24/03/2015,199
23/03/2015,199
20/03/2015,199
19/03/2015,199
18/03/2015,199
17/03/2015,199.7
16/03/2015,199
13/03/2015,199
12/03/2015,199.45
11/03/2015,199
10/03/2015,199
09/03/2015,198.9
06/03/2015,198.9
05/03/2015,198.9
04/03/2015,199.5
03/03/2015,199.7
02/03/2015,200
27/02/2015,202.5
26/02/2015,202.5
25/02/2015,202
24/02/2015,201
23/02/2015,200.5
20/02/2015,198.9
19/02/2015,198.9
18/02/2015,197
17/02/2015,198
16/02/2015,200
13/02/2015,203.5
12/02/2015,205.9
11/02/2015,202.5
10/02/2015,199.5
09/02/2015,196.35
06/02/2015,193.8
05/02/2015,192.5
04/02/2015,192
03/02/2015,189.9
02/02/2015,189
30/01/2015,187.5
29/01/2015,188.9
28/01/2015,189.88
27/01/2015,192.4
26/01/2015,190.2
23/01/2015,189
22/01/2015,188
21/01/2015,185
20/01/2015,189.2
19/01/2015,184.9
16/01/2015,184.9
15/01/2015,185.6
14/01/2015,183.25
13/01/2015,183.5
12/01/2015,182.5
09/01/2015,183
08/01/2015,179.1
07/01/2015,183
06/01/2015,183.5
05/01/2015,183.5
02/01/2015,183.4
01/01/2015,182.9
31/12/2014,182.9
30/12/2014,184.5
29/12/2014,183.5
26/12/2014,181.9
25/12/2014,181.9
24/12/2014,181.9
23/12/2014,183
22/12/2014,184.5
19/12/2014,184.45
18/12/2014,184.5
17/12/2014,187.1
16/12/2014,180.55
15/12/2014,178.65
12/12/2014,179.7
11/12/2014,180.7
10/12/2014,179.9
09/12/2014,184
08/12/2014,180.5
05/12/2014,179.2
04/12/2014,179.8
03/12/2014,180
02/12/2014,179.5
01/12/2014,183.85
28/11/2014,178.5
27/11/2014,174.9
26/11/2014,176.8
25/11/2014,177.5
24/11/2014,173.6
21/11/2014,177
20/11/2014,176.1
19/11/2014,174
18/11/2014,173.3
17/11/2014,172.95
14/11/2014,170.9
13/11/2014,171.9
12/11/2014,169.75
11/11/2014,168.35
10/11/2014,168
07/11/2014,165.55
06/11/2014,170.05
05/11/2014,167
04/11/2014,166
03/11/2014,165.6
31/10/2014,165.55
30/10/2014,165.3
29/10/2014,165.3
28/10/2014,165.55
27/10/2014,164.8
24/10/2014,164.62
23/10/2014,164.8
22/10/2014,164.95
21/10/2014,165.44
20/10/2014,165.15
17/10/2014,165.25
16/10/2014,165.05
15/10/2014,164.45
14/10/2014,164.1
13/10/2014,163.8
10/10/2014,164.6
09/10/2014,164.5
08/10/2014,164.4
07/10/2014,164.22
06/10/2014,164.22
03/10/2014,164.2
02/10/2014,163.95
01/10/2014,163.5
30/09/2014,163.5
29/09/2014,163.7
26/09/2014,163.5
25/09/2014,163.5
24/09/2014,162.55
23/09/2014,163.75
22/09/2014,163.5
19/09/2014,163.4
18/09/2014,163.5
17/09/2014,163.35
16/09/2014,162.9
15/09/2014,162.8
12/09/2014,162.93
11/09/2014,162.75
10/09/2014,162.7
09/09/2014,162
08/09/2014,162
05/09/2014,162.3
04/09/2014,162
03/09/2014,162.3
02/09/2014,162.21
01/09/2014,162.4
29/08/2014,162.21
28/08/2014,162.03
27/08/2014,161.9
26/08/2014,162.05
25/08/2014,162.03
22/08/2014,161.85
21/08/2014,161.9
20/08/2014,161.95
19/08/2014,162
18/08/2014,161.9
15/08/2014,162
14/08/2014,162.3
13/08/2014,161.7
12/08/2014,161.9
11/08/2014,162.35
08/08/2014,162.7
07/08/2014,162.5
06/08/2014,161.55
05/08/2014,160.85
04/08/2014,160.95
01/08/2014,161.35
31/07/2014,161.8
30/07/2014,161.8
29/07/2014,161.72
28/07/2014,161.72
25/07/2014,161.95
24/07/2014,162
23/07/2014,162
22/07/2014,162.2
21/07/2014,162.15
18/07/2014,161.9
17/07/2014,161.8
16/07/2014,161.79
15/07/2014,161.85
14/07/2014,162.2
11/07/2014,162.28
10/07/2014,162.3
09/07/2014,162.4
08/07/2014,162.45
07/07/2014,162.65
04/07/2014,162.6
03/07/2014,162.53
02/07/2014,162.75
01/07/2014,162.75
30/06/2014,162.9
27/06/2014,162.83
26/06/2014,162.7
25/06/2014,162.67
24/06/2014,162.65
23/06/2014,162.53
20/06/2014,162.77
19/06/2014,163.1
18/06/2014,163.4
17/06/2014,163.1
16/06/2014,162.7
13/06/2014,162.9
12/06/2014,163.2
11/06/2014,162.79
10/06/2014,162.75
09/06/2014,162.65
06/06/2014,162.9
05/06/2014,163.6
04/06/2014,162.25
03/06/2014,162.46
02/06/2014,161.98
30/05/2014,162.69
29/05/2014,162.6
28/05/2014,162.7
27/05/2014,162.61
26/05/2014,162.3
23/05/2014,162.3
22/05/2014,162.1
21/05/2014,162.3
20/05/2014,163.05
19/05/2014,162.51
16/05/2014,162.3
15/05/2014,162.45
14/05/2014,162.62
13/05/2014,162.5
12/05/2014,161.4
09/05/2014,161.15
08/05/2014,160.9
07/05/2014,161.8
06/05/2014,161.55
05/05/2014,158.65
02/05/2014,159.8
01/05/2014,160.5
30/04/2014,160.6
29/04/2014,160.5
28/04/2014,161
25/04/2014,160.79
24/04/2014,161.02
23/04/2014,161.57
22/04/2014,162.07
21/04/2014,162.22
18/04/2014,162.22
17/04/2014,162.2
16/04/2014,162.05
15/04/2014,161.65
14/04/2014,161.18
11/04/2014,160.9
10/04/2014,160.77
09/04/2014,162.85
08/04/2014,163.9
07/04/2014,163.9
04/04/2014,163.95
03/04/2014,163.45
02/04/2014,163.9
01/04/2014,164.75
31/03/2014,165
28/03/2014,164.95
27/03/2014,165
26/03/2014,164.85
25/03/2014,165.05
24/03/2014,165.14
21/03/2014,164.82
20/03/2014,164.8
19/03/2014,164.7
18/03/2014,164.3
17/03/2014,164.57
14/03/2014,164.6
13/03/2014,164.6
12/03/2014,164.7
11/03/2014,165.05
10/03/2014,164.3
07/03/2014,164.67
06/03/2014,164.3
05/03/2014,164
04/03/2014,164.5
03/03/2014,163.9
28/02/2014,164.89
27/02/2014,165.1
26/02/2014,164.6
25/02/2014,164.5
24/02/2014,164.3
21/02/2014,165.55
20/02/2014,165
19/02/2014,163.8
18/02/2014,162.5
17/02/2014,162.55
14/02/2014,162.4
13/02/2014,163.1
12/02/2014,164.65
11/02/2014,164.15
10/02/2014,164
07/02/2014,163.32
06/02/2014,163.35
05/02/2014,162.25
04/02/2014,162.73
03/02/2014,162.92
31/01/2014,162.61
30/01/2014,162.3
29/01/2014,162.25
28/01/2014,162.85
27/01/2014,162.3
24/01/2014,160.3
23/01/2014,160.1
22/01/2014,159.5
21/01/2014,159.2
20/01/2014,159.6
17/01/2014,160.02
16/01/2014,159.93
15/01/2014,159.4
14/01/2014,159.6
13/01/2014,159.6
10/01/2014,159.4
09/01/2014,158.9
08/01/2014,159.5
07/01/2014,159.64
06/01/2014,159.1
03/01/2014,158.67
02/01/2014,158.7
01/01/2014,159.9
31/12/2013,159.9
30/12/2013,161.14
27/12/2013,160.4
26/12/2013,159.8
25/12/2013,159.4
24/12/2013,159.4
23/12/2013,159.5
20/12/2013,158.85
19/12/2013,158.2
18/12/2013,159.87
17/12/2013,158.97
16/12/2013,158.45
13/12/2013,158.8
12/12/2013,158.38
11/12/2013,158.44
10/12/2013,158.09
09/12/2013,158.3
06/12/2013,158.2
05/12/2013,158.7
04/12/2013,158.3
03/12/2013,158
02/12/2013,158.38
29/11/2013,158.35
28/11/2013,158.55
27/11/2013,158.75
26/11/2013,158.55
25/11/2013,158.55
22/11/2013,158.56
21/11/2013,158.88
20/11/2013,158.9
19/11/2013,158.83
18/11/2013,158.98
15/11/2013,158.6
14/11/2013,159.12
13/11/2013,159.5
12/11/2013,158.93
11/11/2013,158.95
08/11/2013,158.3
07/11/2013,158.4
06/11/2013,158.32
05/11/2013,158.5
04/11/2013,158.4
01/11/2013,158.68
31/10/2013,158.7
30/10/2013,158.82
29/10/2013,159.2
28/10/2013,158.45
25/10/2013,158.55
24/10/2013,158.78
23/10/2013,158.85
22/10/2013,159.4
21/10/2013,159.85
18/10/2013,159.85
17/10/2013,159.7
16/10/2013,160.1
15/10/2013,160.1
14/10/2013,160
11/10/2013,160
10/10/2013,160.65
09/10/2013,160.25
08/10/2013,159.68
07/10/2013,160.25
04/10/2013,160.2
03/10/2013,161.45
02/10/2013,161.85
01/10/2013,161.5
30/09/2013,161.2
27/09/2013,159.85
26/09/2013,161.25
25/09/2013,159.85
24/09/2013,160.05
23/09/2013,159
20/09/2013,161.03
19/09/2013,161.1
18/09/2013,161.9
17/09/2013,162.25
16/09/2013,162
13/09/2013,161.85
12/09/2013,162.85
11/09/2013,162.58
10/09/2013,163.7
09/09/2013,162.55
06/09/2013,163.3
05/09/2013,163.28
04/09/2013,163.3
03/09/2013,162.78
02/09/2013,162.9
30/08/2013,162.1
29/08/2013,163.5
28/08/2013,162.1
27/08/2013,161.95
26/08/2013,161.29
23/08/2013,161.3
22/08/2013,161.62
21/08/2013,161
20/08/2013,161.35
19/08/2013,161.5
16/08/2013,161.4
15/08/2013,161.1
14/08/2013,160.8
13/08/2013,160.6
12/08/2013,160.5
09/08/2013,160.03
08/08/2013,159.9
07/08/2013,160.03
06/08/2013,159.51
05/08/2013,159.5
02/08/2013,160.09
01/08/2013,159.6
31/07/2013,160.5
30/07/2013,160.73
29/07/2013,160.6
26/07/2013,160.7
25/07/2013,160.65
24/07/2013,160.1
23/07/2013,161.79
22/07/2013,161.12
19/07/2013,161.2
18/07/2013,161.2
17/07/2013,161.3
16/07/2013,161.15
15/07/2013,161.3
12/07/2013,161.4
11/07/2013,161.35
10/07/2013,161
09/07/2013,161.6
08/07/2013,161.73
05/07/2013,161.4
04/07/2013,161.35
03/07/2013,160
02/07/2013,160.4
01/07/2013,161.5
28/06/2013,162.48
27/06/2013,161.5
26/06/2013,161.2
25/06/2013,160.45
24/06/2013,159.5
21/06/2013,159.95
20/06/2013,161
19/06/2013,159.7
18/06/2013,160.1
17/06/2013,160
14/06/2013,162.5
13/06/2013,161.1
12/06/2013,160
11/06/2013,159.7
10/06/2013,158.85
07/06/2013,159.6
06/06/2013,158.8
05/06/2013,158.5
04/06/2013,158.5
03/06/2013,158.05
31/05/2013,158.1
30/05/2013,158.3
29/05/2013,158.2
28/05/2013,158.3
27/05/2013,158.18
24/05/2013,157.9
23/05/2013,158.2
22/05/2013,158.2
21/05/2013,158.2
20/05/2013,158.2
17/05/2013,158.3
16/05/2013,158.08
15/05/2013,157.3
14/05/2013,157.2
13/05/2013,157.3
10/05/2013,157.6
09/05/2013,157.4
08/05/2013,157.65
07/05/2013,157.9
06/05/2013,157.8
03/05/2013,157.9
02/05/2013,158.2
01/05/2013,157.9
30/04/2013,157.9
29/04/2013,157.7
26/04/2013,158.6
25/04/2013,158.9
24/04/2013,158.85
23/04/2013,158.65
22/04/2013,158.7
19/04/2013,158.58
18/04/2013,158.4
17/04/2013,158.3
16/04/2013,158
15/04/2013,157.8
12/04/2013,157.8
11/04/2013,157.5
10/04/2013,157.3
09/04/2013,157.6
08/04/2013,157.5
05/04/2013,157.4
04/04/2013,157.52
03/04/2013,157.95
02/04/2013,158.4
01/04/2013,158.45
29/03/2013,158.45
28/03/2013,158.45
27/03/2013,158.16
26/03/2013,158.3
25/03/2013,158.2
22/03/2013,158.15
21/03/2013,158.53
20/03/2013,158.75
19/03/2013,158.6
18/03/2013,158.5
15/03/2013,158.5
14/03/2013,159.48
13/03/2013,158.85
12/03/2013,158.4
11/03/2013,158.2
08/03/2013,157.7
07/03/2013,157.65
06/03/2013,158
05/03/2013,157.6
04/03/2013,157.25
01/03/2013,158
28/02/2013,158.25
27/02/2013,158
26/02/2013,157.45
25/02/2013,157.35
22/02/2013,157.4
21/02/2013,157.35
20/02/2013,157.28
19/02/2013,157.35
18/02/2013,157.4
15/02/2013,157.26
14/02/2013,157.28
13/02/2013,157.32
12/02/2013,157.2
11/02/2013,157.28
08/02/2013,157.2
07/02/2013,157.3
06/02/2013,157.2
05/02/2013,157.2
04/02/2013,157.15
01/02/2013,157.23
31/01/2013,157.1
30/01/2013,157.3
29/01/2013,157.1
28/01/2013,157.05
25/01/2013,156.9
24/01/2013,157.4
23/01/2013,157.4
22/01/2013,157.1
21/01/2013,156.9
18/01/2013,157
17/01/2013,157
16/01/2013,157.2
15/01/2013,157.1
14/01/2013,156.25
11/01/2013,156.21
10/01/2013,156
09/01/2013,156.4
08/01/2013,156.05
07/01/2013,156.9
04/01/2013,156.6
03/01/2013,156.1
02/01/2013,156.65
01/01/2013,156.1
31/12/2012,156.1
28/12/2012,156.1
27/12/2012,156.9
26/12/2012,157.1
25/12/2012,157.1
24/12/2012,157
21/12/2012,157
20/12/2012,157.1
19/12/2012,157.77
18/12/2012,157.75
17/12/2012,157.7
14/12/2012,157.55
13/12/2012,157.7
12/12/2012,157.55
11/12/2012,157.4
10/12/2012,156.9
07/12/2012,156.9
06/12/2012,157.22
05/12/2012,156.9
04/12/2012,157
03/12/2012,157.05
30/11/2012,157.3
29/11/2012,157.2
28/11/2012,157.5
27/11/2012,157.45
26/11/2012,157.35
23/11/2012,157.4
22/11/2012,157.45
21/11/2012,157.65
20/11/2012,157.95
19/11/2012,157.78
16/11/2012,158.45
15/11/2012,157.95
14/11/2012,157.6
13/11/2012,157.75
12/11/2012,157.79
09/11/2012,157.3
08/11/2012,157.1
07/11/2012,157.25
06/11/2012,156.8
05/11/2012,156.8
02/11/2012,156.75
01/11/2012,156.5
31/10/2012,157.01
30/10/2012,156.98
29/10/2012,156.95
26/10/2012,157.2
25/10/2012,157.2
24/10/2012,157.25
23/10/2012,157.2
22/10/2012,157.15
19/10/2012,157.3
18/10/2012,157.15
17/10/2012,157.52
16/10/2012,157.15
15/10/2012,157.15
12/10/2012,157.15
11/10/2012,157
10/10/2012,157.15
09/10/2012,157.25
08/10/2012,157
05/10/2012,156.95
04/10/2012,156.5
03/10/2012,157
02/10/2012,157.1
01/10/2012,157.15
28/09/2012,157.1
27/09/2012,157.1
26/09/2012,157.3
25/09/2012,157.5
24/09/2012,157.55
21/09/2012,157.5
20/09/2012,157.58
19/09/2012,157.4
18/09/2012,157.68
17/09/2012,157.7
14/09/2012,157.3
13/09/2012,157.7
12/09/2012,157.95
11/09/2012,157.8
10/09/2012,157.5
07/09/2012,157.4
06/09/2012,157.8
05/09/2012,158.2
04/09/2012,158.4
03/09/2012,158.05
31/08/2012,157.9
30/08/2012,158.05
29/08/2012,158.05
28/08/2012,158.15
27/08/2012,157.9
24/08/2012,157.95
23/08/2012,158.25
22/08/2012,157.4
21/08/2012,157.6
20/08/2012,157.5
17/08/2012,157.6
16/08/2012,156.95
15/08/2012,156.5
14/08/2012,158.5
13/08/2012,157.8
10/08/2012,158.12
09/08/2012,158.7
08/08/2012,160
07/08/2012,161.5
06/08/2012,161.5
03/08/2012,161.75
02/08/2012,161.2
01/08/2012,160.7
31/07/2012,160.5
30/07/2012,160.3
27/07/2012,160.8
26/07/2012,160.6
25/07/2012,159.4
24/07/2012,160.75
23/07/2012,160.7
20/07/2012,161.1
19/07/2012,161.2
18/07/2012,161
17/07/2012,160
16/07/2012,162.15
13/07/2012,162.15
12/07/2012,162.15
11/07/2012,161
10/07/2012,160.61
09/07/2012,160.55
06/07/2012,160.65
05/07/2012,161.95
04/07/2012,162.65
03/07/2012,162.4
02/07/2012,162.5
29/06/2012,162.5
28/06/2012,162.58
27/06/2012,162.5
26/06/2012,162.5
25/06/2012,162.55
22/06/2012,162.81
21/06/2012,162.5
20/06/2012,162.4
19/06/2012,161.5
18/06/2012,161.75
15/06/2012,163.25
14/06/2012,162.8
13/06/2012,162.7
12/06/2012,162.5
11/06/2012,162.74
08/06/2012,162.75
07/06/2012,162.3
06/06/2012,161
05/06/2012,162.18
04/06/2012,161.05
01/06/2012,160.35
31/05/2012,159.6
30/05/2012,159.85
29/05/2012,159
28/05/2012,158.85
25/05/2012,159.56
24/05/2012,159.5
23/05/2012,159.1
22/05/2012,159
21/05/2012,158.5
18/05/2012,158.75
17/05/2012,158.75
16/05/2012,158.93
15/05/2012,158.15
14/05/2012,157.86
11/05/2012,157.7
10/05/2012,157.5
09/05/2012,157.5
08/05/2012,157.45
07/05/2012,157.24
04/05/2012,157
03/05/2012,157
02/05/2012,157.35
01/05/2012,157.32
30/04/2012,157.3
27/04/2012,157.55
26/04/2012,157.42
25/04/2012,157.15
24/04/2012,157.3
23/04/2012,157.2
20/04/2012,157.15
19/04/2012,157.25
18/04/2012,157.1
17/04/2012,157.4
16/04/2012,157.34
13/04/2012,157.35
12/04/2012,157.55
11/04/2012,157.5
10/04/2012,157.39
09/04/2012,157.62
06/04/2012,157.55
05/04/2012,157.58
04/04/2012,157.56
03/04/2012,157.5
02/04/2012,157.65
30/03/2012,157.75
29/03/2012,157.65
28/03/2012,157.65
27/03/2012,157.2
26/03/2012,157.6
23/03/2012,157.65
22/03/2012,157.65
21/03/2012,157.8
20/03/2012,157.25
19/03/2012,157.6
16/03/2012,157.6
15/03/2012,157.55
14/03/2012,157.5
13/03/2012,157.75
12/03/2012,158
09/03/2012,157.1
08/03/2012,157.5
07/03/2012,157.2
06/03/2012,157.5
05/03/2012,157.5
02/03/2012,157.4
01/03/2012,157.25
29/02/2012,157.2
28/02/2012,157.45
27/02/2012,157
24/02/2012,157.25
23/02/2012,156.7
22/02/2012,157.35
21/02/2012,157.55
20/02/2012,157.5
17/02/2012,158
16/02/2012,158.1
15/02/2012,158
14/02/2012,158.5
13/02/2012,158.9
10/02/2012,158.6
09/02/2012,158.9
08/02/2012,159.1
07/02/2012,159.75
06/02/2012,160.1
03/02/2012,159.95
02/02/2012,160.42
01/02/2012,161
31/01/2012,160.9
30/01/2012,161.28
27/01/2012,160.9
26/01/2012,160.25
25/01/2012,159.7
24/01/2012,160.8
23/01/2012,160.9
20/01/2012,160.85
19/01/2012,161.4
18/01/2012,161.2
17/01/2012,162.4
16/01/2012,161.69
13/01/2012,163
12/01/2012,161.81
11/01/2012,161.8
10/01/2012,161.9
09/01/2012,162
06/01/2012,160
05/01/2012,159.7
04/01/2012,159.8
03/01/2012,160.2
02/01/2012,162.2
30/12/2011,162.2
29/12/2011,163
28/12/2011,162.9
27/12/2011,164.8
26/12/2011,162.2
23/12/2011,164.88
22/12/2011,163.88
21/12/2011,163.2
20/12/2011,162.2
19/12/2011,162.22
16/12/2011,161.5
15/12/2011,161.9
14/12/2011,162.5
13/12/2011,162.25
12/12/2011,162
09/12/2011,161.7
08/12/2011,162
07/12/2011,161.5
06/12/2011,161.5
05/12/2011,161.1
02/12/2011,161.4
01/12/2011,161.2
30/11/2011,161.2
29/11/2011,161
28/11/2011,160.1
25/11/2011,159.5
24/11/2011,159.45
23/11/2011,159.7
22/11/2011,159.14
21/11/2011,158.5
18/11/2011,158.5
17/11/2011,158.55
16/11/2011,159.15
15/11/2011,159.15
14/11/2011,158.55
11/11/2011,158.5
10/11/2011,158.5
09/11/2011,158.2
08/11/2011,157.4
07/11/2011,157
04/11/2011,157.1
03/11/2011,156.45
02/11/2011,157.5
01/11/2011,159.7
31/10/2011,159.2
28/10/2011,159.6
27/10/2011,160.65
26/10/2011,159.3
25/10/2011,155.6
24/10/2011,162
21/10/2011,158.9
20/10/2011,155.85
19/10/2011,157.1
18/10/2011,159
17/10/2011,162.7
14/10/2011,160.35
13/10/2011,160.2
12/10/2011,157
11/10/2011,158.8
10/10/2011,164.2
07/10/2011,160.1
06/10/2011,163.9
05/10/2011,161.5
04/10/2011,159
03/10/2011,159.7
30/09/2011,159.85
29/09/2011,159.21
28/09/2011,158
27/09/2011,157.9
26/09/2011,157.82
23/09/2011,156.52
22/09/2011,157.82
21/09/2011,157.6
20/09/2011,157
19/09/2011,156.68
16/09/2011,156.1
15/09/2011,156.1
14/09/2011,156
13/09/2011,155.2
12/09/2011,154.6
09/09/2011,154.6
08/09/2011,155.5
07/09/2011,155.9
06/09/2011,155.5
05/09/2011,155.61
02/09/2011,154.63
01/09/2011,154.4
31/08/2011,154.65
30/08/2011,154.75
29/08/2011,154.78
26/08/2011,154.6
25/08/2011,154.88
24/08/2011,151.09
23/08/2011,155.45
22/08/2011,155.9
19/08/2011,153.5
18/08/2011,153.5
17/08/2011,153.75
16/08/2011,153.74
15/08/2011,153.8
12/08/2011,153.55
11/08/2011,154
10/08/2011,152.94
09/08/2011,152.2
08/08/2011,152.2
05/08/2011,153.3
04/08/2011,152.39
03/08/2011,152.49
02/08/2011,152.5
01/08/2011,152.5
29/07/2011,152.7
28/07/2011,153
27/07/2011,152.8
26/07/2011,152
25/07/2011,152
22/07/2011,152
21/07/2011,152.15
20/07/2011,152.07
19/07/2011,152.05
18/07/2011,152.11
15/07/2011,152.3
14/07/2011,152.2
13/07/2011,152.1
12/07/2011,151.5
11/07/2011,153
08/07/2011,152.42
07/07/2011,153.2
06/07/2011,152.4
05/07/2011,152.4
04/07/2011,152.7
01/07/2011,151.05
30/06/2011,152.45
29/06/2011,153.5
28/06/2011,154
27/06/2011,154.15
24/06/2011,155.85
23/06/2011,156.5
22/06/2011,156.48
21/06/2011,156.6
20/06/2011,156.6
17/06/2011,156.5
16/06/2011,156.65
15/06/2011,156.8
14/06/2011,156.7
13/06/2011,156.25
10/06/2011,155.4
09/06/2011,154.7
08/06/2011,155
07/06/2011,155.3
06/06/2011,155
03/06/2011,155.1
02/06/2011,155.4
01/06/2011,156.15
31/05/2011,156.3
30/05/2011,156.6
27/05/2011,156.6
26/05/2011,156.7
25/05/2011,157.4
24/05/2011,156.9
23/05/2011,156.58
20/05/2011,156.6
19/05/2011,156.4
18/05/2011,156.57
17/05/2011,155.75
16/05/2011,155.55
13/05/2011,155.7
12/05/2011,156.7
11/05/2011,157.1
10/05/2011,156.2
09/05/2011,155.7
06/05/2011,154.95
05/05/2011,154.9
04/05/2011,154.5
03/05/2011,154.65
02/05/2011,154.3
29/04/2011,154.5
28/04/2011,154.1
27/04/2011,154.5
26/04/2011,154.58
25/04/2011,154.65
22/04/2011,154.58
21/04/2011,154.65
20/04/2011,154.4
19/04/2011,154.6
18/04/2011,154.7
15/04/2011,154.75
14/04/2011,154.8
13/04/2011,155.3
12/04/2011,155.3
11/04/2011,154.82
08/04/2011,154.3
07/04/2011,154.25
06/04/2011,153.95
05/04/2011,153.8
04/04/2011,154
01/04/2011,153.9
31/03/2011,155.05
30/03/2011,155.25
29/03/2011,155.6
28/03/2011,155.55
25/03/2011,155.35
24/03/2011,155.6
23/03/2011,155.9
22/03/2011,155
21/03/2011,155.95
18/03/2011,155.55
17/03/2011,157.05
16/03/2011,156.5
15/03/2011,155.73
14/03/2011,155.1
11/03/2011,154.8
10/03/2011,154.85
09/03/2011,154.05
08/03/2011,154.18
07/03/2011,154.25
04/03/2011,154.2
03/03/2011,154.3
02/03/2011,153.6
01/03/2011,153.38
28/02/2011,153.25
25/02/2011,153.02
24/02/2011,153.02
23/02/2011,152.51
22/02/2011,153.64
21/02/2011,153.97
18/02/2011,153.73
17/02/2011,153.1
16/02/2011,152.5
15/02/2011,152.4
14/02/2011,152.4
11/02/2011,152.4
10/02/2011,152.05
09/02/2011,151.9
08/02/2011,152.55
07/02/2011,152.5
04/02/2011,152.3
03/02/2011,152.5
02/02/2011,152.1
01/02/2011,152.25
31/01/2011,151.9
28/01/2011,152.06
27/01/2011,151.8
26/01/2011,151.75
25/01/2011,152
24/01/2011,152.5
21/01/2011,152.25
20/01/2011,152.52
19/01/2011,152.25
18/01/2011,152.25
17/01/2011,153.58
14/01/2011,153.2
13/01/2011,153.9
12/01/2011,152.9
11/01/2011,152.4
10/01/2011,152.6
07/01/2011,152.2
06/01/2011,152
05/01/2011,152
04/01/2011,152.3
03/01/2011,152
31/12/2010,151.95
30/12/2010,151.9
29/12/2010,153.65
28/12/2010,153.73
27/12/2010,153.73
24/12/2010,153.73
23/12/2010,152.45
22/12/2010,152.85
21/12/2010,154.3
20/12/2010,154.9
17/12/2010,154.5
16/12/2010,154.75
15/12/2010,153.5
14/12/2010,152.38
13/12/2010,152
10/12/2010,151.78
09/12/2010,151.6
08/12/2010,151.8
07/12/2010,151.15
06/12/2010,151.45
03/12/2010,151.15
02/12/2010,150.9
01/12/2010,151
30/11/2010,150.8
29/11/2010,150.7
26/11/2010,150.7
25/11/2010,150.47
24/11/2010,150.75
23/11/2010,150.43
22/11/2010,150.52
19/11/2010,150.29
18/11/2010,149.95
17/11/2010,150.75
16/11/2010,150.7
15/11/2010,150.7
12/11/2010,150.5
11/11/2010,150.5
10/11/2010,150.4
09/11/2010,150.18
08/11/2010,150.5
05/11/2010,150.58
04/11/2010,150.3
03/11/2010,150.27
02/11/2010,150
01/11/2010,150
29/10/2010,150.75
28/10/2010,149.95
27/10/2010,150.25
26/10/2010,150.35
25/10/2010,151
22/10/2010,151.25
21/10/2010,151.95
20/10/2010,152.38
19/10/2010,152
18/10/2010,152.6
15/10/2010,152.17
14/10/2010,152
13/10/2010,152.1
12/10/2010,151.97
11/10/2010,152
08/10/2010,150.75
07/10/2010,151.38
06/10/2010,151.38
05/10/2010,152.15
04/10/2010,154.15
01/10/2010,154.5
30/09/2010,154.2
29/09/2010,154.25
28/09/2010,154.25
27/09/2010,155
24/09/2010,153.2
23/09/2010,153.65
22/09/2010,153.2
21/09/2010,153.1
20/09/2010,152
17/09/2010,151.9
16/09/2010,151.9
15/09/2010,151.25
14/09/2010,151.5
13/09/2010,151.7
10/09/2010,151.4
09/09/2010,151.4
08/09/2010,151.6
07/09/2010,151.29
06/09/2010,151.4
03/09/2010,150.25
02/09/2010,151
01/09/2010,151
31/08/2010,151.4
30/08/2010,151.75
27/08/2010,151.25
26/08/2010,151.35
25/08/2010,150.7
24/08/2010,150.72
23/08/2010,150.6
20/08/2010,150.44
19/08/2010,150.45
18/08/2010,150.5
17/08/2010,150.5
16/08/2010,150.55
13/08/2010,150
12/08/2010,150.35
11/08/2010,150
10/08/2010,150.2
09/08/2010,150.35
06/08/2010,149.75
05/08/2010,149.75
04/08/2010,150.15
03/08/2010,150
02/08/2010,149.9
30/07/2010,150.1
29/07/2010,150.1
28/07/2010,150.2
27/07/2010,150.3
26/07/2010,150.2
23/07/2010,150
22/07/2010,149.95
21/07/2010,150.25
20/07/2010,150
19/07/2010,150.5
16/07/2010,150.1
15/07/2010,150.4
14/07/2010,150.36
13/07/2010,150.2
12/07/2010,150.45
09/07/2010,150.55
08/07/2010,149.55
07/07/2010,149.55
06/07/2010,149.25
05/07/2010,149.8
02/07/2010,149.7
01/07/2010,149.65
30/06/2010,149.9
29/06/2010,150.23
28/06/2010,150.65
25/06/2010,150.82
24/06/2010,151.18
23/06/2010,151
22/06/2010,150.75
21/06/2010,151
18/06/2010,151.25
17/06/2010,151.2
16/06/2010,151.26
15/06/2010,151.3
14/06/2010,150.95
11/06/2010,150.8
10/06/2010,151.19
09/06/2010,151.22
08/06/2010,151.29
07/06/2010,151.25
04/06/2010,150.75
03/06/2010,150.75
02/06/2010,151.1
01/06/2010,151.4
31/05/2010,151
28/05/2010,151.5
27/05/2010,152.05
26/05/2010,152
25/05/2010,151.75
24/05/2010,151.7
21/05/2010,151.5
20/05/2010,151.85
19/05/2010,152
18/05/2010,152.25
17/05/2010,151.25
14/05/2010,151.12
13/05/2010,150.4
12/05/2010,150.5
11/05/2010,150.5
10/05/2010,150.5
07/05/2010,150.69
06/05/2010,150.1
05/05/2010,150.9
04/05/2010,150.75
03/05/2010,150.95
30/04/2010,150.5
29/04/2010,150.7
28/04/2010,150.2
27/04/2010,150.1
26/04/2010,150.45
23/04/2010,150
22/04/2010,150.24
21/04/2010,150.37
20/04/2010,150.25
19/04/2010,149.75
16/04/2010,150
15/04/2010,149.9
14/04/2010,150
13/04/2010,150.2
12/04/2010,150.42
09/04/2010,150.4
08/04/2010,150.2
07/04/2010,149.75
06/04/2010,149.75
05/04/2010,149.5
02/04/2010,149.7
01/04/2010,149.75
31/03/2010,149.7
30/03/2010,149.95
29/03/2010,149.95
26/03/2010,149
25/03/2010,149.8
24/03/2010,149.4
23/03/2010,149.5
22/03/2010,149.82
19/03/2010,149.45
18/03/2010,149.8
17/03/2010,149.9
16/03/2010,149.75
15/03/2010,150.38
12/03/2010,150.3
11/03/2010,150.4
10/03/2010,150.3
09/03/2010,150.25
08/03/2010,150.1
05/03/2010,150.45
04/03/2010,150.21
03/03/2010,149.75
02/03/2010,149.55
01/03/2010,150.3
26/02/2010,150.3
25/02/2010,150.1
24/02/2010,150.25
23/02/2010,150.33
22/02/2010,150.25
19/02/2010,150.6
18/02/2010,150.75
17/02/2010,150.9
16/02/2010,150.5
15/02/2010,150.8
12/02/2010,151
11/02/2010,151.19
10/02/2010,150.6
09/02/2010,151.1
08/02/2010,151.05
05/02/2010,151.46
04/02/2010,151.3
03/02/2010,151.35
02/02/2010,151.82
01/02/2010,150.9
29/01/2010,150.88
28/01/2010,150.5
27/01/2010,150.75
26/01/2010,150.5
25/01/2010,150.85
22/01/2010,150
21/01/2010,150
20/01/2010,150.2
19/01/2010,149.7
18/01/2010,150.1
15/01/2010,151.1
14/01/2010,151.4
13/01/2010,151
12/01/2010,150.25
11/01/2010,150.9
08/01/2010,149.9
07/01/2010,149
06/01/2010,149
05/01/2010,149.1
04/01/2010,149.25
01/01/2010,149.45
31/12/2009,149.45
30/12/2009,150.2
29/12/2009,150
28/12/2009,149.8
25/12/2009,148.75
24/12/2009,148.75
23/12/2009,148.75
22/12/2009,148.5
21/12/2009,149.1
18/12/2009,149.25
17/12/2009,150.7
16/12/2009,150.1
15/12/2009,149.6
14/12/2009,150
11/12/2009,149.9
10/12/2009,149.9
09/12/2009,149.2
08/12/2009,151.8
07/12/2009,151.55
04/12/2009,150.5
03/12/2009,148.75
02/12/2009,148
01/12/2009,145.55
30/11/2009,148.2
27/11/2009,149.9
26/11/2009,150.05
25/11/2009,150.05
24/11/2009,149
23/11/2009,149.7
20/11/2009,149.7
19/11/2009,150.6
18/11/2009,150.95
17/11/2009,151.75
16/11/2009,152.1
13/11/2009,151.7
12/11/2009,151.9
11/11/2009,151.5
10/11/2009,152.55
09/11/2009,151.96
06/11/2009,151.15
05/11/2009,151.7
04/11/2009,151.05
03/11/2009,151
02/11/2009,151.25
30/10/2009,150.85
29/10/2009,151.1
28/10/2009,151.1
27/10/2009,151.1
26/10/2009,151.15
23/10/2009,149.5
22/10/2009,149.7
21/10/2009,149.65
20/10/2009,149.75
19/10/2009,149.75
16/10/2009,151.65
15/10/2009,151.65
14/10/2009,152.5
13/10/2009,151.65
12/10/2009,149.35
09/10/2009,149.45
08/10/2009,149.4
07/10/2009,149.2
06/10/2009,146
05/10/2009,147.6
02/10/2009,146.1
01/10/2009,147.6
30/09/2009,147
29/09/2009,150.25
28/09/2009,151.5
25/09/2009,150.4
24/09/2009,150.2
23/09/2009,152.45
22/09/2009,154.5
21/09/2009,155
18/09/2009,153.75
17/09/2009,153.5
16/09/2009,153.65
15/09/2009,153.75
14/09/2009,154.02
11/09/2009,153.95
10/09/2009,154.22
09/09/2009,153.95
08/09/2009,154.1
07/09/2009,154.42
04/09/2009,154
03/09/2009,154.08
02/09/2009,152.75
01/09/2009,154
31/08/2009,154.05
28/08/2009,154
27/08/2009,153.5
26/08/2009,156.2
25/08/2009,154.4
24/08/2009,155.65
21/08/2009,156
20/08/2009,155.95
19/08/2009,158.4
18/08/2009,158.2
17/08/2009,158
14/08/2009,156
13/08/2009,154.31
12/08/2009,153.7
11/08/2009,154.5
10/08/2009,154.5
07/08/2009,153.8
06/08/2009,154.25
05/08/2009,154.4
04/08/2009,155
03/08/2009,155
31/07/2009,156.7
30/07/2009,156.5
29/07/2009,151.8
28/07/2009,151.65
27/07/2009,148
24/07/2009,150.69
23/07/2009,150.8
22/07/2009,149.4
21/07/2009,149.15
20/07/2009,149.25
17/07/2009,148.7
16/07/2009,148.3
15/07/2009,148.8
14/07/2009,147.8
13/07/2009,147.8
10/07/2009,147
09/07/2009,147.7
08/07/2009,148.35
07/07/2009,148.45
06/07/2009,147.7
03/07/2009,147.84
02/07/2009,147.82
01/07/2009,147.65
30/06/2009,147.7
29/06/2009,147.7
26/06/2009,146.5
25/06/2009,148.3
24/06/2009,149.03
23/06/2009,146.7
22/06/2009,148.85
19/06/2009,148
18/06/2009,148
17/06/2009,146.5
16/06/2009,148.1
15/06/2009,147
12/06/2009,147
11/06/2009,148.5
10/06/2009,147.05
09/06/2009,148.11
08/06/2009,147.25
05/06/2009,147
04/06/2009,148.67
03/06/2009,148.18
02/06/2009,147
01/06/2009,148.99
29/05/2009,147.5
28/05/2009,147.5
27/05/2009,147.5
26/05/2009,146.5
25/05/2009,147
22/05/2009,147
21/05/2009,147
20/05/2009,147
19/05/2009,147
18/05/2009,147.25
15/05/2009,147.25
14/05/2009,147.15
13/05/2009,147.25
12/05/2009,147
11/05/2009,147
08/05/2009,147.25
07/05/2009,147
06/05/2009,147
05/05/2009,147.5
04/05/2009,147.25
01/05/2009,147.5
30/04/2009,147.55
29/04/2009,147
28/04/2009,147
27/04/2009,146.75
24/04/2009,147
23/04/2009,147.25
22/04/2009,147
21/04/2009,147.25
20/04/2009,147.25
17/04/2009,147.25
16/04/2009,147.25
15/04/2009,147.25
14/04/2009,147
13/04/2009,147
10/04/2009,147.25
09/04/2009,147.25
08/04/2009,147.5
07/04/2009,147.5
06/04/2009,147.5
03/04/2009,147.55
02/04/2009,147
01/04/2009,147.2
31/03/2009,147.25
30/03/2009,147
27/03/2009,147
26/03/2009,147.5
25/03/2009,147.5
24/03/2009,148.65
23/03/2009,148.7
20/03/2009,147.5
19/03/2009,147.5
18/03/2009,147.25
17/03/2009,147.55
16/03/2009,147.4
13/03/2009,147.5
12/03/2009,147.6
11/03/2009,147.7
10/03/2009,147.25
09/03/2009,147.55
06/03/2009,147.55
05/03/2009,147.5
04/03/2009,147.8
03/03/2009,147.5
02/03/2009,147.75
27/02/2009,147
26/02/2009,147.05
25/02/2009,147
24/02/2009,147
23/02/2009,147.1
20/02/2009,146.5
19/02/2009,148
18/02/2009,147.9
17/02/2009,148.05
16/02/2009,147.9
13/02/2009,148.05
12/02/2009,148.5
11/02/2009,148.5
10/02/2009,148.5
09/02/2009,147.5
06/02/2009,147.65
05/02/2009,145.25
04/02/2009,150.1
03/02/2009,150.1
02/02/2009,148.75
30/01/2009,148.5
29/01/2009,146.1
28/01/2009,147.8
27/01/2009,149.75
26/01/2009,149.65
23/01/2009,150
22/01/2009,150
21/01/2009,148
20/01/2009,148
19/01/2009,145
16/01/2009,147.75
15/01/2009,150
14/01/2009,152.75
13/01/2009,148.7
12/01/2009,153.35
09/01/2009,146.1
08/01/2009,143.9
07/01/2009,138.75
06/01/2009,137.1
05/01/2009,136.25
02/01/2009,137.75
01/01/2009,136
31/12/2008,136
30/12/2008,135.7
29/12/2008,138.25
26/12/2008,136.25
25/12/2008,137.75
24/12/2008,137.75
23/12/2008,138
22/12/2008,139
19/12/2008,132.55
18/12/2008,133.75
17/12/2008,133
16/12/2008,135.15
15/12/2008,134
12/12/2008,135
11/12/2008,135
10/12/2008,130
09/12/2008,130
08/12/2008,130
05/12/2008,125
04/12/2008,124.5
03/12/2008,127
02/12/2008,127
01/12/2008,122.75
28/11/2008,119.1
27/11/2008,119.45
26/11/2008,117.9
25/11/2008,117.9
24/11/2008,117.7
21/11/2008,117.78
20/11/2008,117.84
19/11/2008,117.82
18/11/2008,117.78
17/11/2008,117.6
14/11/2008,117.82
13/11/2008,117.78
12/11/2008,117.74
11/11/2008,117.75
10/11/2008,117.75
07/11/2008,117.7
06/11/2008,117.73
05/11/2008,117.7
04/11/2008,117.67
03/11/2008,117.66
31/10/2008,117.68
30/10/2008,117.71
29/10/2008,117.75
28/10/2008,117.79
27/10/2008,117.79
24/10/2008,117.9
23/10/2008,117.85
22/10/2008,117.84
21/10/2008,117.8
20/10/2008,117.89
17/10/2008,117.84
16/10/2008,117.8
15/10/2008,117.74
14/10/2008,117.72
13/10/2008,117.72
10/10/2008,117.72
09/10/2008,117.7
08/10/2008,117.7
07/10/2008,117.7
06/10/2008,117.72
03/10/2008,117.51
02/10/2008,117.67
01/10/2008,117.5
30/09/2008,117.5
29/09/2008,117.59
26/09/2008,117.59
25/09/2008,117.62
24/09/2008,117.62
23/09/2008,117.66
22/09/2008,117.66
19/09/2008,117.69
18/09/2008,117.71
17/09/2008,117.67
16/09/2008,117.67
15/09/2008,117.6
12/09/2008,117.57
11/09/2008,117.57
10/09/2008,117.61
09/09/2008,117.6
08/09/2008,117.62
05/09/2008,117.64
04/09/2008,117.63
03/09/2008,117.69
02/09/2008,117.55
01/09/2008,117.59
29/08/2008,117.5
28/08/2008,117.6
27/08/2008,117.65
26/08/2008,117.7
25/08/2008,117.69
22/08/2008,117.7
21/08/2008,117.74
20/08/2008,117.75
19/08/2008,117.75
18/08/2008,117.75
15/08/2008,117.72
14/08/2008,117.72
13/08/2008,117.73
12/08/2008,117.73
11/08/2008,117.73
08/08/2008,117.71
07/08/2008,117.7
06/08/2008,117.68
05/08/2008,117.72
04/08/2008,117.72
01/08/2008,117.74
31/07/2008,117.75
30/07/2008,117.74
29/07/2008,117.74
28/07/2008,117.74
25/07/2008,117.75
24/07/2008,117.76
23/07/2008,117.74
22/07/2008,117.75
21/07/2008,117.72
18/07/2008,117.7
17/07/2008,117.71
16/07/2008,117.71
15/07/2008,117.55
14/07/2008,117.68
11/07/2008,117.71
10/07/2008,116.8
09/07/2008,116.8
08/07/2008,116.8
07/07/2008,116.75
04/07/2008,117.65
03/07/2008,117.72
02/07/2008,117.77
01/07/2008,117.77
30/06/2008,117.75
27/06/2008,117.74
26/06/2008,117.77
25/06/2008,117.8
24/06/2008,117.78
23/06/2008,117.8
20/06/2008,117.74
19/06/2008,117.75
18/06/2008,116.75
17/06/2008,117.78
16/06/2008,117.8
13/06/2008,117.8
12/06/2008,117.79
11/06/2008,117.76
10/06/2008,117.75
09/06/2008,117.79
06/06/2008,117.75
05/06/2008,117.79
04/06/2008,117.79
03/06/2008,117.78
02/06/2008,117.79
30/05/2008,117.8
29/05/2008,117.8
28/05/2008,117.8
27/05/2008,117.7
26/05/2008,117.7
23/05/2008,117.75
22/05/2008,117.81
21/05/2008,117.7
20/05/2008,117.82
19/05/2008,117.82
16/05/2008,117.82
15/05/2008,117.84
14/05/2008,117.81
13/05/2008,117.85
12/05/2008,117.8
09/05/2008,117.85
08/05/2008,117.89
07/05/2008,117.9
06/05/2008,117.87
05/05/2008,117.87
02/05/2008,117.76
01/05/2008,117.87
30/04/2008,117.87
29/04/2008,117.5
28/04/2008,117.74
25/04/2008,117.7
24/04/2008,117.65
23/04/2008,117.69
22/04/2008,117.1
21/04/2008,117.65
18/04/2008,117.65
17/04/2008,117.35
16/04/2008,117.65
15/04/2008,117.44
14/04/2008,117.42
11/04/2008,117.3
10/04/2008,117.28
09/04/2008,117.27
08/04/2008,117.34
07/04/2008,117.38
04/04/2008,117.47
03/04/2008,117.38
02/04/2008,117.45
01/04/2008,117.17
31/03/2008,117.04
28/03/2008,116.99
27/03/2008,117.02
26/03/2008,116.84
25/03/2008,116.7
24/03/2008,116.59
21/03/2008,116.59
20/03/2008,116.59
19/03/2008,116.4
18/03/2008,116.62
17/03/2008,116.48
14/03/2008,116.35
13/03/2008,116.55
12/03/2008,116.5
11/03/2008,116.6
10/03/2008,116.55
07/03/2008,116.91
06/03/2008,116.83
05/03/2008,117
04/03/2008,116.98
03/03/2008,117.01
29/02/2008,117
28/02/2008,116.95
27/02/2008,117.04
26/02/2008,117.26
25/02/2008,117.27
22/02/2008,117.4
21/02/2008,117.5
20/02/2008,117.15
19/02/2008,117.15
18/02/2008,117.5
15/02/2008,117.51
14/02/2008,117.55
13/02/2008,117.35
12/02/2008,117.3
11/02/2008,117.43
08/02/2008,117.5
07/02/2008,117.56
06/02/2008,117.4
05/02/2008,117.61
04/02/2008,117.5
01/02/2008,117.5
31/01/2008,117.7
30/01/2008,117.7
29/01/2008,117.7
28/01/2008,117.75
25/01/2008,117.65
24/01/2008,117.65
23/01/2008,117.65
22/01/2008,117.47
21/01/2008,117.48
18/01/2008,116.95
17/01/2008,117.5
16/01/2008,117.5
15/01/2008,117.5
14/01/2008,117.5
11/01/2008,118
10/01/2008,117.5
09/01/2008,118
08/01/2008,118.05
07/01/2008,118.15
04/01/2008,118.1
03/01/2008,117.7
02/01/2008,118.2
01/01/2008,118.2
31/12/2007,118.2
28/12/2007,118.2
27/12/2007,117.85
26/12/2007,117.85
25/12/2007,117.9
24/12/2007,117.6
21/12/2007,117.9
20/12/2007,117.8
19/12/2007,117.8
18/12/2007,117.8
17/12/2007,117.8
14/12/2007,117.8
13/12/2007,117.85
12/12/2007,117.89
11/12/2007,117.95
10/12/2007,117.85
07/12/2007,117.5
06/12/2007,118.08
05/12/2007,118
04/12/2007,118
03/12/2007,118
30/11/2007,118.7
29/11/2007,118.7
28/11/2007,118.84
27/11/2007,118.83
26/11/2007,118.85
23/11/2007,118.85
22/11/2007,118.85
21/11/2007,119.06
20/11/2007,119.12
19/11/2007,119.18
16/11/2007,119.02
15/11/2007,119.3
14/11/2007,119.1
13/11/2007,118.9
12/11/2007,119
09/11/2007,119
08/11/2007,119
07/11/2007,119
06/11/2007,120
05/11/2007,121
02/11/2007,121.15
01/11/2007,121.15
31/10/2007,121
30/10/2007,121
29/10/2007,121.2
26/10/2007,121
25/10/2007,120.9
24/10/2007,121.5
23/10/2007,121.5
22/10/2007,122.35
19/10/2007,123
18/10/2007,123.9
17/10/2007,124.1
16/10/2007,124.35
15/10/2007,124.35
12/10/2007,124.35
11/10/2007,124.5
10/10/2007,124.5
09/10/2007,124.5
08/10/2007,124.5
05/10/2007,124.3
04/10/2007,124.45
03/10/2007,124.9
02/10/2007,124.8
01/10/2007,124.8
28/09/2007,124.9
27/09/2007,125
26/09/2007,124.9
25/09/2007,125.29
24/09/2007,125.3
21/09/2007,125.2
20/09/2007,125.3
19/09/2007,125.4
18/09/2007,125.68
17/09/2007,125.52
14/09/2007,125.9
13/09/2007,126
12/09/2007,126
11/09/2007,126.01
10/09/2007,125.95
07/09/2007,126.05
06/09/2007,126.05
05/09/2007,126.02
04/09/2007,126.05
03/09/2007,126.05
31/08/2007,126.15
30/08/2007,126.21
29/08/2007,126.2
28/08/2007,126.12
27/08/2007,126.28
24/08/2007,126.25
23/08/2007,126.32
22/08/2007,126.25
21/08/2007,126.05
20/08/2007,126.28
17/08/2007,125.95
16/08/2007,126.05
15/08/2007,126.29
14/08/2007,126.25
13/08/2007,126.87
10/08/2007,126.93
09/08/2007,126.9
08/08/2007,126.9
07/08/2007,126.8
06/08/2007,127
03/08/2007,127.03
02/08/2007,127.06
01/08/2007,127
31/07/2007,126.8
30/07/2007,127.11
27/07/2007,126.75
26/07/2007,127
25/07/2007,127.05
24/07/2007,127.1
23/07/2007,126.75
20/07/2007,126.75
19/07/2007,126.85
18/07/2007,126.55
17/07/2007,126.65
16/07/2007,126.75
13/07/2007,126.8
12/07/2007,126.8
11/07/2007,127.05
10/07/2007,127.25
09/07/2007,127.1
06/07/2007,127.15
05/07/2007,127.05
04/07/2007,127.1
03/07/2007,127
02/07/2007,127.15
29/06/2007,127.1
28/06/2007,127.15
27/06/2007,127.2
26/06/2007,127.25
25/06/2007,127.2
22/06/2007,127.25
21/06/2007,127.35
20/06/2007,127.4
19/06/2007,127.43
18/06/2007,127.4
15/06/2007,127.35
14/06/2007,127.43
13/06/2007,127.4
12/06/2007,127.25
11/06/2007,127.34
08/06/2007,127.4
07/06/2007,127.4
06/06/2007,127.3
05/06/2007,127.38
04/06/2007,127.4
01/06/2007,127.45
31/05/2007,127.5
30/05/2007,127.37
29/05/2007,127.43
28/05/2007,127.45
25/05/2007,127.4
24/05/2007,127.4
23/05/2007,127.4
22/05/2007,127.35
21/05/2007,127.3
18/05/2007,127.58
17/05/2007,127.45
16/05/2007,127.46
15/05/2007,127.42
14/05/2007,127.57
11/05/2007,127.43
10/05/2007,127.45
09/05/2007,127.4
08/05/2007,127.35
07/05/2007,127.5
04/05/2007,127.25
03/05/2007,127.3
02/05/2007,127.05
01/05/2007,127.2
30/04/2007,127.4
27/04/2007,127.15
26/04/2007,127.2
25/04/2007,127.2
24/04/2007,127.7
23/04/2007,127.9
20/04/2007,127.8
19/04/2007,127.85
18/04/2007,128.02
17/04/2007,127.75
16/04/2007,128.05
13/04/2007,127.75
12/04/2007,128.05
11/04/2007,127.95
10/04/2007,128.1
09/04/2007,127.8
06/04/2007,127.8
05/04/2007,127.8
04/04/2007,128
03/04/2007,128
02/04/2007,127.7
30/03/2007,127.8
29/03/2007,128
28/03/2007,128
27/03/2007,128
26/03/2007,127.8
23/03/2007,128.1
22/03/2007,128.1
21/03/2007,127.95
20/03/2007,128.15
19/03/2007,128
16/03/2007,128
15/03/2007,128
14/03/2007,128
13/03/2007,128.1
12/03/2007,128.1
09/03/2007,128.2
08/03/2007,128.1
07/03/2007,128.2
06/03/2007,128.05
05/03/2007,128.03
02/03/2007,128.05
01/03/2007,128.15
28/02/2007,128.1
27/02/2007,127.95
26/02/2007,128.1
23/02/2007,128.14
22/02/2007,128.15
21/02/2007,128
20/02/2007,127.95
19/02/2007,127.9
16/02/2007,127.9
15/02/2007,128.03
14/02/2007,128.05
13/02/2007,128.1
12/02/2007,127.95
09/02/2007,128
08/02/2007,128
07/02/2007,127.9
06/02/2007,127.95
05/02/2007,128
02/02/2007,127.95
01/02/2007,128.1
31/01/2007,128
30/01/2007,128.05
29/01/2007,127.85
26/01/2007,127.85
25/01/2007,127.8
24/01/2007,127.9
23/01/2007,127.8
22/01/2007,127.95
19/01/2007,127.94
18/01/2007,127.95
17/01/2007,127.95
16/01/2007,127.98
15/01/2007,127.9
12/01/2007,128.02
11/01/2007,128
10/01/2007,127.5
09/01/2007,128.05
08/01/2007,128
05/01/2007,128
04/01/2007,127.9
03/01/2007,128
02/01/2007,128
01/01/2007,128.3
29/12/2006,128.3
28/12/2006,128
27/12/2006,128.1
26/12/2006,128
25/12/2006,128
22/12/2006,128
21/12/2006,128.1
20/12/2006,127.95
19/12/2006,128
18/12/2006,128
15/12/2006,128.1
14/12/2006,128
13/12/2006,128.1
12/12/2006,128
11/12/2006,127.9
08/12/2006,128.05
07/12/2006,128
06/12/2006,128
05/12/2006,128
04/12/2006,127.75
01/12/2006,127.9
30/11/2006,127.9
29/11/2006,128
28/11/2006,127.5
27/11/2006,127.5
24/11/2006,127.8
23/11/2006,127.75
22/11/2006,127.8
21/11/2006,127.5
20/11/2006,127.5
17/11/2006,127.82
16/11/2006,127.75
15/11/2006,127.8
14/11/2006,127.75
13/11/2006,128.15
10/11/2006,128.2
09/11/2006,128.15
08/11/2006,128.16
07/11/2006,128.15
06/11/2006,127.9
03/11/2006,128.25
02/11/2006,127.75
01/11/2006,128.25
31/10/2006,127.9
30/10/2006,127.95
27/10/2006,127.9
26/10/2006,127.75
25/10/2006,127.9
24/10/2006,127.85
23/10/2006,127.85
20/10/2006,127.75
19/10/2006,127.9
18/10/2006,128.1
17/10/2006,127.9
16/10/2006,128
13/10/2006,127.8
12/10/2006,127.9
11/10/2006,127.5
10/10/2006,127.9
09/10/2006,128.1
06/10/2006,127.9
05/10/2006,127.5
04/10/2006,127.9
03/10/2006,127.95
02/10/2006,127.9
29/09/2006,128
28/09/2006,127.9
27/09/2006,128
26/09/2006,127.8
25/09/2006,127.75
22/09/2006,127.75
21/09/2006,127.7
20/09/2006,127.8
19/09/2006,127.85
18/09/2006,128.15
15/09/2006,127.95
14/09/2006,127.6
13/09/2006,127.9
12/09/2006,127.85
11/09/2006,127.9
08/09/2006,127.85
07/09/2006,127.9
06/09/2006,127.85
05/09/2006,127.9
04/09/2006,127.85
01/09/2006,127.75
31/08/2006,127.9
30/08/2006,127.85
29/08/2006,128.1
28/08/2006,128.15
25/08/2006,128.1
24/08/2006,127.75
23/08/2006,128.1
22/08/2006,127.7
21/08/2006,128.1
18/08/2006,127.8
17/08/2006,127.75
16/08/2006,127.5
15/08/2006,127.5
14/08/2006,127.5
11/08/2006,127.8
10/08/2006,127.85
09/08/2006,127.75
08/08/2006,127.6
07/08/2006,127.75
04/08/2006,127.8
03/08/2006,127.85
02/08/2006,127.5
01/08/2006,128
31/07/2006,127.9
28/07/2006,128.2
27/07/2006,127.5
26/07/2006,127.5
25/07/2006,127.75
24/07/2006,127.5
21/07/2006,128
20/07/2006,127.5
19/07/2006,127.5
18/07/2006,127.5
17/07/2006,127.5
14/07/2006,127.75
13/07/2006,127.5
12/07/2006,127.8
11/07/2006,127.5
10/07/2006,127.5
07/07/2006,127.5
06/07/2006,127.6
05/07/2006,127.5
04/07/2006,127.8
03/07/2006,127.95
30/06/2006,127.5
29/06/2006,127.5
28/06/2006,128.15
27/06/2006,128.1
26/06/2006,127.5
23/06/2006,128.1
22/06/2006,127.5
21/06/2006,128.15
20/06/2006,128.1
19/06/2006,128.1
16/06/2006,127.5
15/06/2006,128.2
14/06/2006,127.6
13/06/2006,127.5
12/06/2006,128
09/06/2006,127.5
08/06/2006,128.2
07/06/2006,127
06/06/2006,128
05/06/2006,127.5
02/06/2006,128
01/06/2006,128.35
31/05/2006,128
30/05/2006,128.4
29/05/2006,128
26/05/2006,128.1
25/05/2006,127.9
24/05/2006,127.5
23/05/2006,127.5
22/05/2006,127.5
19/05/2006,127.5
18/05/2006,127.5
17/05/2006,127.8
16/05/2006,127.5
15/05/2006,127.5
12/05/2006,127.25
11/05/2006,128.25
10/05/2006,127.5
09/05/2006,128
08/05/2006,127.2
05/05/2006,127.7
04/05/2006,128.25
03/05/2006,127.5
02/05/2006,127.5
01/05/2006,127.25
28/04/2006,127.25
27/04/2006,127.5
26/04/2006,128.25
25/04/2006,127.5
24/04/2006,127.25
21/04/2006,127.5
20/04/2006,127.5
19/04/2006,128.1
18/04/2006,128.2
17/04/2006,127.5
14/04/2006,127.5
13/04/2006,127.5
12/04/2006,128.35
11/04/2006,127.25
10/04/2006,127.5
07/04/2006,127.25
06/04/2006,127.25
05/04/2006,128.55
04/04/2006,127.2
03/04/2006,127.25
31/03/2006,127.5
30/03/2006,127.5
29/03/2006,127
28/03/2006,127.5
27/03/2006,127.5
24/03/2006,127.5
23/03/2006,127.4
22/03/2006,127.25
21/03/2006,127.2
20/03/2006,127.5
17/03/2006,127.5
16/03/2006,127
15/03/2006,127.2
14/03/2006,128.35
13/03/2006,127.3
10/03/2006,127.35
09/03/2006,128.55
08/03/2006,126.5
07/03/2006,128
06/03/2006,128.65
03/03/2006,128
02/03/2006,127.25
01/03/2006,127.5
28/02/2006,127.5
27/02/2006,127
24/02/2006,127
23/02/2006,128
22/02/2006,128.4
21/02/2006,128
20/02/2006,128
17/02/2006,128
16/02/2006,129
15/02/2006,128.5
14/02/2006,128.5
13/02/2006,128.5
10/02/2006,128.75
09/02/2006,128.5
08/02/2006,128.5
07/02/2006,128.5
06/02/2006,128
03/02/2006,127.5
02/02/2006,128.3
01/02/2006,127
31/01/2006,127.5
30/01/2006,127.5
27/01/2006,128.7
26/01/2006,127.5
25/01/2006,127.5
24/01/2006,127.25
23/01/2006,129.7
20/01/2006,129.5
19/01/2006,128.75
18/01/2006,127
17/01/2006,127
16/01/2006,127
13/01/2006,127
12/01/2006,127
11/01/2006,128.2
10/01/2006,128
09/01/2006,127
06/01/2006,128
05/01/2006,128
04/01/2006,128
03/01/2006,128.5
02/01/2006,130.2
30/12/2005,130.2
29/12/2005,128.5
28/12/2005,130.15
27/12/2005,128.5
26/12/2005,128.5
23/12/2005,128.5
22/12/2005,128.5
21/12/2005,128.5
20/12/2005,128
19/12/2005,128
16/12/2005,128
15/12/2005,127.25
14/12/2005,127.25
13/12/2005,129.5
12/12/2005,129.2
09/12/2005,129.15
08/12/2005,128.5
07/12/2005,128
06/12/2005,128
05/12/2005,128
02/12/2005,128.5
01/12/2005,129
30/11/2005,129
29/11/2005,129
28/11/2005,128.5
25/11/2005,129.5
24/11/2005,130.15
23/11/2005,129.5
22/11/2005,129.5
21/11/2005,129.25
18/11/2005,130.55
17/11/2005,129.25
16/11/2005,130.5
15/11/2005,129.25
14/11/2005,130.7
11/11/2005,129.25
10/11/2005,130.5
09/11/2005,128.6
08/11/2005,128
07/11/2005,128.5
04/11/2005,130.85
03/11/2005,128.8
02/11/2005,129
01/11/2005,129
31/10/2005,129.25
28/10/2005,129.5
27/10/2005,129
26/10/2005,129.2
25/10/2005,129.5
24/10/2005,129.5
21/10/2005,130.75
20/10/2005,130.7
19/10/2005,130.7
18/10/2005,129
17/10/2005,128.5
14/10/2005,128.5
13/10/2005,128.9
12/10/2005,128.5
11/10/2005,128.5
10/10/2005,128.5
07/10/2005,128.5
06/10/2005,128.5
05/10/2005,129
04/10/2005,128.5
03/10/2005,128.5
30/09/2005,128.5
29/09/2005,128.5
28/09/2005,130.8
27/09/2005,130
26/09/2005,130.35
23/09/2005,132.15
22/09/2005,131.85
21/09/2005,129
20/09/2005,129
19/09/2005,130
16/09/2005,130.3
15/09/2005,130
14/09/2005,131
13/09/2005,130.05
12/09/2005,130.5
09/09/2005,130
08/09/2005,130
07/09/2005,131
06/09/2005,129.05
05/09/2005,131.5
02/09/2005,133.6
01/09/2005,130.25
31/08/2005,130.25
30/08/2005,130.5
29/08/2005,131.65
26/08/2005,131.05
25/08/2005,131
24/08/2005,131.25
23/08/2005,133.7
22/08/2005,136
19/08/2005,135.5
18/08/2005,135.8
17/08/2005,136.05
16/08/2005,135
15/08/2005,135
12/08/2005,135.5
11/08/2005,135.5
10/08/2005,136
09/08/2005,136.2
08/08/2005,135.5
05/08/2005,135
04/08/2005,135
03/08/2005,136.3
02/08/2005,136
01/08/2005,135
29/07/2005,136
28/07/2005,132.5
27/07/2005,132.5
26/07/2005,132.25
25/07/2005,132.75
22/07/2005,132.5
21/07/2005,133.75
20/07/2005,133.25
19/07/2005,132.75
18/07/2005,132.25
15/07/2005,132
14/07/2005,132
13/07/2005,131.25
12/07/2005,131.75
11/07/2005,131.5
08/07/2005,131.75
07/07/2005,134
06/07/2005,131.25
05/07/2005,131.5
04/07/2005,134.8
01/07/2005,131.5
30/06/2005,131.1
29/06/2005,131.25
28/06/2005,131.5
27/06/2005,131.25
24/06/2005,131.5
23/06/2005,131.7
22/06/2005,132.75
21/06/2005,131
20/06/2005,131.25
17/06/2005,134
16/06/2005,131
15/06/2005,133
14/06/2005,134.3
13/06/2005,130.25
10/06/2005,130.5
09/06/2005,130.25
08/06/2005,130.5
07/06/2005,130.5
06/06/2005,133.3
03/06/2005,130.25
02/06/2005,130.5
01/06/2005,130.25
31/05/2005,130.25
30/05/2005,132
27/05/2005,130.25
26/05/2005,130.25
25/05/2005,130.25
24/05/2005,130.25
23/05/2005,131.9
20/05/2005,133.15
19/05/2005,132.5
18/05/2005,130.25
17/05/2005,130.5
16/05/2005,130.5
13/05/2005,130.25
12/05/2005,132.85
11/05/2005,132.8
10/05/2005,132.75
09/05/2005,130.5
06/05/2005,130.25
05/05/2005,130.25
04/05/2005,130.25
03/05/2005,130.25
02/05/2005,130.25
29/04/2005,130.25
28/04/2005,132.75
27/04/2005,130.25
26/04/2005,130.25
25/04/2005,130.25
22/04/2005,130.25
21/04/2005,130.25
20/04/2005,130.5
19/04/2005,130.25
18/04/2005,130.5
15/04/2005,130.25
14/04/2005,130.5
13/04/2005,130.2
12/04/2005,130.5
11/04/2005,130.25
08/04/2005,130.25
07/04/2005,130.25
06/04/2005,130.25
05/04/2005,130.5
04/04/2005,130.35
01/04/2005,131.25
31/03/2005,130.3
30/03/2005,130.25
29/03/2005,132.75
28/03/2005,131.1
25/03/2005,131.1
24/03/2005,131.1
23/03/2005,130.5
22/03/2005,130.5
21/03/2005,130.25
18/03/2005,130.25
17/03/2005,130.25
16/03/2005,130.25
15/03/2005,132.8
14/03/2005,130.5
11/03/2005,132.77
10/03/2005,130.5
09/03/2005,131.05
08/03/2005,130.5
07/03/2005,131.25
04/03/2005,130.25
03/03/2005,132.75
02/03/2005,130
01/03/2005,130.5
28/02/2005,130.5
25/02/2005,130
24/02/2005,131
23/02/2005,132
22/02/2005,132.6
21/02/2005,132.5
18/02/2005,130.5
17/02/2005,132.4
16/02/2005,132.35
15/02/2005,130
14/02/2005,130
11/02/2005,132
10/02/2005,132
09/02/2005,132.7
08/02/2005,131.5
07/02/2005,132.85
04/02/2005,131.5
03/02/2005,131.4
02/02/2005,131.35
01/02/2005,132.25
31/01/2005,131.25
28/01/2005,130.5
27/01/2005,130
26/01/2005,132.2
25/01/2005,132.1
24/01/2005,130.5
21/01/2005,130.5
20/01/2005,130.25
19/01/2005,132.07
18/01/2005,130.25
17/01/2005,130.25
14/01/2005,130.25
13/01/2005,130.25
12/01/2005,130.2
11/01/2005,130.5
10/01/2005,130.25
07/01/2005,131.25
06/01/2005,130.25
05/01/2005,131.25
04/01/2005,130.25
03/01/2005,130.6
31/12/2004,130.5
30/12/2004,130.6
29/12/2004,130.25
28/12/2004,133
27/12/2004,133.1
24/12/2004,133.2
23/12/2004,130.25
22/12/2004,130.25
21/12/2004,130.5
20/12/2004,130.25
17/12/2004,130.25
16/12/2004,131.25
15/12/2004,130.25
14/12/2004,130.5
13/12/2004,131.5
10/12/2004,132.5
09/12/2004,131
08/12/2004,130
07/12/2004,130.2
06/12/2004,132.2
03/12/2004,132
02/12/2004,132.05
01/12/2004,132
30/11/2004,132.05
29/11/2004,132.15
26/11/2004,131.6
25/11/2004,132.75
24/11/2004,132.7
23/11/2004,132.5
22/11/2004,132.5
19/11/2004,130.25
18/11/2004,130.75
17/11/2004,130.75
16/11/2004,130.75
15/11/2004,131.75
12/11/2004,131.6
11/11/2004,132.7
10/11/2004,130.75
09/11/2004,130.75
08/11/2004,131.75
05/11/2004,131.75
04/11/2004,130.75
03/11/2004,131.75
02/11/2004,132.95
01/11/2004,130.75
29/10/2004,130.25
28/10/2004,132.9
27/10/2004,132.98
26/10/2004,131.25
25/10/2004,132.75
22/10/2004,131.25
21/10/2004,131.25
20/10/2004,132.97
19/10/2004,131.25
18/10/2004,130.25
15/10/2004,130.25
14/10/2004,130.25
13/10/2004,131.25
12/10/2004,130.25
11/10/2004,132.75
08/10/2004,130.25
07/10/2004,131.25
06/10/2004,131.25
05/10/2004,133.75
04/10/2004,131.25
01/10/2004,130.25
30/09/2004,130.25
29/09/2004,130.25
28/09/2004,131.25
27/09/2004,132.1
24/09/2004,132.25
23/09/2004,133.1
22/09/2004,130.5
21/09/2004,132.95
20/09/2004,131.5
17/09/2004,131.5
16/09/2004,131.5
15/09/2004,131.95
14/09/2004,132.5
13/09/2004,131.5
10/09/2004,132.5
09/09/2004,132.5
08/09/2004,132.75
07/09/2004,132.5
06/09/2004,133.5
03/09/2004,131.25
02/09/2004,130.25
01/09/2004,131.5
31/08/2004,131.25
30/08/2004,133.05
27/08/2004,131.25
26/08/2004,130.25
25/08/2004,132.9
24/08/2004,131.75
23/08/2004,131.25
20/08/2004,131.25
19/08/2004,130.25
18/08/2004,131.8
17/08/2004,131.75
16/08/2004,131.5
13/08/2004,130.5
12/08/2004,131.5
11/08/2004,131.5
10/08/2004,131.5
09/08/2004,131.25
06/08/2004,131.25
05/08/2004,131.25
04/08/2004,133.2
03/08/2004,131.5
02/08/2004,131.5
30/07/2004,131.5
29/07/2004,131.5
28/07/2004,131.5
27/07/2004,131.5
26/07/2004,133.25
23/07/2004,131.5
22/07/2004,133.1
21/07/2004,131.25
20/07/2004,132.25
19/07/2004,132.25
16/07/2004,133
15/07/2004,133.25
14/07/2004,133.25
13/07/2004,133.25
12/07/2004,133.25
09/07/2004,134.4
08/07/2004,135.6
07/07/2004,135.8
06/07/2004,134.6
05/07/2004,133.3
02/07/2004,133.15
01/07/2004,131.5
30/06/2004,131
29/06/2004,131.5
28/06/2004,131.5
25/06/2004,133.25
24/06/2004,130.5
23/06/2004,133.15
22/06/2004,130.5
21/06/2004,130.5
18/06/2004,130.5
17/06/2004,130.5
16/06/2004,133.15
15/06/2004,130.5
14/06/2004,130.5
11/06/2004,131.2
10/06/2004,130.5
09/06/2004,131.2
08/06/2004,130.5
07/06/2004,130.5
04/06/2004,131.25
03/06/2004,130.5
02/06/2004,130.5
01/06/2004,133.3
31/05/2004,133.15
28/05/2004,130.5
27/05/2004,133.2
26/05/2004,130.5
25/05/2004,132.75
24/05/2004,131.5
21/05/2004,131.5
20/05/2004,131.5
19/05/2004,131.5
18/05/2004,131.5
17/05/2004,131.5
14/05/2004,131.5
13/05/2004,131.5
12/05/2004,132.5
11/05/2004,131.5
10/05/2004,132
07/05/2004,131.4
06/05/2004,134
05/05/2004,131.5
04/05/2004,131.5
03/05/2004,134.5
30/04/2004,131.5
29/04/2004,131.5
28/04/2004,131.25
27/04/2004,131.25
26/04/2004,131.25
23/04/2004,131.25
22/04/2004,131.5
21/04/2004,131.5
20/04/2004,131.5
19/04/2004,131.5
16/04/2004,135.5
15/04/2004,132.5
14/04/2004,132.5
13/04/2004,132.5
12/04/2004,131.1
09/04/2004,131.1
08/04/2004,131.1
07/04/2004,130
06/04/2004,131
05/04/2004,130
02/04/2004,130
01/04/2004,130
31/03/2004,130
30/03/2004,130
29/03/2004,130
26/03/2004,131
25/03/2004,132.5
24/03/2004,132.5
23/03/2004,132
22/03/2004,132
19/03/2004,132
18/03/2004,132
17/03/2004,132
16/03/2004,132
15/03/2004,132
12/03/2004,132
11/03/2004,132
10/03/2004,132
09/03/2004,133
08/03/2004,133
05/03/2004,133
04/03/2004,133
03/03/2004,133
02/03/2004,135.2
01/03/2004,133
27/02/2004,135.4
26/02/2004,135.8
25/02/2004,136.1
24/02/2004,136.15
23/02/2004,136.15
20/02/2004,136.35
19/02/2004,136.45
18/02/2004,136.45
17/02/2004,136.3
16/02/2004,136.15
13/02/2004,136.155
12/02/2004,135
11/02/2004,134
10/02/2004,135.2
09/02/2004,135
06/02/2004,134
05/02/2004,134
04/02/2004,136
03/02/2004,134
02/02/2004,134
30/01/2004,135
29/01/2004,135.5
28/01/2004,135.5
27/01/2004,135
26/01/2004,135
23/01/2004,136.5
22/01/2004,136.65
21/01/2004,137.1
20/01/2004,137.2
19/01/2004,137
16/01/2004,137.3
15/01/2004,138
14/01/2004,138.1
13/01/2004,138
12/01/2004,138.15
09/01/2004,138.3
08/01/2004,138.25
07/01/2004,138.3
06/01/2004,138.4
05/01/2004,139.2
02/01/2004,138.9
31/12/2003,139.085
30/12/2003,139.95
29/12/2003,139.07
26/12/2003,138.7
25/12/2003,138.7
24/12/2003,138.7
23/12/2003,137.3
22/12/2003,137.02
19/12/2003,136.07
18/12/2003,136.7
17/12/2003,137.085
16/12/2003,137.1
15/12/2003,137
12/12/2003,137.2
11/12/2003,137.06
10/12/2003,138.2
09/12/2003,138.55
08/12/2003,138.5
05/12/2003,138.9
04/12/2003,138.5
03/12/2003,139
02/12/2003,141.8
01/12/2003,141.5
28/11/2003,141.5
27/11/2003,144
26/11/2003,142
25/11/2003,142
24/11/2003,143
21/11/2003,143.9
20/11/2003,144.1
19/11/2003,141
18/11/2003,142.55
17/11/2003,140.1
14/11/2003,132.4
13/11/2003,132.6
12/11/2003,132.6
11/11/2003,136.8
10/11/2003,139
07/11/2003,138.65
06/11/2003,149
05/11/2003,149
04/11/2003,149.4
03/11/2003,136
31/10/2003,132.6
30/10/2003,138.45
29/10/2003,138.3
28/10/2003,135.9
27/10/2003,135
24/10/2003,135.5
23/10/2003,135.7
22/10/2003,136.1
21/10/2003,138.15
20/10/2003,138
17/10/2003,135.8
16/10/2003,134.35
15/10/2003,133.35
14/10/2003,132.6
13/10/2003,132.35
10/10/2003,132.65
09/10/2003,131.7
08/10/2003,131.65
07/10/2003,131
06/10/2003,131
03/10/2003,130.95
02/10/2003,130.9
01/10/2003,131
30/09/2003,131
29/09/2003,130.9
26/09/2003,130.05
25/09/2003,130.975
24/09/2003,131.15
23/09/2003,130.9
22/09/2003,130.9
19/09/2003,130
18/09/2003,130.85
17/09/2003,130.7
16/09/2003,131.15
15/09/2003,130.7
12/09/2003,131.15
11/09/2003,130.9
10/09/2003,130.7
09/09/2003,130.8
08/09/2003,130.8
05/09/2003,131.85
04/09/2003,127
03/09/2003,129
02/09/2003,130
01/09/2003,132
29/08/2003,131.85
28/08/2003,130.5
27/08/2003,129.5
26/08/2003,130.95
25/08/2003,131.05
22/08/2003,129
21/08/2003,131.6
20/08/2003,130.35
19/08/2003,130
18/08/2003,130.4
15/08/2003,129
14/08/2003,130.3
13/08/2003,130.4
12/08/2003,130.1
11/08/2003,130.05
08/08/2003,130
07/08/2003,129.7
06/08/2003,128.9
05/08/2003,127.55
04/08/2003,127.85
01/08/2003,127.9
31/07/2003,127.9
30/07/2003,127.95
29/07/2003,127.9
28/07/2003,128
25/07/2003,128.15
24/07/2003,127.5
23/07/2003,128.3
22/07/2003,128.9
21/07/2003,129.5
18/07/2003,129.5
17/07/2003,129.6
16/07/2003,129.55
15/07/2003,129.5
14/07/2003,129.65
11/07/2003,129.5
10/07/2003,129
09/07/2003,129.7
08/07/2003,129.75
07/07/2003,129.5
04/07/2003,129.6
03/07/2003,129.8
02/07/2003,129.6
01/07/2003,129.85
30/06/2003,129.55
27/06/2003,129.7
26/06/2003,129.45
25/06/2003,129.85
24/06/2003,129.85
23/06/2003,131.1
20/06/2003,130.65
19/06/2003,131.05
18/06/2003,131
17/06/2003,131.25
16/06/2003,131.3
13/06/2003,131
12/06/2003,131.7
11/06/2003,130.5
10/06/2003,130.25
09/06/2003,130.6
06/06/2003,131.35
05/06/2003,130.2
04/06/2003,130.2
03/06/2003,130
02/06/2003,129.85
30/05/2003,129.5
29/05/2003,129
28/05/2003,129.2
27/05/2003,129.15
26/05/2003,129
23/05/2003,129
22/05/2003,129.45
21/05/2003,128.8
20/05/2003,129.3
19/05/2003,129.6
16/05/2003,129.7
15/05/2003,129.7
14/05/2003,129.7
13/05/2003,129.6
12/05/2003,129.7
09/05/2003,129.8
08/05/2003,129.8
07/05/2003,129.9
06/05/2003,129.5
05/05/2003,130.5
02/05/2003,130.5
01/05/2003,130.5
30/04/2003,130.5
29/04/2003,130.5
28/04/2003,129.2
25/04/2003,130.1
24/04/2003,130.1
23/04/2003,130.5
22/04/2003,130.5
21/04/2003,130.3
18/04/2003,130.3
17/04/2003,130.3
16/04/2003,130.7
15/04/2003,131
14/04/2003,130.6
11/04/2003,130.5
10/04/2003,130.6
09/04/2003,131
08/04/2003,130.5
07/04/2003,130.2
04/04/2003,130.1
03/04/2003,129.4
02/04/2003,129.45
01/04/2003,129.55
31/03/2003,129.55
28/03/2003,129.2
27/03/2003,129.2
26/03/2003,129.3
25/03/2003,129.5
24/03/2003,129.5
21/03/2003,129.4
20/03/2003,129.45
19/03/2003,129.25
18/03/2003,129.5
17/03/2003,129.35
14/03/2003,129.35
13/03/2003,129.4
12/03/2003,129.8
11/03/2003,128.7
10/03/2003,129.1
07/03/2003,128.5
06/03/2003,128.5
05/03/2003,128.4
04/03/2003,128.35
03/03/2003,128.35
28/02/2003,127.8
27/02/2003,128.3
26/02/2003,128.3
25/02/2003,128.3
24/02/2003,128.45
21/02/2003,128.4
20/02/2003,128.5
19/02/2003,128.5
18/02/2003,127.6
17/02/2003,128.6
14/02/2003,128.7
13/02/2003,128.7
12/02/2003,128
11/02/2003,128
10/02/2003,128.6
07/02/2003,128
06/02/2003,128.25
05/02/2003,128
04/02/2003,128.05
03/02/2003,127.9
31/01/2003,127.7
30/01/2003,128
29/01/2003,128
28/01/2003,128.85
27/01/2003,129
24/01/2003,128
23/01/2003,129
22/01/2003,129.1
21/01/2003,128.8
20/01/2003,128.7
17/01/2003,129.2
16/01/2003,129.2
15/01/2003,126
14/01/2003,129.1
13/01/2003,128.7
10/01/2003,128.55
09/01/2003,128.6
08/01/2003,128.25
07/01/2003,128.25
06/01/2003,128.8
03/01/2003,130.15
02/01/2003,129.85
01/01/2003,124.85
31/12/2002,124.85
30/12/2002,124.85
27/12/2002,124.8
26/12/2002,124.9
25/12/2002,124.9
24/12/2002,124.9
23/12/2002,124.9
20/12/2002,130.2
19/12/2002,131.7
18/12/2002,132.7
17/12/2002,130.6
16/12/2002,130.6
13/12/2002,128.5
12/12/2002,127.8
11/12/2002,128.8
10/12/2002,128.5
09/12/2002,127
06/12/2002,128.3
05/12/2002,127.4
04/12/2002,127.5
03/12/2002,127.8
02/12/2002,127.7
29/11/2002,127.8
28/11/2002,127.7
27/11/2002,128.1
26/11/2002,128.4
25/11/2002,128.1
22/11/2002,127.95
21/11/2002,127.7
20/11/2002,127.8
19/11/2002,127.8
18/11/2002,127.55
15/11/2002,127.6
14/11/2002,127.6
13/11/2002,126.8
12/11/2002,127.1
11/11/2002,127.9
08/11/2002,127
07/11/2002,127.3
06/11/2002,127.4
05/11/2002,127.6
04/11/2002,126.8
01/11/2002,126.9
31/10/2002,127.1
30/10/2002,127.1
29/10/2002,127.1
28/10/2002,127.1
25/10/2002,127.2
24/10/2002,127.2
23/10/2002,127
22/10/2002,127.1
21/10/2002,127.15
18/10/2002,127
17/10/2002,127.1
16/10/2002,126
15/10/2002,127
14/10/2002,127.1
11/10/2002,127.2
10/10/2002,127.5
09/10/2002,127.75
08/10/2002,126.4
07/10/2002,126.8
04/10/2002,126.5
03/10/2002,126.5
02/10/2002,126
01/10/2002,126
30/09/2002,126
27/09/2002,126.6
26/09/2002,126.95
25/09/2002,128.1
24/09/2002,127.5
23/09/2002,127.7
20/09/2002,127.75
19/09/2002,128.4
18/09/2002,128.9
17/09/2002,129.2
16/09/2002,129.2
13/09/2002,129.4
12/09/2002,129.3
11/09/2002,128.9
10/09/2002,126.95
09/09/2002,128.2
06/09/2002,127
05/09/2002,126
04/09/2002,126.5
03/09/2002,127
02/09/2002,126.5
30/08/2002,127
29/08/2002,126
28/08/2002,127
27/08/2002,127
26/08/2002,127.25
23/08/2002,127.5
22/08/2002,127.8
21/08/2002,128
20/08/2002,127.85
19/08/2002,129.3
16/08/2002,129.3
15/08/2002,128.8
14/08/2002,128
13/08/2002,128
12/08/2002,129.85
09/08/2002,130.75
08/08/2002,130.75
07/08/2002,130.75
06/08/2002,130
05/08/2002,131.4
02/08/2002,131.4
01/08/2002,134.5
31/07/2002,133
30/07/2002,133
29/07/2002,132.5
26/07/2002,129
25/07/2002,127
24/07/2002,127
23/07/2002,132.3
19/07/2002,124.7
18/07/2002,124.6
17/07/2002,123.25
16/07/2002,123
15/07/2002,121
12/07/2002,120.2
11/07/2002,120.6
10/07/2002,120.6
09/07/2002,120.6
08/07/2002,120.6
05/07/2002,120
04/07/2002,119.95
03/07/2002,120
02/07/2002,120
01/07/2002,120
28/06/2002,119.6
27/06/2002,119.7
26/06/2002,119.5
25/06/2002,119.6
24/06/2002,119.7
21/06/2002,119.7
20/06/2002,119.8
19/06/2002,120
18/06/2002,119.06
17/06/2002,120
14/06/2002,115.5
13/06/2002,114.2
12/06/2002,114.2
11/06/2002,117.1
10/06/2002,114.2
07/06/2002,114.2
06/06/2002,114.2
05/06/2002,115.85
04/06/2002,116.4
03/06/2002,114.2
31/05/2002,114.2
30/05/2002,114.2
29/05/2002,114.8
28/05/2002,114.2
27/05/2002,114.2
24/05/2002,114.6
23/05/2002,114.2
22/05/2002,114.2
21/05/2002,114.2
20/05/2002,115.75
17/05/2002,116.8
16/05/2002,114.2
15/05/2002,114.2
14/05/2002,114.2
13/05/2002,114.2
10/05/2002,114.2
09/05/2002,114.2
08/05/2002,114.2
07/05/2002,114.2
06/05/2002,114.2
03/05/2002,114.2
02/05/2002,114.2
01/05/2002,114.2
30/04/2002,114.2
29/04/2002,114.2
26/04/2002,114.2
25/04/2002,114.2
24/04/2002,114.2
23/04/2002,114.2
22/04/2002,116.1
19/04/2002,114.2
18/04/2002,114.2
17/04/2002,116.15
16/04/2002,114.2
15/04/2002,114.2
12/04/2002,114.2
11/04/2002,114.2
10/04/2002,114.2
09/04/2002,114.2
08/04/2002,114.2
05/04/2002,116
04/04/2002,114.2
03/04/2002,116.05
02/04/2002,114.2
01/04/2002,116.1
29/03/2002,116.1
28/03/2002,116
27/03/2002,116
26/03/2002,116.5
25/03/2002,114.2
22/03/2002,114.2
21/03/2002,116.3
20/03/2002,117.5
19/03/2002,116.85
18/03/2002,116.95
15/03/2002,117
14/03/2002,117.2
13/03/2002,117
12/03/2002,116.7
11/03/2002,117.5
08/03/2002,117.6
07/03/2002,117.6
06/03/2002,117.9
05/03/2002,117.75
04/03/2002,117.75
01/03/2002,117.9
28/02/2002,117.3
27/02/2002,118.5
26/02/2002,118.35
25/02/2002,119.45
22/02/2002,117.9
21/02/2002,119.4
20/02/2002,119
19/02/2002,117.5
18/02/2002,117
15/02/2002,119.8
14/02/2002,120.15
13/02/2002,117
12/02/2002,115.5
11/02/2002,115
08/02/2002,115.4
07/02/2002,115.3
06/02/2002,114.2
05/02/2002,114.7
04/02/2002,114
01/02/2002,114.25
31/01/2002,114.25
30/01/2002,114.5
29/01/2002,114.25
28/01/2002,114.2
25/01/2002,113.75
24/01/2002,113.75
23/01/2002,113.75
22/01/2002,113.75
21/01/2002,114.25
18/01/2002,114.25
17/01/2002,114.25
16/01/2002,114.25
15/01/2002,114.25
14/01/2002,114.5
11/01/2002,114.4
10/01/2002,114.5
09/01/2002,114.8
08/01/2002,114.8
07/01/2002,114.6
04/01/2002,115
03/01/2002,114.6
02/01/2002,114.6
31/12/2001,119
28/12/2001,118
27/12/2001,117.5
26/12/2001,119
25/12/2001,119
24/12/2001,119
21/12/2001,119
20/12/2001,119.1
19/12/2001,119
18/12/2001,119
17/12/2001,119
14/12/2001,119
13/12/2001,119
12/12/2001,120
11/12/2001,119
10/12/2001,119.5
07/12/2001,119.5
06/12/2001,119.2
05/12/2001,119.8
04/12/2001,119.8
03/12/2001,119.8
30/11/2001,120
29/11/2001,120
28/11/2001,120
27/11/2001,120
26/11/2001,119
23/11/2001,119
22/11/2001,119
21/11/2001,119
20/11/2001,118
19/11/2001,118
16/11/2001,118
15/11/2001,117.25
14/11/2001,118
13/11/2001,116.7
12/11/2001,115.7
09/11/2001,114.2
08/11/2001,113.75
07/11/2001,114
06/11/2001,114
05/11/2001,112.16
02/11/2001,111.25
01/11/2001,112.16
31/10/2001,112.16
30/10/2001,112.16
29/10/2001,112.16
26/10/2001,111
25/10/2001,112.16
24/10/2001,112.16
23/10/2001,112.16
22/10/2001,111.6
19/10/2001,112.16
18/10/2001,112.16
17/10/2001,112.16
16/10/2001,112.16
15/10/2001,111.05
12/10/2001,112.16
11/10/2001,112.16
10/10/2001,111.05
09/10/2001,111
08/10/2001,112.16
05/10/2001,111
04/10/2001,112.16
03/10/2001,112.16
02/10/2001,112.16
01/10/2001,112.16
28/09/2001,112.16
27/09/2001,112.16
26/09/2001,112.16
25/09/2001,112.16
24/09/2001,112.16
21/09/2001,112.16
20/09/2001,112.16
19/09/2001,112.16
18/09/2001,112.16
17/09/2001,112.16
14/09/2001,112.16
13/09/2001,112.16
12/09/2001,112.16
11/09/2001,112.16
10/09/2001,111.6
07/09/2001,112.16
06/09/2001,111.9
05/09/2001,112.16
04/09/2001,112.16
03/09/2001,112.16
31/08/2001,112.26
30/08/2001,112
29/08/2001,112.26
28/08/2001,112.26
27/08/2001,112.26
24/08/2001,112.26
23/08/2001,112.26
22/08/2001,112.26
21/08/2001,111.75
20/08/2001,112.26
17/08/2001,111
16/08/2001,112.2
15/08/2001,110
14/08/2001,112.2
13/08/2001,112.2
10/08/2001,112.2
09/08/2001,112.2
08/08/2001,112.2
07/08/2001,112.2
06/08/2001,111.22
03/08/2001,112.2
02/08/2001,112.2
01/08/2001,112.2
31/07/2001,112.2
30/07/2001,112.2
27/07/2001,112.2
26/07/2001,112.2
25/07/2001,111.85
24/07/2001,111.85
23/07/2001,111.8
20/07/2001,111.8
19/07/2001,112.4
18/07/2001,112.4
17/07/2001,112.4
16/07/2001,112.4
13/07/2001,112.4
12/07/2001,112.4
11/07/2001,112.4
10/07/2001,112.4
09/07/2001,111.6
06/07/2001,111.5
05/07/2001,112.4
04/07/2001,112.05
03/07/2001,112.05
02/07/2001,111.5
29/06/2001,112.3
28/06/2001,112.15
27/06/2001,112.5
26/06/2001,112.5
25/06/2001,112.5
22/06/2001,112.5
21/06/2001,112.5
20/06/2001,112.5
19/06/2001,112.3
18/06/2001,112.5
15/06/2001,111.1
14/06/2001,111
13/06/2001,112.1
12/06/2001,112.8
11/06/2001,112.15
08/06/2001,112.6
07/06/2001,112.6
06/06/2001,112.9
05/06/2001,112.8
04/06/2001,112.1
01/06/2001,112.1
31/05/2001,112.8
30/05/2001,114
29/05/2001,112.5
28/05/2001,114.5
25/05/2001,114.2
24/05/2001,111.9
23/05/2001,113
22/05/2001,115.2
21/05/2001,115.5
18/05/2001,110.75
17/05/2001,113.4
16/05/2001,113.4
15/05/2001,113.4
14/05/2001,113.4
11/05/2001,113.4
10/05/2001,113.7
09/05/2001,113.7
08/05/2001,115.9
07/05/2001,116.65
04/05/2001,119.5
03/05/2001,119.5
02/05/2001,119
01/05/2001,114.2
30/04/2001,114.2
27/04/2001,114.2
26/04/2001,114.2
25/04/2001,114.2
24/04/2001,114.2
23/04/2001,114.2
20/04/2001,126
19/04/2001,127.2
18/04/2001,114
17/04/2001,134
16/04/2001,134
13/04/2001,134
12/04/2001,116.5
11/04/2001,115.7
10/04/2001,113.5
09/04/2001,126.8
06/04/2001,124.5
05/04/2001,124
04/04/2001,124.5
03/04/2001,124.5
02/04/2001,124.5
30/03/2001,122
29/03/2001,119
28/03/2001,122.25
27/03/2001,122.25
26/03/2001,120
23/03/2001,122.45
22/03/2001,122
21/03/2001,122.45
20/03/2001,122.05
19/03/2001,117.5
16/03/2001,117.5
15/03/2001,117.5
14/03/2001,116.5
13/03/2001,116
12/03/2001,116
09/03/2001,115
08/03/2001,114.5
07/03/2001,113.5
06/03/2001,113.5
05/03/2001,113.5
02/03/2001,113.5
01/03/2001,114
28/02/2001,113
27/02/2001,113
26/02/2001,113.95
23/02/2001,113
22/02/2001,113
21/02/2001,114
20/02/2001,114
19/02/2001,116
16/02/2001,114
15/02/2001,113
14/02/2001,109.5
13/02/2001,109.5
12/02/2001,110
09/02/2001,110
08/02/2001,110
07/02/2001,110
06/02/2001,110
05/02/2001,110.5
02/02/2001,110.5
01/02/2001,110.5
31/01/2001,108.85
30/01/2001,109.6
29/01/2001,109.55
26/01/2001,110.75
25/01/2001,110.7
24/01/2001,110.6
23/01/2001,109.45
22/01/2001,110.75
19/01/2001,110.6
18/01/2001,109.35
17/01/2001,109.5
16/01/2001,109.45
15/01/2001,110.6
12/01/2001,109.2
11/01/2001,108.7
10/01/2001,110.5
09/01/2001,108.88
08/01/2001,108.73
05/01/2001,108.73
04/01/2001,108.43
03/01/2001,108.94
02/01/2001,108.88
29/12/2000,109.5
28/12/2000,110.05
27/12/2000,110.1
26/12/2000,110.1
25/12/2000,110.1
22/12/2000,110.1
21/12/2000,108.63
20/12/2000,110.05
19/12/2000,108
18/12/2000,108
15/12/2000,106
14/12/2000,103.5
13/12/2000,103.5
12/12/2000,103
11/12/2000,107
08/12/2000,114.35
07/12/2000,116.75
06/12/2000,116.5
05/12/2000,117.8
04/12/2000,115.75
01/12/2000,115.75
30/11/2000,115.75
29/11/2000,116.45
28/11/2000,117.35
27/11/2000,117
24/11/2000,115.1
23/11/2000,113.4
22/11/2000,112.25
21/11/2000,112.25
20/11/2000,111.9
17/11/2000,111.8
16/11/2000,111
15/11/2000,110.4
14/11/2000,110.4
13/11/2000,110.4
10/11/2000,110.2
09/11/2000,110.1
08/11/2000,110.3
07/11/2000,110
06/11/2000,110
03/11/2000,110
02/11/2000,108.5
01/11/2000,108.5
31/10/2000,109.1
30/10/2000,109.2
27/10/2000,110
26/10/2000,110.2
25/10/2000,107
24/10/2000,107
23/10/2000,107.2
20/10/2000,106.5
19/10/2000,108
18/10/2000,108
17/10/2000,108
16/10/2000,108
13/10/2000,108
12/10/2000,108
11/10/2000,108
10/10/2000,108
09/10/2000,107.6
06/10/2000,108
05/10/2000,108
04/10/2000,106
03/10/2000,106
02/10/2000,106
29/09/2000,108.2
28/09/2000,108.2
27/09/2000,108.2
26/09/2000,107.7
25/09/2000,108
22/09/2000,107.7
21/09/2000,107.8
20/09/2000,105.5
19/09/2000,107.7
18/09/2000,105.45
15/09/2000,105.5
14/09/2000,104.5
13/09/2000,104.6
12/09/2000,104.2
11/09/2000,103
08/09/2000,104
07/09/2000,103.9
06/09/2000,104.4
05/09/2000,104.3
04/09/2000,103.4
01/09/2000,103.4
31/08/2000,103.1
30/08/2000,103.3
29/08/2000,103.6
28/08/2000,103.4
25/08/2000,103.35
24/08/2000,103
23/08/2000,103.1
22/08/2000,103
21/08/2000,103
18/08/2000,103.6
17/08/2000,103.8
16/08/2000,105.9
15/08/2000,105.8
14/08/2000,105
11/08/2000,104.5
10/08/2000,103.5
09/08/2000,103.9
08/08/2000,103
07/08/2000,103.3
04/08/2000,103.1
03/08/2000,102.85
02/08/2000,103.3
01/08/2000,104.7
31/07/2000,105
28/07/2000,105.5
27/07/2000,105
26/07/2000,103.9
25/07/2000,104.6
24/07/2000,106
21/07/2000,106.35
20/07/2000,106.8
19/07/2000,106.5
18/07/2000,106.5
17/07/2000,111.5
14/07/2000,113
13/07/2000,114.6
12/07/2000,113
11/07/2000,107.1
10/07/2000,105.7
07/07/2000,104.6
06/07/2000,104.5
05/07/2000,104.6
04/07/2000,104.75
03/07/2000,104.7
30/06/2000,104.75
29/06/2000,104.9
28/06/2000,104.5
27/06/2000,102.3
26/06/2000,104.35
23/06/2000,103.45
22/06/2000,103.45
21/06/2000,103
20/06/2000,103.3
19/06/2000,103.3
16/06/2000,103.2
15/06/2000,103
14/06/2000,102.9
13/06/2000,102.9
12/06/2000,102.8
09/06/2000,102.8
08/06/2000,102.8
07/06/2000,102.8
06/06/2000,102.4
05/06/2000,102.15
02/06/2000,102.25
01/06/2000,101.75
31/05/2000,101.75
30/05/2000,102
29/05/2000,102.4
26/05/2000,102.25
25/05/2000,102.3
24/05/2000,102.3
23/05/2000,102.4
22/05/2000,102
19/05/2000,100.5
18/05/2000,100.5
17/05/2000,100.5
16/05/2000,100.5
15/05/2000,100.9
12/05/2000,101.5
11/05/2000,100.8
10/05/2000,100.1
09/05/2000,100.6
08/05/2000,100.4
05/05/2000,100.1
04/05/2000,100.6
03/05/2000,100.5
02/05/2000,100.1
01/05/2000,100.5
28/04/2000,100.5
27/04/2000,100.1
26/04/2000,100.8
25/04/2000,100.1
24/04/2000,100.8
21/04/2000,100.8
20/04/2000,100.8
19/04/2000,100.1
18/04/2000,100.9
17/04/2000,100.93
14/04/2000,100.93
13/04/2000,100.7
12/04/2000,100.8
11/04/2000,100.5
10/04/2000,100.8
07/04/2000,100.9
06/04/2000,101
05/04/2000,100.2
04/04/2000,100.3
03/04/2000,101
31/03/2000,101.3
30/03/2000,101.1
29/03/2000,101.2
28/03/2000,101.5
27/03/2000,101.5
24/03/2000,101.3
23/03/2000,101.8
22/03/2000,102
21/03/2000,101.2
20/03/2000,101.2
17/03/2000,100.85
16/03/2000,101
15/03/2000,101
14/03/2000,101
13/03/2000,100.8
10/03/2000,101
09/03/2000,101
08/03/2000,100.6
07/03/2000,101.2
06/03/2000,100.5
03/03/2000,101.2
02/03/2000,101.7
01/03/2000,102
29/02/2000,101.6
28/02/2000,100
25/02/2000,99.9
24/02/2000,101.7
23/02/2000,99.9
22/02/2000,99.7
21/02/2000,99.7
18/02/2000,101.5
17/02/2000,101.7
16/02/2000,99.7
15/02/2000,99.7
14/02/2000,101.5
11/02/2000,101.5
10/02/2000,101.5
09/02/2000,100.95
08/02/2000,100.8
07/02/2000,100
04/02/2000,100
03/02/2000,99.7
02/02/2000,100.1
01/02/2000,99
31/01/2000,99.1
28/01/2000,99.1
27/01/2000,98.9
26/01/2000,99
25/01/2000,98.5
24/01/2000,98.6
21/01/2000,98.6
20/01/2000,98.5
19/01/2000,98.6
18/01/2000,98.2
17/01/2000,98
14/01/2000,98.4
13/01/2000,98.2
12/01/2000,98.8
11/01/2000,98.7
10/01/2000,99.8
07/01/2000,99.8
06/01/2000,99.8
05/01/2000,99.8
04/01/2000,99.5
03/01/2000,99.5
31/12/1999,99.4
30/12/1999,99.3
29/12/1999,98.8
28/12/1999,97.8
27/12/1999,97.8
24/12/1999,97.7
23/12/1999,97.5
22/12/1999,97.5
21/12/1999,97.45
20/12/1999,97.45
17/12/1999,97.83
16/12/1999,97.7
15/12/1999,97.3
14/12/1999,97.2
13/12/1999,97.4
10/12/1999,97.1
09/12/1999,96.85
08/12/1999,97.15
07/12/1999,97.2
06/12/1999,97
03/12/1999,97.2
02/12/1999,96.9
01/12/1999,96.9
30/11/1999,96.8
29/11/1999,97
26/11/1999,97.4
25/11/1999,97.2
24/11/1999,97.1
23/11/1999,96.5
22/11/1999,96.2
19/11/1999,96.7
18/11/1999,96.2
17/11/1999,96.2
16/11/1999,96.1
15/11/1999,96.2
12/11/1999,96.7
11/11/1999,96.8
10/11/1999,95.71
09/11/1999,95.7
08/11/1999,95.5
05/11/1999,95.7
04/11/1999,95.09
03/11/1999,95.06
02/11/1999,94.9
01/11/1999,95.1
29/10/1999,95.25
28/10/1999,94.82
27/10/1999,94.5
26/10/1999,94.66
25/10/1999,95.01
22/10/1999,95
21/10/1999,95.4
20/10/1999,95.49
19/10/1999,95.43
18/10/1999,96
15/10/1999,95.51
14/10/1999,95.17
13/10/1999,94.67
12/10/1999,94.5
11/10/1999,94.69
08/10/1999,94.54
07/10/1999,94.94
06/10/1999,95
05/10/1999,94.93
04/10/1999,94.9
01/10/1999,94.8
30/09/1999,94.8
29/09/1999,94.82
28/09/1999,94.77
27/09/1999,95
24/09/1999,94
23/09/1999,94.12
22/09/1999,93.78
21/09/1999,93.5
20/09/1999,94.35
17/09/1999,94.77
16/09/1999,94.77
15/09/1999,95
14/09/1999,95.5
13/09/1999,95.82
10/09/1999,95.62
09/09/1999,96.52
08/09/1999,96.54
07/09/1999,97
06/09/1999,97
03/09/1999,97.5
02/09/1999,97.89
01/09/1999,97.97
31/08/1999,97.99
30/08/1999,98.2
27/08/1999,98.39
26/08/1999,97.96
25/08/1999,97.98
24/08/1999,97.77
23/08/1999,96.38
20/08/1999,97.83
19/08/1999,97.46
18/08/1999,97.38
17/08/1999,98.5
16/08/1999,98
13/08/1999,97.94
12/08/1999,98.5
11/08/1999,98.6
10/08/1999,99.3
09/08/1999,99.07
06/08/1999,100.16
05/08/1999,99.68
04/08/1999,100
03/08/1999,100.18
02/08/1999,99.7
30/07/1999,99.4
29/07/1999,99.6
28/07/1999,99.82
27/07/1999,100.34
26/07/1999,100.66
23/07/1999,101.44
22/07/1999,100.7
20/07/1999,101.11
19/07/1999,101.2
16/07/1999,101.35
15/07/1999,101.35
14/07/1999,101.23
13/07/1999,101.2
12/07/1999,101.33
09/07/1999,101.55
08/07/1999,101.3
07/07/1999,101.3
06/07/1999,101.22
05/07/1999,101.61
02/07/1999,101.44
01/07/1999,101.01
30/06/1999,99.53
29/06/1999,100.04
28/06/1999,100.68
25/06/1999,101.21
24/06/1999,100.5
23/06/1999,100.5
22/06/1999,98.81
21/06/1999,98.53
18/06/1999,98.45
17/06/1999,98.28
16/06/1999,98.09
15/06/1999,96.29
14/06/1999,97.2
11/06/1999,97.35
10/06/1999,97.57
09/06/1999,98.33
08/06/1999,98.13
07/06/1999,98.5
04/06/1999,97.62
03/06/1999,98
02/06/1999,97.46
01/06/1999,98.43
31/05/1999,96.39
28/05/1999,99.19
27/05/1999,98.69
26/05/1999,98.69
25/05/1999,100.5
24/05/1999,105.82
21/05/1999,105.32
20/05/1999,106.7
19/05/1999,106.8
18/05/1999,105.82
17/05/1999,105.3
14/05/1999,105.88
13/05/1999,101.92
12/05/1999,101.92
11/05/1999,100.17
10/05/1999,99.47
07/05/1999,98.5
06/05/1999,96.53
05/05/1999,95.72
04/05/1999,93.7
03/05/1999,94.08
30/04/1999,94.02
29/04/1999,93.2
28/04/1999,94.06
27/04/1999,94.09
26/04/1999,93.78
23/04/1999,93.8
22/04/1999,93.34
21/04/1999,93.08
20/04/1999,93.41
19/04/1999,92.92
16/04/1999,92.88
15/04/1999,92.4
14/04/1999,92.5
13/04/1999,92.22
12/04/1999,92.12
09/04/1999,91.5
08/04/1999,92.3
07/04/1999,92.3
06/04/1999,92.3
05/04/1999,91.2
02/04/1999,91.2
01/04/1999,92.48
31/03/1999,93.17
30/03/1999,93.17
29/03/1999,92.5
26/03/1999,91.14
25/03/1999,91.14
24/03/1999,88.34
23/03/1999,88.34
22/03/1999,88.34
19/03/1999,88.64
18/03/1999,87.53
17/03/1999,86.74
16/03/1999,86.76
15/03/1999,86.81
12/03/1999,87.5
11/03/1999,87.5
10/03/1999,87.3
09/03/1999,87.3
08/03/1999,87.6
05/03/1999,87.8
04/03/1999,87.5
03/03/1999,86.6
02/03/1999,87.3
01/03/1999,86.8
26/02/1999,86.5
25/02/1999,92
24/02/1999,87.2
23/02/1999,87.2
22/02/1999,87.2
19/02/1999,87.5
18/02/1999,87
17/02/1999,92
16/02/1999,87.8
15/02/1999,87.7
12/02/1999,86.7
11/02/1999,92
10/02/1999,91
09/02/1999,86.9
08/02/1999,91
05/02/1999,86.6
04/02/1999,86.7
03/02/1999,90
02/02/1999,86.5
01/02/1999,94.3
29/01/1999,87.3
28/01/1999,94.5
27/01/1999,86.5
26/01/1999,94.5
25/01/1999,85.5
22/01/1999,94
21/01/1999,95
20/01/1999,90.5
19/01/1999,95
18/01/1999,95
15/01/1999,90.9
14/01/1999,94.5
13/01/1999,92
12/01/1999,94.5
11/01/1999,92
08/01/1999,96.75
07/01/1999,91
06/01/1999,92
05/01/1999,90.8
04/01/1999,90
31/12/1998,91.5
30/12/1998,92.5
29/12/1998,88
28/12/1998,88.6
25/12/1998,91.5
24/12/1998,91.5
23/12/1998,91
22/12/1998,89.5
21/12/1998,88
18/12/1998,87
17/12/1998,85
16/12/1998,88
15/12/1998,88.5
14/12/1998,88
11/12/1998,85.9
10/12/1998,85.6
09/12/1998,88.5
08/12/1998,85.4
07/12/1998,85.4
04/12/1998,85.7
03/12/1998,88.5
02/12/1998,89
01/12/1998,89.5
30/11/1998,90.2
27/11/1998,90
26/11/1998,89
25/11/1998,89
24/11/1998,90
23/11/1998,90
20/11/1998,90
19/11/1998,90
18/11/1998,90
17/11/1998,89
16/11/1998,89
13/11/1998,89
12/11/1998,85.8
11/11/1998,90
10/11/1998,89
09/11/1998,86
06/11/1998,89
05/11/1998,89
04/11/1998,89
03/11/1998,89
02/11/1998,89
30/10/1998,89
29/10/1998,90
28/10/1998,91
27/10/1998,86.5
26/10/1998,91
23/10/1998,91.5
22/10/1998,91.8
21/10/1998,91.8
20/10/1998,91.6
19/10/1998,91.5
16/10/1998,91.8
15/10/1998,91.5
14/10/1998,91
13/10/1998,91
12/10/1998,90.7
09/10/1998,90.8
08/10/1998,90.5
07/10/1998,90
06/10/1998,86
05/10/1998,89
02/10/1998,86
01/10/1998,89.5
30/09/1998,89.5
29/09/1998,85.9
28/09/1998,90
25/09/1998,90
24/09/1998,90
23/09/1998,86
22/09/1998,90
21/09/1998,90
18/09/1998,88
17/09/1998,88
16/09/1998,87.5
15/09/1998,94
14/09/1998,88
11/09/1998,88
10/09/1998,91.3
09/09/1998,91.5
08/09/1998,93.3
07/09/1998,92.8
04/09/1998,91
03/09/1998,90.12
02/09/1998,89.5
01/09/1998,89.3
31/08/1998,89.26
28/08/1998,88.94
27/08/1998,88.68
26/08/1998,88.54
25/08/1998,87.6
24/08/1998,87.24
21/08/1998,86.62
20/08/1998,86.3
19/08/1998,86.34
18/08/1998,86.24
17/08/1998,86.08
14/08/1998,86.18
13/08/1998,86.32
12/08/1998,86.19
11/08/1998,86.23
10/08/1998,86.23
07/08/1998,86.6
06/08/1998,86.1
05/08/1998,85.4
04/08/1998,85.68
03/08/1998,85.4
31/07/1998,85.7
30/07/1998,85.74
29/07/1998,85.64
28/07/1998,85.58
27/07/1998,85.64
24/07/1998,85.7
23/07/1998,85.48
22/07/1998,85.48
21/07/1998,85.5
20/07/1998,85.38
17/07/1998,85.22
16/07/1998,85.66
15/07/1998,85.48
14/07/1998,85.98
13/07/1998,85.8
10/07/1998,85.76
09/07/1998,85.22
08/07/1998,85.32
07/07/1998,85.2
06/07/1998,85.4
03/07/1998,85.4
02/07/1998,85.34
01/07/1998,85.34
30/06/1998,85.94
29/06/1998,85.94
26/06/1998,86.16
25/06/1998,86.14
24/06/1998,85.88
23/06/1998,85.86
22/06/1998,85.98
19/06/1998,86
18/06/1998,85.94
17/06/1998,85.56
16/06/1998,85.56
15/06/1998,86
12/06/1998,87.42
11/06/1998,88.32
10/06/1998,89.4
09/06/1998,90.5
08/06/1998,90.7
05/06/1998,90.4
04/06/1998,89.82
03/06/1998,89.82
02/06/1998,89.82
01/06/1998,92
29/05/1998,88.96
28/05/1998,88.68
27/05/1998,88.34
26/05/1998,87.56
25/05/1998,87.46
22/05/1998,87.12
21/05/1998,87.5
20/05/1998,86.42
19/05/1998,86.58
18/05/1998,86.8
15/05/1998,87.3
14/05/1998,85.64
13/05/1998,85.58
12/05/1998,85.58
11/05/1998,85.42
08/05/1998,85.8
07/05/1998,85.72
06/05/1998,85.18
05/05/1998,85
04/05/1998,85.06
30/04/1998,84.76
29/04/1998,84.9
28/04/1998,84.88
27/04/1998,84.66
24/04/1998,84.64
23/04/1998,84.6
22/04/1998,84.68
21/04/1998,84.58
20/04/1998,84.58
17/04/1998,84.44
16/04/1998,84.54
15/04/1998,84.56
14/04/1998,84.6
13/04/1998,84.44
10/04/1998,84.44
09/04/1998,84.44
08/04/1998,84.66
07/04/1998,84.66
06/04/1998,84.66
03/04/1998,85.5
02/04/1998,84.7
01/04/1998,84.46
31/03/1998,85.4
30/03/1998,84.58
27/03/1998,84.7
26/03/1998,85
25/03/1998,84.45
24/03/1998,84
23/03/1998,84.5
20/03/1998,84.3
19/03/1998,84.3
18/03/1998,84
17/03/1998,84.14
16/03/1998,84.6
13/03/1998,84.5
12/03/1998,84.1
11/03/1998,84.1
10/03/1998,84
09/03/1998,84.14
06/03/1998,84.16
05/03/1998,84.16
04/03/1998,84.2
03/03/1998,84.4
02/03/1998,84.4
27/02/1998,84.4
26/02/1998,83.96
25/02/1998,83.867
24/02/1998,83.94
23/02/1998,83.84
20/02/1998,83.84
19/02/1998,83.73
18/02/1998,83.78
17/02/1998,83.5
16/02/1998,83.4
13/02/1998,83.68
12/02/1998,83.5
11/02/1998,83.4
10/02/1998,82.9
09/02/1998,82.3
06/02/1998,82.3
05/02/1998,82.04
04/02/1998,81.88
03/02/1998,81.48
02/02/1998,84
30/01/1998,80.76
29/01/1998,80.74
28/01/1998,80.74
27/01/1998,80.74
26/01/1998,80.5
23/01/1998,81.05
22/01/1998,80.266
21/01/1998,80.46
20/01/1998,75.61
19/01/1998,75.61
16/01/1998,75.58
15/01/1998,75
14/01/1998,75.22
13/01/1998,75.18
12/01/1998,75.12
09/01/1998,75.5
08/01/1998,74.77
07/01/1998,74.75
06/01/1998,75.385
05/01/1998,75.5
02/01/1998,75.67
31/12/1997,75.205
30/12/1997,74.785
29/12/1997,74.499
26/12/1997,74.425
25/12/1997,74.8
24/12/1997,74.8
23/12/1997,74.71
22/12/1997,75.02
19/12/1997,75.5
18/12/1997,75.37
17/12/1997,75.44
16/12/1997,75.7
15/12/1997,75.88
12/12/1997,75.72
11/12/1997,75.85
10/12/1997,76
09/12/1997,76.78
08/12/1997,77
05/12/1997,77.12
04/12/1997,77.2
03/12/1997,77.14
02/12/1997,77.7
01/12/1997,78
28/11/1997,77.9
27/11/1997,78.16
26/11/1997,77.88
25/11/1997,77.1
24/11/1997,78.04
21/11/1997,78.32
20/11/1997,78.4
19/11/1997,78.22
18/11/1997,79.26
17/11/1997,79.56
14/11/1997,79.53
13/11/1997,79.55
12/11/1997,79.55
11/11/1997,79.53
10/11/1997,79.54
07/11/1997,80.02
06/11/1997,79.64
05/11/1997,79.64
04/11/1997,81.71
03/11/1997,81.71
31/10/1997,81.61
30/10/1997,81.61
29/10/1997,81.61
28/10/1997,81.63
27/10/1997,81.54
24/10/1997,81.93
23/10/1997,81.61
22/10/1997,81.63
21/10/1997,81.6
20/10/1997,81.57
17/10/1997,81.57
16/10/1997,81.53
15/10/1997,81.55
14/10/1997,81.48
13/10/1997,81.5
10/10/1997,81.49
09/10/1997,81.46
08/10/1997,81.48
07/10/1997,81.5
06/10/1997,81.52
03/10/1997,82
02/10/1997,81.6
01/10/1997,81.53
30/09/1997,81.53
29/09/1997,81.59
26/09/1997,81.68
25/09/1997,81.48
24/09/1997,81.4
23/09/1997,81.2
22/09/1997,81.2
19/09/1997,81.2
18/09/1997,81.35
17/09/1997,81.3
16/09/1997,81.16
15/09/1997,81.1
12/09/1997,81.2
11/09/1997,81.2
10/09/1997,81.25
09/09/1997,81.49
08/09/1997,81.24
05/09/1997,81.79
04/09/1997,81.57
03/09/1997,81.574
02/09/1997,81.5
01/09/1997,81.5
29/08/1997,80.15
28/08/1997,81.38
27/08/1997,81.4
26/08/1997,81.38
25/08/1997,81.42
22/08/1997,81.38
21/08/1997,81.36
20/08/1997,81.32
19/08/1997,81.34
18/08/1997,81.36
15/08/1997,81.85
14/08/1997,81.44
13/08/1997,81.56
12/08/1997,82.12
11/08/1997,82.2
08/08/1997,82.26
07/08/1997,82.8
06/08/1997,82.4
05/08/1997,82.4
04/08/1997,82.26
01/08/1997,82.48
31/07/1997,82.3
30/07/1997,82.34
29/07/1997,82.46
28/07/1997,82.48
25/07/1997,82.48
24/07/1997,82.56
23/07/1997,82.56
22/07/1997,82.54
21/07/1997,82.74
18/07/1997,82.76
17/07/1997,83
16/07/1997,83.06
15/07/1997,83.06
14/07/1997,83.2
11/07/1997,83.3
10/07/1997,83.5
09/07/1997,83.9
08/07/1997,83.9
07/07/1997,83.8
04/07/1997,83.8
03/07/1997,83.88
02/07/1997,84.2
01/07/1997,84.38
30/06/1997,84.34
27/06/1997,84.32
26/06/1997,84.38
25/06/1997,84.38
24/06/1997,84.38
23/06/1997,84.38
20/06/1997,84.4
19/06/1997,84.4
18/06/1997,84.38
17/06/1997,84.38
16/06/1997,84.42
13/06/1997,84.44
12/06/1997,84.38
11/06/1997,84.9
10/06/1997,84.56
09/06/1997,84.52
06/06/1997,84.52
05/06/1997,84.48
04/06/1997,84.42
03/06/1997,85
02/06/1997,84.34
30/05/1997,84.52
29/05/1997,84.54
28/05/1997,84.56
27/05/1997,84.48
26/05/1997,84.8
23/05/1997,84.96
22/05/1997,84.55
21/05/1997,85
20/05/1997,84.55
19/05/1997,85.2
16/05/1997,84.48
15/05/1997,84.46
14/05/1997,84.46
13/05/1997,84.46
12/05/1997,84.48
09/05/1997,84.48
08/05/1997,84.8
07/05/1997,84.48
06/05/1997,84.48
05/05/1997,84.44
02/05/1997,85.05
01/05/1997,84.8
30/04/1997,84.8
29/04/1997,84.5
28/04/1997,84.72
25/04/1997,84.72
24/04/1997,84.72
23/04/1997,84.72
22/04/1997,84.72
21/04/1997,84.66
18/04/1997,84.66
17/04/1997,84.66
16/04/1997,84.66
15/04/1997,84.66
14/04/1997,84.66
11/04/1997,84.66
10/04/1997,84.95
09/04/1997,84.95
08/04/1997,84.95
07/04/1997,84.95
04/04/1997,84.95
03/04/1997,84.95
02/04/1997,84.95
01/04/1997,84.95
31/03/1997,84.95
28/03/1997,85.15
27/03/1997,85.15
26/03/1997,84.24
25/03/1997,84.8
24/03/1997,84.24
21/03/1997,84.2
20/03/1997,84.092
19/03/1997,84.092
18/03/1997,84.092
17/03/1997,84.092
14/03/1997,85
13/03/1997,84.1
12/03/1997,79.36
11/03/1997,79.24
10/03/1997,79.24
07/03/1997,79.8
06/03/1997,79.24
05/03/1997,79.24
04/03/1997,79.5
03/03/1997,79.34
28/02/1997,79.3
27/02/1997,79.34
26/02/1997,79.34
25/02/1997,79.34
24/02/1997,79.44
21/02/1997,79.44
20/02/1997,79.44
19/02/1997,80
18/02/1997,79.68
17/02/1997,79.64
14/02/1997,79.62
13/02/1997,79.62
12/02/1997,79.8
11/02/1997,79.68
10/02/1997,79.8
07/02/1997,79.8
06/02/1997,79.8
05/02/1997,79.54
04/02/1997,79.54
03/02/1997,79.54
31/01/1997,79.6
30/01/1997,79.54
29/01/1997,79.74
28/01/1997,79.7
27/01/1997,79.34
24/01/1997,79.08
23/01/1997,79
22/01/1997,79.28
21/01/1997,78.5
20/01/1997,77.7
17/01/1997,77.5
16/01/1997,77.2
15/01/1997,77.14
14/01/1997,76.94
13/01/1997,76.6
10/01/1997,76.24
09/01/1997,75
08/01/1997,75.16
07/01/1997,74.3
06/01/1997,75.76
03/01/1997,73.1
02/01/1997,75.5
31/12/1996,74.36
30/12/1996,77.76
27/12/1996,78
26/12/1996,78.22
25/12/1996,78.22
24/12/1996,78.22
23/12/1996,78.52
20/12/1996,79.22
19/12/1996,79.242
18/12/1996,79.322
17/12/1996,79.302
16/12/1996,79.242
13/12/1996,79.422
12/12/1996,79.422
11/12/1996,79.342
10/12/1996,79.322
09/12/1996,79.282
06/12/1996,79.362
05/12/1996,79.402
04/12/1996,79.322
03/12/1996,79.422
02/12/1996,79.242
29/11/1996,79.442
28/11/1996,79.382
27/11/1996,79.382
26/11/1996,79.382
25/11/1996,79.5
22/11/1996,79.422
21/11/1996,79.482
20/11/1996,79.402
19/11/1996,79.8
18/11/1996,79.482
15/11/1996,79.8
14/11/1996,79.502
13/11/1996,79.522
12/11/1996,79.462
11/11/1996,79.522
08/11/1996,79.6
07/11/1996,79.8
06/11/1996,79.532
05/11/1996,79.532
04/11/1996,79.4
01/11/1996,79.25
31/10/1996,79.562
30/10/1996,79.362
29/10/1996,79.522
28/10/1996,79.9
25/10/1996,79.15
24/10/1996,79.7
23/10/1996,79.4
22/10/1996,79.522
21/10/1996,79.522
18/10/1996,79.492
17/10/1996,79.442
16/10/1996,79.462
15/10/1996,79.522
14/10/1996,79.502
11/10/1996,79.262
10/10/1996,79.482
09/10/1996,79.422
08/10/1996,79.442
07/10/1996,79.442
04/10/1996,79.442
03/10/1996,79.442
02/10/1996,79.402
01/10/1996,79.542
30/09/1996,79.542
27/09/1996,79.582
26/09/1996,79.482
25/09/1996,79.462
24/09/1996,79.472
23/09/1996,79.582
20/09/1996,79.502
19/09/1996,79.482
18/09/1996,79.222
17/09/1996,79.482
16/09/1996,79.282
13/09/1996,79.95
12/09/1996,79.9
11/09/1996,79.8
10/09/1996,79.25
09/09/1996,79.25
06/09/1996,79.25
05/09/1996,79.6
04/09/1996,79.8
03/09/1996,79.222
02/09/1996,79.222
30/08/1996,79.222
29/08/1996,79.222
28/08/1996,79.222
27/08/1996,79.222
26/08/1996,79.182
23/08/1996,79.202
22/08/1996,79.26
21/08/1996,79.38
20/08/1996,79.3
19/08/1996,79.3
16/08/1996,79.3
15/08/1996,79.5
14/08/1996,79.46
13/08/1996,79.36
12/08/1996,79.44
09/08/1996,79.5
08/08/1996,79.54
07/08/1996,79.5
06/08/1996,80.238
05/08/1996,80.595
02/08/1996,80.595
01/08/1996,80.3
31/07/1996,80.19
30/07/1996,80.258
29/07/1996,80.118
26/07/1996,80.118
25/07/1996,80.178
24/07/1996,80.138
23/07/1996,80.158
22/07/1996,80.158
19/07/1996,80.22
18/07/1996,80.238
17/07/1996,80.118
16/07/1996,80.2
15/07/1996,80.078
12/07/1996,80.158
11/07/1996,80.28
10/07/1996,80.2
09/07/1996,80.24
08/07/1996,80.26
05/07/1996,80.36
04/07/1996,80.26
03/07/1996,80.14
02/07/1996,80.26
01/07/1996,80.24
28/06/1996,80.1
27/06/1996,80.26
26/06/1996,80.26
25/06/1996,80.34
24/06/1996,80.5
21/06/1996,80.5
20/06/1996,80.24
19/06/1996,80.14
18/06/1996,80.34
17/06/1996,81.62
14/06/1996,81.62
13/06/1996,81.38
12/06/1996,81.36
11/06/1996,81.36
10/06/1996,81.4
07/06/1996,81.4
06/06/1996,81.34
05/06/1996,81.38
04/06/1996,81.66
03/06/1996,81.66
31/05/1996,81.76
30/05/1996,81.87
29/05/1996,81.87
28/05/1996,81.95
27/05/1996,82.5
24/05/1996,81.98
23/05/1996,82.1
22/05/1996,81.98
21/05/1996,82.1
20/05/1996,82.24
17/05/1996,82.35
16/05/1996,82
15/05/1996,82.2
14/05/1996,83
13/05/1996,82.36
10/05/1996,82.22
09/05/1996,82.39
08/05/1996,82.336
07/05/1996,82.5
06/05/1996,82.7
03/05/1996,82.7
02/05/1996,82.55
01/05/1996,82.7
30/04/1996,82.7
29/04/1996,82.75
26/04/1996,82.75
25/04/1996,82.91
24/04/1996,82.91
23/04/1996,83.36
22/04/1996,83.36
19/04/1996,83.36
18/04/1996,83.36
17/04/1996,83.36
16/04/1996,83.37
15/04/1996,82.5
12/04/1996,83.25
11/04/1996,83.14
10/04/1996,83.14
04/04/1996,83.15
03/04/1996,83.15
02/04/1996,83
01/04/1996,82.89
29/03/1996,82.85
28/03/1996,82.85
27/03/1996,83.091
26/03/1996,83.091
25/03/1996,83.09
22/03/1996,83.25
21/03/1996,83.05
20/03/1996,83.19
19/03/1996,83.19
18/03/1996,83.31
15/03/1996,83.8
14/03/1996,83.39
13/03/1996,83.41
12/03/1996,83.21
11/03/1996,82.86
08/03/1996,82
07/03/1996,82.84
06/03/1996,82.8
05/03/1996,83.3
04/03/1996,83.5
01/03/1996,83
29/02/1996,82
28/02/1996,81.5
27/02/1996,81
26/02/1996,83
23/02/1996,82
22/02/1996,84
21/02/1996,83
20/02/1996,82.5
16/02/1996,82.5
15/02/1996,83.75
14/02/1996,84
13/02/1996,84
12/02/1996,84
09/02/1996,84
08/02/1996,83.5
07/02/1996,83.5
06/02/1996,84
02/02/1996,83
01/02/1996,83.5
31/01/1996,83.5
30/01/1996,84
29/01/1996,84.5
26/01/1996,84.5
25/01/1996,84.5
24/01/1996,84
23/01/1996,83
22/01/1996,83.8
19/01/1996,84
18/01/1996,83
17/01/1996,84
16/01/1996,83
15/01/1996,83.8
12/01/1996,83.5
11/01/1996,83.5
10/01/1996,83.5
09/01/1996,83.5
08/01/1996,82
05/01/1996,82
04/01/1996,82
03/01/1996,84
28/12/1995,83.5
27/12/1995,83
21/12/1995,83
20/12/1995,83
19/12/1995,83
18/12/1995,82
15/12/1995,82
14/12/1995,82
13/12/1995,83
12/12/1995,83
11/12/1995,83
08/12/1995,83
07/12/1995,83
06/12/1995,84
05/12/1995,84
04/12/1995,84.15
01/12/1995,84
30/11/1995,86
29/11/1995,85.5
28/11/1995,87
27/11/1995,85
24/11/1995,86
21/11/1995,86.5
20/11/1995,88
17/11/1995,88
16/11/1995,88.5
15/11/1995,88.5
13/11/1995,87.5
10/11/1995,86
09/11/1995,87
08/11/1995,87
07/11/1995,87
06/11/1995,87
03/11/1995,85.5
02/11/1995,87
01/11/1995,85
31/10/1995,86
30/10/1995,85.5
27/10/1995,85.5
26/10/1995,84.7
25/10/1995,84.7
24/10/1995,84.7
23/10/1995,84.8
20/10/1995,84.7
19/10/1995,84.8
18/10/1995,84.7
16/10/1995,84
13/10/1995,84.1
12/10/1995,84
11/10/1995,84
10/10/1995,82.5
09/10/1995,82.5
06/10/1995,84
05/10/1995,83
04/10/1995,84.4
03/10/1995,83.5
29/09/1995,83.2
28/09/1995,83.5
27/09/1995,83.5
26/09/1995,83
25/09/1995,83
22/09/1995,83.5
21/09/1995,83.5
20/09/1995,85
19/09/1995,84
18/09/1995,84.6
15/09/1995,84.4
14/09/1995,84.5
13/09/1995,84.6
12/09/1995,84.6
11/09/1995,84.8
08/09/1995,85
07/09/1995,85
06/09/1995,85.5
05/09/1995,85.5
04/09/1995,84.5
01/09/1995,84.8
31/08/1995,84.8
30/08/1995,84.6
29/08/1995,84.5
25/08/1995,85
24/08/1995,84.5
23/08/1995,84.4
22/08/1995,84.8
21/08/1995,84.3
18/08/1995,84.6
17/08/1995,84.2
16/08/1995,83
15/08/1995,84.1
14/08/1995,84.1
10/08/1995,83
09/08/1995,83.5
08/08/1995,84
07/08/1995,84
04/08/1995,83.8
03/08/1995,83.8
02/08/1995,83.8
01/08/1995,83.8
31/07/1995,83.5
28/07/1995,84.5
27/07/1995,84.3
26/07/1995,83
25/07/1995,83
21/07/1995,82.5
20/07/1995,82
19/07/1995,82
18/07/1995,83.5
17/07/1995,83.5
14/07/1995,82.5
13/07/1995,81.5
12/07/1995,82
11/07/1995,81.5